﻿[{"n_ActionID":12077418,"n_ActionCode":2048,"n_ActionCode2":0,"n_ActionCode3":0,"n_ActionSet":3,"n_ActionSort":1,"c_Action":"Geel","c_ActionShort":"G","n_PeriodSort":2,"c_Period":"Eerste helft","c_PeriodShort":"1H","n_ActionTime":1776000,"n_HomeGoals":2,"n_AwayGoals":0,"n_HomeOrAway":1,"n_TeamID":11,"c_Team":"PSV","c_TeamShort":"PSV","n_PersonID":857345,"c_Person":"Santiago Arias","c_PersonSort":"Arias, Santiago","c_PersonShort":"Arias","n_PersonNatioGeoID":2226,"c_PersonNatio":"Colombia","c_PersonNatioShort":"COL","n_TeamNatioGeoID":2201,"c_TeamNatio":"Nederland","c_TeamNatioShort":"NED","n_ActionReasonID":53,"c_ActionReason":"Vasthouden","c_ActionInfo":null,"n_SubPersonID":null,"c_SubPerson":null,"c_SubPersonShort":null,"c_ActionMinute":"30'"}]