﻿[{"n_ActionID":12144891,"n_ActionCode":2048,"n_ActionCode2":0,"n_ActionCode3":0,"n_ActionSet":3,"n_ActionSort":1,"c_Action":"Geel","c_ActionShort":"G","n_PeriodSort":2,"c_Period":"Eerste helft","c_PeriodShort":"1H","n_ActionTime":1399000,"n_HomeGoals":0,"n_AwayGoals":0,"n_HomeOrAway":-1,"n_TeamID":17,"c_Team":"Vitesse","c_TeamShort":"VIT","n_PersonID":429296,"c_Person":"Arnold Kruiswijk","c_PersonSort":"Kruiswijk, Arnold","c_PersonShort":"Kruiswijk","n_PersonNatioGeoID":2201,"c_PersonNatio":"Nederland","c_PersonNatioShort":"NED","n_TeamNatioGeoID":2201,"c_TeamNatio":"Nederland","c_TeamNatioShort":"NED","n_ActionReasonID":52,"c_ActionReason":"Ruw spel","c_ActionInfo":null,"n_SubPersonID":null,"c_SubPerson":null,"c_SubPersonShort":null,"c_ActionMinute":"24'"},{"n_ActionID":12144982,"n_ActionCode":2048,"n_ActionCode2":0,"n_ActionCode3":0,"n_ActionSet":3,"n_ActionSort":2,"c_Action":"Geel","c_ActionShort":"G","n_PeriodSort":2,"c_Period":"Eerste helft","c_PeriodShort":"1H","n_ActionTime":2003000,"n_HomeGoals":0,"n_AwayGoals":0,"n_HomeOrAway":1,"n_TeamID":11,"c_Team":"PSV","c_TeamShort":"PSV","n_PersonID":868287,"c_Person":"Adam Maher","c_PersonSort":"Maher, Adam","c_PersonShort":"Maher","n_PersonNatioGeoID":2201,"c_PersonNatio":"Nederland","c_PersonNatioShort":"NED","n_TeamNatioGeoID":2201,"c_TeamNatio":"Nederland","c_TeamNatioShort":"NED","n_ActionReasonID":52,"c_ActionReason":"Ruw spel","c_ActionInfo":null,"n_SubPersonID":null,"c_SubPerson":null,"c_SubPersonShort":null,"c_ActionMinute":"34'"},{"n_ActionID":12145581,"n_ActionCode":2048,"n_ActionCode2":0,"n_ActionCode3":0,"n_ActionSet":3,"n_ActionSort":3,"c_Action":"Geel","c_ActionShort":"G","n_PeriodSort":4,"c_Period":"Tweede helft","c_PeriodShort":"2H","n_ActionTime":4360000,"n_HomeGoals":1,"n_AwayGoals":0,"n_HomeOrAway":1,"n_TeamID":11,"c_Team":"PSV","c_TeamShort":"PSV","n_PersonID":603677,"c_Person":"Andrés Guardado","c_PersonSort":"Guardado, Andrés","c_PersonShort":"Guardado","n_PersonNatioGeoID":2228,"c_PersonNatio":"Mexico","c_PersonNatioShort":"MEX","n_TeamNatioGeoID":2201,"c_TeamNatio":"Nederland","c_TeamNatioShort":"NED","n_ActionReasonID":53,"c_ActionReason":"Vasthouden","c_ActionInfo":null,"n_SubPersonID":null,"c_SubPerson":null,"c_SubPersonShort":null,"c_ActionMinute":"73'"},{"n_ActionID":12145843,"n_ActionCode":2048,"n_ActionCode2":0,"n_ActionCode3":0,"n_ActionSet":3,"n_ActionSort":4,"c_Action":"Geel","c_ActionShort":"G","n_PeriodSort":4,"c_Period":"Tweede helft","c_PeriodShort":"2H","n_ActionTime":5064000,"n_HomeGoals":1,"n_AwayGoals":0,"n_HomeOrAway":1,"n_TeamID":11,"c_Team":"PSV","c_TeamShort":"PSV","n_PersonID":871971,"c_Person":"Oscar Hiljemark","c_PersonSort":"Hiljemark, Oscar","c_PersonShort":"Hiljemark","n_PersonNatioGeoID":2222,"c_PersonNatio":"Zweden","c_PersonNatioShort":"ZWE","n_TeamNatioGeoID":2201,"c_TeamNatio":"Nederland","c_TeamNatioShort":"NED","n_ActionReasonID":49,"c_ActionReason":"Tackle","c_ActionInfo":null,"n_SubPersonID":null,"c_SubPerson":null,"c_SubPersonShort":null,"c_ActionMinute":"85'"},{"n_ActionID":12145864,"n_ActionCode":2048,"n_ActionCode2":0,"n_ActionCode3":0,"n_ActionSet":3,"n_ActionSort":5,"c_Action":"Geel","c_ActionShort":"G","n_PeriodSort":4,"c_Period":"Tweede helft","c_PeriodShort":"2H","n_ActionTime":5132000,"n_HomeGoals":1,"n_AwayGoals":0,"n_HomeOrAway":-1,"n_TeamID":17,"c_Team":"Vitesse","c_TeamShort":"VIT","n_PersonID":751358,"c_Person":"Guram Kashia","c_PersonSort":"Kashia, Guram","c_PersonShort":"Kashia","n_PersonNatioGeoID":2239,"c_PersonNatio":"Georgië","c_PersonNatioShort":"GEO","n_TeamNatioGeoID":2201,"c_TeamNatio":"Nederland","c_TeamNatioShort":"NED","n_ActionReasonID":52,"c_ActionReason":"Ruw spel","c_ActionInfo":null,"n_SubPersonID":null,"c_SubPerson":null,"c_SubPersonShort":null,"c_ActionMinute":"86'"}]