﻿[{"n_CompetitionID":2,"n_CompetitionLevel":1,"c_Competition":"Eredivisie","c_CompetitionShort":"Ere","n_CompetitionNatioGeoID":2201,"c_CompetitionNatio":"Netherlands","c_CompetitionNatioShort":"NED","n_EditionID":20864,"c_Season":"2013\/2014","n_MatchID":1787137,"d_Date":"\/Date(1375548300000+0200)\/","d_DateLocal":"\/Date(1375548300000+0200)\/","d_DateUTC":"\/Date(1375541100000+0200)\/","n_RoundNr":1,"n_PhaseID":104155,"n_PhaseLevel":1,"c_Phase":"Regular","c_PhaseShort":null,"n_HomeTeamID":77,"c_HomeTeam":"ADO Den Haag","c_HomeTeamShort":"ADO","n_HomeTeamNatioGeoID":2201,"c_HomeTeamNatio":"Netherlands","c_HomeTeamNatioShort":"NED","n_AwayTeamID":11,"c_AwayTeam":"PSV","c_AwayTeamShort":"PSV","n_AwayTeamNatioGeoID":2201,"c_AwayTeamNatio":"Netherlands","c_AwayTeamNatioShort":"NED","n_StadiumGeoID":40133,"c_Stadium":"Kyocera Stadium","n_CityGeoID":4519,"c_City":"The Hague","n_CountryGeoID":2201,"c_Country":"Netherlands","c_CountryShort":"NED","c_Score":"2-3 (1-3) ","c_ScoreSuffix":null,"n_HomeGoals":2,"n_AwayGoals":3,"n_HomeGoalsHalftime":1,"n_AwayGoalsHalftime":3,"n_HomeGoals90mins":null,"n_AwayGoals90mins":null,"n_HomeGoals105mins":null,"n_AwayGoals105mins":null,"n_HomeGoalsShootout":null,"n_AwayGoalsShootout":null,"n_MatchStatusCode":128,"c_MatchStatus":"Full time","c_MatchStatusShort":"FT","n_RefereeID":294928,"c_Referee":"Bas Nijhuis","n_RefereeNatioGeoID":2201,"c_RefereeNatio":"Netherlands","c_RefereeNatioShort":"NED","n_Spectators":13120,"n_KnockoutPhaseID":null,"n_Leg":null,"c_ScoreFirstLeg":null,"n_WinnerOnAggregateTeamID":null},{"n_CompetitionID":2,"n_CompetitionLevel":1,"c_Competition":"Eredivisie","c_CompetitionShort":"Ere","n_CompetitionNatioGeoID":2201,"c_CompetitionNatio":"Netherlands","c_CompetitionNatioShort":"NED","n_EditionID":19832,"c_Season":"2012\/2013","n_MatchID":1697240,"d_Date":"\/Date(1353174300000+0100)\/","d_DateLocal":"\/Date(1353174300000+0100)\/","d_DateUTC":"\/Date(1353170700000+0100)\/","n_RoundNr":13,"n_PhaseID":97873,"n_PhaseLevel":1,"c_Phase":"Regular","c_PhaseShort":null,"n_HomeTeamID":77,"c_HomeTeam":"ADO Den Haag","c_HomeTeamShort":"ADO","n_HomeTeamNatioGeoID":2201,"c_HomeTeamNatio":"Netherlands","c_HomeTeamNatioShort":"NED","n_AwayTeamID":11,"c_AwayTeam":"PSV","c_AwayTeamShort":"PSV","n_AwayTeamNatioGeoID":2201,"c_AwayTeamNatio":"Netherlands","c_AwayTeamNatioShort":"NED","n_StadiumGeoID":40133,"c_Stadium":"Kyocera Stadion","n_CityGeoID":4519,"c_City":"The Hague","n_CountryGeoID":2201,"c_Country":"Netherlands","c_CountryShort":"NED","c_Score":"1-6 (0-3) ","c_ScoreSuffix":null,"n_HomeGoals":1,"n_AwayGoals":6,"n_HomeGoalsHalftime":0,"n_AwayGoalsHalftime":3,"n_HomeGoals90mins":null,"n_AwayGoals90mins":null,"n_HomeGoals105mins":null,"n_AwayGoals105mins":null,"n_HomeGoalsShootout":null,"n_AwayGoalsShootout":null,"n_MatchStatusCode":128,"c_MatchStatus":"Full time","c_MatchStatusShort":"FT","n_RefereeID":235711,"c_Referee":"Richard Liesveld","n_RefereeNatioGeoID":2201,"c_RefereeNatio":"Netherlands","c_RefereeNatioShort":"NED","n_Spectators":10129,"n_KnockoutPhaseID":null,"n_Leg":null,"c_ScoreFirstLeg":null,"n_WinnerOnAggregateTeamID":null},{"n_CompetitionID":2,"n_CompetitionLevel":1,"c_Competition":"Eredivisie","c_CompetitionShort":"Ere","n_CompetitionNatioGeoID":2201,"c_CompetitionNatio":"Netherlands","c_CompetitionNatioShort":"NED","n_EditionID":18803,"c_Season":"2011\/2012","n_MatchID":1621989,"d_Date":"\/Date(1313937000000+0200)\/","d_DateLocal":"\/Date(1313937000000+0200)\/","d_DateUTC":"\/Date(1313929800000+0200)\/","n_RoundNr":3,"n_PhaseID":92852,"n_PhaseLevel":1,"c_Phase":"Regular","c_PhaseShort":null,"n_HomeTeamID":77,"c_HomeTeam":"ADO Den Haag","c_HomeTeamShort":"ADO","n_HomeTeamNatioGeoID":2201,"c_HomeTeamNatio":"Netherlands","c_HomeTeamNatioShort":"NED","n_AwayTeamID":11,"c_AwayTeam":"PSV","c_AwayTeamShort":"PSV","n_AwayTeamNatioGeoID":2201,"c_AwayTeamNatio":"Netherlands","c_AwayTeamNatioShort":"NED","n_StadiumGeoID":40133,"c_Stadium":"Kyocera Stadion","n_CityGeoID":4519,"c_City":"The Hague","n_CountryGeoID":2201,"c_Country":"Netherlands","c_CountryShort":"NED","c_Score":"0-3 (0-3) ","c_ScoreSuffix":null,"n_HomeGoals":0,"n_AwayGoals":3,"n_HomeGoalsHalftime":0,"n_AwayGoalsHalftime":3,"n_HomeGoals90mins":null,"n_AwayGoals90mins":null,"n_HomeGoals105mins":null,"n_AwayGoals105mins":null,"n_HomeGoalsShootout":null,"n_AwayGoalsShootout":null,"n_MatchStatusCode":128,"c_MatchStatus":"Full time","c_MatchStatusShort":"FT","n_RefereeID":438,"c_Referee":"Jan Wegereef","n_RefereeNatioGeoID":2201,"c_RefereeNatio":"Netherlands","c_RefereeNatioShort":"NED","n_Spectators":12710,"n_KnockoutPhaseID":null,"n_Leg":null,"c_ScoreFirstLeg":null,"n_WinnerOnAggregateTeamID":null},{"n_CompetitionID":2,"n_CompetitionLevel":1,"c_Competition":"Eredivisie","c_CompetitionShort":"Ere","n_CompetitionNatioGeoID":2201,"c_CompetitionNatio":"Netherlands","c_CompetitionNatioShort":"NED","n_EditionID":18090,"c_Season":"2010\/2011","n_MatchID":1531360,"d_Date":"\/Date(1283085000000+0200)\/","d_DateLocal":"\/Date(1283085000000+0200)\/","d_DateUTC":"\/Date(1283077800000+0200)\/","n_RoundNr":4,"n_PhaseID":86922,"n_PhaseLevel":1,"c_Phase":"Regular","c_PhaseShort":null,"n_HomeTeamID":77,"c_HomeTeam":"ADO Den Haag","c_HomeTeamShort":"ADO","n_HomeTeamNatioGeoID":2201,"c_HomeTeamNatio":"Netherlands","c_HomeTeamNatioShort":"NED","n_AwayTeamID":11,"c_AwayTeam":"PSV","c_AwayTeamShort":"PSV","n_AwayTeamNatioGeoID":2201,"c_AwayTeamNatio":"Netherlands","c_AwayTeamNatioShort":"NED","n_StadiumGeoID":40133,"c_Stadium":"Kyocera Stadion","n_CityGeoID":4519,"c_City":"The Hague","n_CountryGeoID":2201,"c_Country":"Netherlands","c_CountryShort":"NED","c_Score":"2-2 (0-1) ","c_ScoreSuffix":null,"n_HomeGoals":2,"n_AwayGoals":2,"n_HomeGoalsHalftime":0,"n_AwayGoalsHalftime":1,"n_HomeGoals90mins":null,"n_AwayGoals90mins":null,"n_HomeGoals105mins":null,"n_AwayGoals105mins":null,"n_HomeGoalsShootout":null,"n_AwayGoalsShootout":null,"n_MatchStatusCode":128,"c_MatchStatus":"Full time","c_MatchStatusShort":"FT","n_RefereeID":32390,"c_Referee":"Pol van Boekel","n_RefereeNatioGeoID":2201,"c_RefereeNatio":"Netherlands","c_RefereeNatioShort":"NED","n_Spectators":11334,"n_KnockoutPhaseID":null,"n_Leg":null,"c_ScoreFirstLeg":null,"n_WinnerOnAggregateTeamID":null},{"n_CompetitionID":2,"n_CompetitionLevel":1,"c_Competition":"Eredivisie","c_CompetitionShort":"Ere","n_CompetitionNatioGeoID":2201,"c_CompetitionNatio":"Netherlands","c_CompetitionNatioShort":"NED","n_EditionID":17234,"c_Season":"2009\/2010","n_MatchID":1411061,"d_Date":"\/Date(1257687000000+0100)\/","d_DateLocal":"\/Date(1257687000000+0100)\/","d_DateUTC":"\/Date(1257683400000+0100)\/","n_RoundNr":13,"n_PhaseID":80834,"n_PhaseLevel":1,"c_Phase":"Regular","c_PhaseShort":null,"n_HomeTeamID":77,"c_HomeTeam":"ADO Den Haag","c_HomeTeamShort":"ADO","n_HomeTeamNatioGeoID":2201,"c_HomeTeamNatio":"Netherlands","c_HomeTeamNatioShort":"NED","n_AwayTeamID":11,"c_AwayTeam":"PSV","c_AwayTeamShort":"PSV","n_AwayTeamNatioGeoID":2201,"c_AwayTeamNatio":"Netherlands","c_AwayTeamNatioShort":"NED","n_StadiumGeoID":40133,"c_Stadium":"ADO Den Haag Stadion","n_CityGeoID":4519,"c_City":"The Hague","n_CountryGeoID":2201,"c_Country":"Netherlands","c_CountryShort":"NED","c_Score":"1-5 (0-3) ","c_ScoreSuffix":null,"n_HomeGoals":1,"n_AwayGoals":5,"n_HomeGoalsHalftime":0,"n_AwayGoalsHalftime":3,"n_HomeGoals90mins":null,"n_AwayGoals90mins":null,"n_HomeGoals105mins":null,"n_AwayGoals105mins":null,"n_HomeGoalsShootout":null,"n_AwayGoalsShootout":null,"n_MatchStatusCode":128,"c_MatchStatus":"Full time","c_MatchStatusShort":"FT","n_RefereeID":106642,"c_Referee":"Roelof Luinge","n_RefereeNatioGeoID":2201,"c_RefereeNatio":"Netherlands","c_RefereeNatioShort":"NED","n_Spectators":13963,"n_KnockoutPhaseID":null,"n_Leg":null,"c_ScoreFirstLeg":null,"n_WinnerOnAggregateTeamID":null},{"n_CompetitionID":2,"n_CompetitionLevel":1,"c_Competition":"Eredivisie","c_CompetitionShort":"Ere","n_CompetitionNatioGeoID":2201,"c_CompetitionNatio":"Netherlands","c_CompetitionNatioShort":"NED","n_EditionID":16583,"c_Season":"2008\/2009","n_MatchID":1305201,"d_Date":"\/Date(1225220400000+0100)\/","d_DateLocal":"\/Date(1225220400000+0100)\/","d_DateUTC":"\/Date(1225216800000+0100)\/","n_RoundNr":8,"n_PhaseID":77107,"n_PhaseLevel":1,"c_Phase":"Regular","c_PhaseShort":null,"n_HomeTeamID":77,"c_HomeTeam":"ADO Den Haag","c_HomeTeamShort":"ADO","n_HomeTeamNatioGeoID":2201,"c_HomeTeamNatio":"Netherlands","c_HomeTeamNatioShort":"NED","n_AwayTeamID":11,"c_AwayTeam":"PSV","c_AwayTeamShort":"PSV","n_AwayTeamNatioGeoID":2201,"c_AwayTeamNatio":"Netherlands","c_AwayTeamNatioShort":"NED","n_StadiumGeoID":40133,"c_Stadium":"ADO Den Haag Stadion","n_CityGeoID":4519,"c_City":"The Hague","n_CountryGeoID":2201,"c_Country":"Netherlands","c_CountryShort":"NED","c_Score":"0-2 (0-0) ","c_ScoreSuffix":null,"n_HomeGoals":0,"n_AwayGoals":2,"n_HomeGoalsHalftime":0,"n_AwayGoalsHalftime":0,"n_HomeGoals90mins":null,"n_AwayGoals90mins":null,"n_HomeGoals105mins":null,"n_AwayGoals105mins":null,"n_HomeGoalsShootout":null,"n_AwayGoalsShootout":null,"n_MatchStatusCode":128,"c_MatchStatus":"Full time","c_MatchStatusShort":"FT","n_RefereeID":471,"c_Referee":"Dick van Egmond","n_RefereeNatioGeoID":2201,"c_RefereeNatio":"Netherlands","c_RefereeNatioShort":"NED","n_Spectators":13800,"n_KnockoutPhaseID":null,"n_Leg":null,"c_ScoreFirstLeg":null,"n_WinnerOnAggregateTeamID":null},{"n_CompetitionID":2,"n_CompetitionLevel":1,"c_Competition":"Eredivisie","c_CompetitionShort":"Ere","n_CompetitionNatioGeoID":2201,"c_CompetitionNatio":"Netherlands","c_CompetitionNatioShort":"NED","n_EditionID":15383,"c_Season":"2006\/2007","n_MatchID":1093622,"d_Date":"\/Date(1159032600000+0200)\/","d_DateLocal":"\/Date(1159032600000+0200)\/","d_DateUTC":"\/Date(1159025400000+0200)\/","n_RoundNr":5,"n_PhaseID":67062,"n_PhaseLevel":1,"c_Phase":"Regular","c_PhaseShort":null,"n_HomeTeamID":77,"c_HomeTeam":"ADO Den Haag","c_HomeTeamShort":"ADO","n_HomeTeamNatioGeoID":2201,"c_HomeTeamNatio":"Netherlands","c_HomeTeamNatioShort":"NED","n_AwayTeamID":11,"c_AwayTeam":"PSV","c_AwayTeamShort":"PSV","n_AwayTeamNatioGeoID":2201,"c_AwayTeamNatio":"Netherlands","c_AwayTeamNatioShort":"NED","n_StadiumGeoID":5207,"c_Stadium":"Zuiderpark","n_CityGeoID":4519,"c_City":"The Hague","n_CountryGeoID":2201,"c_Country":"Netherlands","c_CountryShort":"NED","c_Score":"0-2 (0-0) ","c_ScoreSuffix":null,"n_HomeGoals":0,"n_AwayGoals":2,"n_HomeGoalsHalftime":0,"n_AwayGoalsHalftime":0,"n_HomeGoals90mins":null,"n_AwayGoals90mins":null,"n_HomeGoals105mins":null,"n_AwayGoals105mins":null,"n_HomeGoalsShootout":null,"n_AwayGoalsShootout":null,"n_MatchStatusCode":128,"c_MatchStatus":"Full time","c_MatchStatusShort":"FT","n_RefereeID":106642,"c_Referee":"Roelof Luinge","n_RefereeNatioGeoID":2201,"c_RefereeNatio":"Netherlands","c_RefereeNatioShort":"NED","n_Spectators":7133,"n_KnockoutPhaseID":null,"n_Leg":null,"c_ScoreFirstLeg":null,"n_WinnerOnAggregateTeamID":null},{"n_CompetitionID":2,"n_CompetitionLevel":1,"c_Competition":"Eredivisie","c_CompetitionShort":"Ere","n_CompetitionNatioGeoID":2201,"c_CompetitionNatio":"Netherlands","c_CompetitionNatioShort":"NED","n_EditionID":14502,"c_Season":"2005\/2006","n_MatchID":977192,"d_Date":"\/Date(1138534200000+0100)\/","d_DateLocal":"\/Date(1138534200000+0100)\/","d_DateUTC":"\/Date(1138530600000+0100)\/","n_RoundNr":21,"n_PhaseID":62430,"n_PhaseLevel":1,"c_Phase":"Regular","c_PhaseShort":null,"n_HomeTeamID":77,"c_HomeTeam":"ADO Den Haag","c_HomeTeamShort":"ADO","n_HomeTeamNatioGeoID":2201,"c_HomeTeamNatio":"Netherlands","c_HomeTeamNatioShort":"NED","n_AwayTeamID":11,"c_AwayTeam":"PSV","c_AwayTeamShort":"PSV","n_AwayTeamNatioGeoID":2201,"c_AwayTeamNatio":"Netherlands","c_AwayTeamNatioShort":"NED","n_StadiumGeoID":5207,"c_Stadium":"Zuiderpark","n_CityGeoID":4519,"c_City":"The Hague","n_CountryGeoID":2201,"c_Country":"Netherlands","c_CountryShort":"NED","c_Score":"0-2 (0-0) ","c_ScoreSuffix":null,"n_HomeGoals":0,"n_AwayGoals":2,"n_HomeGoalsHalftime":0,"n_AwayGoalsHalftime":0,"n_HomeGoals90mins":null,"n_AwayGoals90mins":null,"n_HomeGoals105mins":null,"n_AwayGoals105mins":null,"n_HomeGoalsShootout":null,"n_AwayGoalsShootout":null,"n_MatchStatusCode":128,"c_MatchStatus":"Full time","c_MatchStatusShort":"FT","n_RefereeID":816,"c_Referee":"Pieter Vink","n_RefereeNatioGeoID":2201,"c_RefereeNatio":"Netherlands","c_RefereeNatioShort":"NED","n_Spectators":6341,"n_KnockoutPhaseID":null,"n_Leg":null,"c_ScoreFirstLeg":null,"n_WinnerOnAggregateTeamID":null},{"n_CompetitionID":2,"n_CompetitionLevel":1,"c_Competition":"Holland Casino Eredivisie","c_CompetitionShort":"HCE","n_CompetitionNatioGeoID":2201,"c_CompetitionNatio":"Netherlands","c_CompetitionNatioShort":"NED","n_EditionID":13469,"c_Season":"2004\/2005","n_MatchID":852711,"d_Date":"\/Date(1097947800000+0200)\/","d_DateLocal":"\/Date(1097947800000+0200)\/","d_DateUTC":"\/Date(1097940600000+0200)\/","n_RoundNr":8,"n_PhaseID":56344,"n_PhaseLevel":1,"c_Phase":"Regular","c_PhaseShort":null,"n_HomeTeamID":77,"c_HomeTeam":"ADO Den Haag","c_HomeTeamShort":"ADO","n_HomeTeamNatioGeoID":2201,"c_HomeTeamNatio":"Netherlands","c_HomeTeamNatioShort":"NED","n_AwayTeamID":11,"c_AwayTeam":"PSV","c_AwayTeamShort":"PSV","n_AwayTeamNatioGeoID":2201,"c_AwayTeamNatio":"Netherlands","c_AwayTeamNatioShort":"NED","n_StadiumGeoID":5207,"c_Stadium":"Zuiderpark","n_CityGeoID":4519,"c_City":"The Hague","n_CountryGeoID":2201,"c_Country":"Netherlands","c_CountryShort":"NED","c_Score":"0-2 (0-1) aband.80'","c_ScoreSuffix":"aband.80'","n_HomeGoals":0,"n_AwayGoals":2,"n_HomeGoalsHalftime":0,"n_AwayGoalsHalftime":1,"n_HomeGoals90mins":null,"n_AwayGoals90mins":null,"n_HomeGoals105mins":null,"n_AwayGoals105mins":null,"n_HomeGoalsShootout":null,"n_AwayGoalsShootout":null,"n_MatchStatusCode":128,"c_MatchStatus":"Abandoned","c_MatchStatusShort":"aband.","n_RefereeID":435,"c_Referee":"René Temmink","n_RefereeNatioGeoID":2201,"c_RefereeNatio":"Netherlands","c_RefereeNatioShort":"NED","n_Spectators":7243,"n_KnockoutPhaseID":null,"n_Leg":null,"c_ScoreFirstLeg":null,"n_WinnerOnAggregateTeamID":null},{"n_CompetitionID":2,"n_CompetitionLevel":1,"c_Competition":"Holland Casino Eredivisie","c_CompetitionShort":"HCE","n_CompetitionNatioGeoID":2201,"c_CompetitionNatio":"Netherlands","c_CompetitionNatioShort":"NED","n_EditionID":12948,"c_Season":"2003\/2004","n_MatchID":697211,"d_Date":"\/Date(1065288600000+0200)\/","d_DateLocal":"\/Date(1065288600000+0200)\/","d_DateUTC":"\/Date(1065281400000+0200)\/","n_RoundNr":7,"n_PhaseID":45944,"n_PhaseLevel":1,"c_Phase":"Regular","c_PhaseShort":null,"n_HomeTeamID":77,"c_HomeTeam":"ADO Den Haag","c_HomeTeamShort":"ADO","n_HomeTeamNatioGeoID":2201,"c_HomeTeamNatio":"Netherlands","c_HomeTeamNatioShort":"NED","n_AwayTeamID":11,"c_AwayTeam":"PSV","c_AwayTeamShort":"PSV","n_AwayTeamNatioGeoID":2201,"c_AwayTeamNatio":"Netherlands","c_AwayTeamNatioShort":"NED","n_StadiumGeoID":5207,"c_Stadium":"Zuiderpark","n_CityGeoID":4519,"c_City":"The Hague","n_CountryGeoID":2201,"c_Country":"Netherlands","c_CountryShort":"NED","c_Score":"0-4 (0-1) ","c_ScoreSuffix":null,"n_HomeGoals":0,"n_AwayGoals":4,"n_HomeGoalsHalftime":0,"n_AwayGoalsHalftime":1,"n_HomeGoals90mins":null,"n_AwayGoals90mins":null,"n_HomeGoals105mins":null,"n_AwayGoals105mins":null,"n_HomeGoalsShootout":null,"n_AwayGoalsShootout":null,"n_MatchStatusCode":128,"c_MatchStatus":"Full time","c_MatchStatusShort":"FT","n_RefereeID":106642,"c_Referee":"Roelof Luinge","n_RefereeNatioGeoID":2201,"c_RefereeNatio":"Netherlands","c_RefereeNatioShort":"NED","n_Spectators":8344,"n_KnockoutPhaseID":null,"n_Leg":null,"c_ScoreFirstLeg":null,"n_WinnerOnAggregateTeamID":null},{"n_CompetitionID":2,"n_CompetitionLevel":1,"c_Competition":"PTT-Telecompetitie","c_CompetitionShort":"PTT","n_CompetitionNatioGeoID":2201,"c_CompetitionNatio":"Netherlands","c_CompetitionNatioShort":"NED","n_EditionID":4,"c_Season":"1991\/1992","n_MatchID":801,"d_Date":"\/Date(686700000000+0200)\/","d_DateLocal":"\/Date(686700000000+0200)\/","d_DateUTC":"\/Date(686700000000+0200)\/","n_RoundNr":6,"n_PhaseID":5,"n_PhaseLevel":1,"c_Phase":"Regular","c_PhaseShort":null,"n_HomeTeamID":77,"c_HomeTeam":"FC Den Haag","c_HomeTeamShort":"ADO","n_HomeTeamNatioGeoID":2201,"c_HomeTeamNatio":"Netherlands","c_HomeTeamNatioShort":"NED","n_AwayTeamID":11,"c_AwayTeam":"PSV","c_AwayTeamShort":"PSV","n_AwayTeamNatioGeoID":2201,"c_AwayTeamNatio":"Netherlands","c_AwayTeamNatioShort":"NED","n_StadiumGeoID":5207,"c_Stadium":"Zuiderpark","n_CityGeoID":4519,"c_City":"The Hague","n_CountryGeoID":2201,"c_Country":"Netherlands","c_CountryShort":"NED","c_Score":"0-2 (0-1) ","c_ScoreSuffix":null,"n_HomeGoals":0,"n_AwayGoals":2,"n_HomeGoalsHalftime":0,"n_AwayGoalsHalftime":1,"n_HomeGoals90mins":null,"n_AwayGoals90mins":null,"n_HomeGoals105mins":null,"n_AwayGoals105mins":null,"n_HomeGoalsShootout":null,"n_AwayGoalsShootout":null,"n_MatchStatusCode":128,"c_MatchStatus":null,"c_MatchStatusShort":null,"n_RefereeID":436,"c_Referee":"Jaap Uilenberg","n_RefereeNatioGeoID":2201,"c_RefereeNatio":"Netherlands","c_RefereeNatioShort":"NED","n_Spectators":9000,"n_KnockoutPhaseID":null,"n_Leg":null,"c_ScoreFirstLeg":null,"n_WinnerOnAggregateTeamID":null},{"n_CompetitionID":2,"n_CompetitionLevel":1,"c_Competition":"PTT-Telecompetitie","c_CompetitionShort":"PTT","n_CompetitionNatioGeoID":2201,"c_CompetitionNatio":"Netherlands","c_CompetitionNatioShort":"NED","n_EditionID":5,"c_Season":"1990\/1991","n_MatchID":1103,"d_Date":"\/Date(670456800000+0200)\/","d_DateLocal":"\/Date(670456800000+0200)\/","d_DateUTC":"\/Date(670456800000+0200)\/","n_RoundNr":25,"n_PhaseID":6,"n_PhaseLevel":1,"c_Phase":"Regular","c_PhaseShort":null,"n_HomeTeamID":77,"c_HomeTeam":"FC Den Haag","c_HomeTeamShort":"ADO","n_HomeTeamNatioGeoID":2201,"c_HomeTeamNatio":"Netherlands","c_HomeTeamNatioShort":"NED","n_AwayTeamID":11,"c_AwayTeam":"PSV","c_AwayTeamShort":"PSV","n_AwayTeamNatioGeoID":2201,"c_AwayTeamNatio":"Netherlands","c_AwayTeamNatioShort":"NED","n_StadiumGeoID":5207,"c_Stadium":"Zuiderpark","n_CityGeoID":4519,"c_City":"The Hague","n_CountryGeoID":2201,"c_Country":"Netherlands","c_CountryShort":"NED","c_Score":"3-0 (1-0) ","c_ScoreSuffix":null,"n_HomeGoals":3,"n_AwayGoals":0,"n_HomeGoalsHalftime":1,"n_AwayGoalsHalftime":0,"n_HomeGoals90mins":null,"n_AwayGoals90mins":null,"n_HomeGoals105mins":null,"n_AwayGoals105mins":null,"n_HomeGoalsShootout":null,"n_AwayGoalsShootout":null,"n_MatchStatusCode":128,"c_MatchStatus":"Full time","c_MatchStatusShort":"FT","n_RefereeID":22078,"c_Referee":"Jaap van der Niet","n_RefereeNatioGeoID":2201,"c_RefereeNatio":"Netherlands","c_RefereeNatioShort":"NED","n_Spectators":11000,"n_KnockoutPhaseID":null,"n_Leg":null,"c_ScoreFirstLeg":null,"n_WinnerOnAggregateTeamID":null},{"n_CompetitionID":2,"n_CompetitionLevel":1,"c_Competition":"Eredivisie","c_CompetitionShort":"Ere","n_CompetitionNatioGeoID":2201,"c_CompetitionNatio":"Netherlands","c_CompetitionNatioShort":"NED","n_EditionID":6,"c_Season":"1989\/1990","n_MatchID":1444,"d_Date":"\/Date(621986400000+0200)\/","d_DateLocal":"\/Date(621986400000+0200)\/","d_DateUTC":"\/Date(621986400000+0200)\/","n_RoundNr":7,"n_PhaseID":7,"n_PhaseLevel":1,"c_Phase":"Regular","c_PhaseShort":null,"n_HomeTeamID":77,"c_HomeTeam":"FC Den Haag","c_HomeTeamShort":"ADO","n_HomeTeamNatioGeoID":2201,"c_HomeTeamNatio":"Netherlands","c_HomeTeamNatioShort":"NED","n_AwayTeamID":11,"c_AwayTeam":"PSV","c_AwayTeamShort":"PSV","n_AwayTeamNatioGeoID":2201,"c_AwayTeamNatio":"Netherlands","c_AwayTeamNatioShort":"NED","n_StadiumGeoID":5207,"c_Stadium":"Zuiderpark","n_CityGeoID":4519,"c_City":"The Hague","n_CountryGeoID":2201,"c_Country":"Netherlands","c_CountryShort":"NED","c_Score":"1-5 (0-2) ","c_ScoreSuffix":null,"n_HomeGoals":1,"n_AwayGoals":5,"n_HomeGoalsHalftime":0,"n_AwayGoalsHalftime":2,"n_HomeGoals90mins":null,"n_AwayGoals90mins":null,"n_HomeGoals105mins":null,"n_AwayGoals105mins":null,"n_HomeGoalsShootout":null,"n_AwayGoalsShootout":null,"n_MatchStatusCode":128,"c_MatchStatus":null,"c_MatchStatusShort":null,"n_RefereeID":22033,"c_Referee":"Cees Bakker","n_RefereeNatioGeoID":2201,"c_RefereeNatio":"Netherlands","c_RefereeNatioShort":"NED","n_Spectators":14500,"n_KnockoutPhaseID":null,"n_Leg":null,"c_ScoreFirstLeg":null,"n_WinnerOnAggregateTeamID":null},{"n_CompetitionID":2,"n_CompetitionLevel":1,"c_Competition":"Eredivisie","c_CompetitionShort":"Ere","n_CompetitionNatioGeoID":2201,"c_CompetitionNatio":"Netherlands","c_CompetitionNatioShort":"NED","n_EditionID":8,"c_Season":"1987\/1988","n_MatchID":2390,"d_Date":"\/Date(573865200000+0100)\/","d_DateLocal":"\/Date(573865200000+0100)\/","d_DateUTC":"\/Date(573865200000+0100)\/","n_RoundNr":4,"n_PhaseID":9,"n_PhaseLevel":1,"c_Phase":"Regular","c_PhaseShort":null,"n_HomeTeamID":77,"c_HomeTeam":"FC Den Haag","c_HomeTeamShort":"ADO","n_HomeTeamNatioGeoID":2201,"c_HomeTeamNatio":"Netherlands","c_HomeTeamNatioShort":"NED","n_AwayTeamID":11,"c_AwayTeam":"PSV","c_AwayTeamShort":"PSV","n_AwayTeamNatioGeoID":2201,"c_AwayTeamNatio":"Netherlands","c_AwayTeamNatioShort":"NED","n_StadiumGeoID":5207,"c_Stadium":"Zuiderpark","n_CityGeoID":4519,"c_City":"The Hague","n_CountryGeoID":2201,"c_Country":"Netherlands","c_CountryShort":"NED","c_Score":"1-1 (1-0) ","c_ScoreSuffix":null,"n_HomeGoals":1,"n_AwayGoals":1,"n_HomeGoalsHalftime":1,"n_AwayGoalsHalftime":0,"n_HomeGoals90mins":null,"n_AwayGoals90mins":null,"n_HomeGoals105mins":null,"n_AwayGoals105mins":null,"n_HomeGoalsShootout":null,"n_AwayGoalsShootout":null,"n_MatchStatusCode":128,"c_MatchStatus":null,"c_MatchStatusShort":null,"n_RefereeID":422,"c_Referee":"John Blankenstein","n_RefereeNatioGeoID":2201,"c_RefereeNatio":"Netherlands","c_RefereeNatioShort":"NED","n_Spectators":13000,"n_KnockoutPhaseID":null,"n_Leg":null,"c_ScoreFirstLeg":null,"n_WinnerOnAggregateTeamID":null},{"n_CompetitionID":2,"n_CompetitionLevel":1,"c_Competition":"Eredivisie","c_CompetitionShort":"Ere","n_CompetitionNatioGeoID":2201,"c_CompetitionNatio":"Netherlands","c_CompetitionNatioShort":"NED","n_EditionID":9,"c_Season":"1986\/1987","n_MatchID":2714,"d_Date":"\/Date(533084400000+0100)\/","d_DateLocal":"\/Date(533084400000+0100)\/","d_DateUTC":"\/Date(533084400000+0100)\/","n_RoundNr":16,"n_PhaseID":10,"n_PhaseLevel":1,"c_Phase":"Regular","c_PhaseShort":null,"n_HomeTeamID":77,"c_HomeTeam":"FC Den Haag","c_HomeTeamShort":"ADO","n_HomeTeamNatioGeoID":2201,"c_HomeTeamNatio":"Netherlands","c_HomeTeamNatioShort":"NED","n_AwayTeamID":11,"c_AwayTeam":"PSV","c_AwayTeamShort":"PSV","n_AwayTeamNatioGeoID":2201,"c_AwayTeamNatio":"Netherlands","c_AwayTeamNatioShort":"NED","n_StadiumGeoID":5207,"c_Stadium":"Zuiderpark","n_CityGeoID":4519,"c_City":"The Hague","n_CountryGeoID":2201,"c_Country":"Netherlands","c_CountryShort":"NED","c_Score":"2-6 (1-4) ","c_ScoreSuffix":null,"n_HomeGoals":2,"n_AwayGoals":6,"n_HomeGoalsHalftime":1,"n_AwayGoalsHalftime":4,"n_HomeGoals90mins":null,"n_AwayGoals90mins":null,"n_HomeGoals105mins":null,"n_AwayGoals105mins":null,"n_HomeGoalsShootout":null,"n_AwayGoalsShootout":null,"n_MatchStatusCode":128,"c_MatchStatus":null,"c_MatchStatusShort":null,"n_RefereeID":379718,"c_Referee":"Egbert Mulder","n_RefereeNatioGeoID":2201,"c_RefereeNatio":"Netherlands","c_RefereeNatioShort":"NED","n_Spectators":15211,"n_KnockoutPhaseID":null,"n_Leg":null,"c_ScoreFirstLeg":null,"n_WinnerOnAggregateTeamID":null},{"n_CompetitionID":2,"n_CompetitionLevel":1,"c_Competition":"Eredivisie","c_CompetitionShort":"Ere","n_CompetitionNatioGeoID":2201,"c_CompetitionNatio":"Netherlands","c_CompetitionNatioShort":"NED","n_EditionID":14,"c_Season":"1981\/1982","n_MatchID":11777,"d_Date":"\/Date(373935600000+0100)\/","d_DateLocal":"\/Date(373935600000+0100)\/","d_DateUTC":"\/Date(373935600000+0100)\/","n_RoundNr":12,"n_PhaseID":15,"n_PhaseLevel":1,"c_Phase":"Regular","c_PhaseShort":null,"n_HomeTeamID":77,"c_HomeTeam":"FC Den Haag","c_HomeTeamShort":"ADO","n_HomeTeamNatioGeoID":2201,"c_HomeTeamNatio":"Netherlands","c_HomeTeamNatioShort":"NED","n_AwayTeamID":11,"c_AwayTeam":"PSV","c_AwayTeamShort":"PSV","n_AwayTeamNatioGeoID":2201,"c_AwayTeamNatio":"Netherlands","c_AwayTeamNatioShort":"NED","n_StadiumGeoID":5207,"c_Stadium":"Zuiderpark","n_CityGeoID":4519,"c_City":"The Hague","n_CountryGeoID":2201,"c_Country":"Netherlands","c_CountryShort":"NED","c_Score":"0-0 (0-0) ","c_ScoreSuffix":null,"n_HomeGoals":0,"n_AwayGoals":0,"n_HomeGoalsHalftime":0,"n_AwayGoalsHalftime":0,"n_HomeGoals90mins":null,"n_AwayGoals90mins":null,"n_HomeGoals105mins":null,"n_AwayGoals105mins":null,"n_HomeGoalsShootout":null,"n_AwayGoalsShootout":null,"n_MatchStatusCode":192,"c_MatchStatus":"Full time","c_MatchStatusShort":"FT","n_RefereeID":22115,"c_Referee":"Piet Bosman","n_RefereeNatioGeoID":2201,"c_RefereeNatio":"Netherlands","c_RefereeNatioShort":"NED","n_Spectators":5000,"n_KnockoutPhaseID":null,"n_Leg":null,"c_ScoreFirstLeg":null,"n_WinnerOnAggregateTeamID":null},{"n_CompetitionID":2,"n_CompetitionLevel":1,"c_Competition":"Eredivisie","c_CompetitionShort":"Ere","n_CompetitionNatioGeoID":2201,"c_CompetitionNatio":"Netherlands","c_CompetitionNatioShort":"NED","n_EditionID":15,"c_Season":"1980\/1981","n_MatchID":10859,"d_Date":"\/Date(349830000000+0100)\/","d_DateLocal":"\/Date(349830000000+0100)\/","d_DateUTC":"\/Date(349830000000+0100)\/","n_RoundNr":18,"n_PhaseID":16,"n_PhaseLevel":1,"c_Phase":"Regular","c_PhaseShort":null,"n_HomeTeamID":77,"c_HomeTeam":"FC Den Haag","c_HomeTeamShort":"ADO","n_HomeTeamNatioGeoID":2201,"c_HomeTeamNatio":"Netherlands","c_HomeTeamNatioShort":"NED","n_AwayTeamID":11,"c_AwayTeam":"PSV","c_AwayTeamShort":"PSV","n_AwayTeamNatioGeoID":2201,"c_AwayTeamNatio":"Netherlands","c_AwayTeamNatioShort":"NED","n_StadiumGeoID":5207,"c_Stadium":"Zuiderpark","n_CityGeoID":4519,"c_City":"The Hague","n_CountryGeoID":2201,"c_Country":"Netherlands","c_CountryShort":"NED","c_Score":"1-4 (0-1) ","c_ScoreSuffix":null,"n_HomeGoals":1,"n_AwayGoals":4,"n_HomeGoalsHalftime":0,"n_AwayGoalsHalftime":1,"n_HomeGoals90mins":null,"n_AwayGoals90mins":null,"n_HomeGoals105mins":null,"n_AwayGoals105mins":null,"n_HomeGoalsShootout":null,"n_AwayGoalsShootout":null,"n_MatchStatusCode":192,"c_MatchStatus":"Full time","c_MatchStatusShort":"FT","n_RefereeID":22124,"c_Referee":"Henk Weerink","n_RefereeNatioGeoID":2201,"c_RefereeNatio":"Netherlands","c_RefereeNatioShort":"NED","n_Spectators":6000,"n_KnockoutPhaseID":null,"n_Leg":null,"c_ScoreFirstLeg":null,"n_WinnerOnAggregateTeamID":null},{"n_CompetitionID":2,"n_CompetitionLevel":1,"c_Competition":"Eredivisie","c_CompetitionShort":"Ere","n_CompetitionNatioGeoID":2201,"c_CompetitionNatio":"Netherlands","c_CompetitionNatioShort":"NED","n_EditionID":16,"c_Season":"1979\/1980","n_MatchID":4193,"d_Date":"\/Date(322527600000+0100)\/","d_DateLocal":"\/Date(322527600000+0100)\/","d_DateUTC":"\/Date(322527600000+0100)\/","n_RoundNr":27,"n_PhaseID":17,"n_PhaseLevel":1,"c_Phase":"Regular","c_PhaseShort":null,"n_HomeTeamID":77,"c_HomeTeam":"FC Den Haag","c_HomeTeamShort":"ADO","n_HomeTeamNatioGeoID":2201,"c_HomeTeamNatio":"Netherlands","c_HomeTeamNatioShort":"NED","n_AwayTeamID":11,"c_AwayTeam":"PSV","c_AwayTeamShort":"PSV","n_AwayTeamNatioGeoID":2201,"c_AwayTeamNatio":"Netherlands","c_AwayTeamNatioShort":"NED","n_StadiumGeoID":5207,"c_Stadium":"Zuiderpark","n_CityGeoID":4519,"c_City":"The Hague","n_CountryGeoID":2201,"c_Country":"Netherlands","c_CountryShort":"NED","c_Score":"2-3 (1-2) ","c_ScoreSuffix":null,"n_HomeGoals":2,"n_AwayGoals":3,"n_HomeGoalsHalftime":1,"n_AwayGoalsHalftime":2,"n_HomeGoals90mins":null,"n_AwayGoals90mins":null,"n_HomeGoals105mins":null,"n_AwayGoals105mins":null,"n_HomeGoalsShootout":null,"n_AwayGoalsShootout":null,"n_MatchStatusCode":192,"c_MatchStatus":"Full time","c_MatchStatusShort":"FT","n_RefereeID":22090,"c_Referee":"Henk van Ettekoven","n_RefereeNatioGeoID":2201,"c_RefereeNatio":"Netherlands","c_RefereeNatioShort":"NED","n_Spectators":5000,"n_KnockoutPhaseID":null,"n_Leg":null,"c_ScoreFirstLeg":null,"n_WinnerOnAggregateTeamID":null},{"n_CompetitionID":2,"n_CompetitionLevel":1,"c_Competition":"Eredivisie","c_CompetitionShort":"Ere","n_CompetitionNatioGeoID":2201,"c_CompetitionNatio":"Netherlands","c_CompetitionNatioShort":"NED","n_EditionID":17,"c_Season":"1978\/1979","n_MatchID":4481,"d_Date":"\/Date(292888800000+0200)\/","d_DateLocal":"\/Date(292888800000+0200)\/","d_DateUTC":"\/Date(292888800000+0200)\/","n_RoundNr":4,"n_PhaseID":18,"n_PhaseLevel":1,"c_Phase":"Regular","c_PhaseShort":null,"n_HomeTeamID":77,"c_HomeTeam":"FC Den Haag","c_HomeTeamShort":"ADO","n_HomeTeamNatioGeoID":2201,"c_HomeTeamNatio":"Netherlands","c_HomeTeamNatioShort":"NED","n_AwayTeamID":11,"c_AwayTeam":"PSV","c_AwayTeamShort":"PSV","n_AwayTeamNatioGeoID":2201,"c_AwayTeamNatio":"Netherlands","c_AwayTeamNatioShort":"NED","n_StadiumGeoID":5207,"c_Stadium":"Zuiderpark","n_CityGeoID":4519,"c_City":"The Hague","n_CountryGeoID":2201,"c_Country":"Netherlands","c_CountryShort":"NED","c_Score":"0-0 (0-0) ","c_ScoreSuffix":null,"n_HomeGoals":0,"n_AwayGoals":0,"n_HomeGoalsHalftime":0,"n_AwayGoalsHalftime":0,"n_HomeGoals90mins":null,"n_AwayGoals90mins":null,"n_HomeGoals105mins":null,"n_AwayGoals105mins":null,"n_HomeGoalsShootout":null,"n_AwayGoalsShootout":null,"n_MatchStatusCode":192,"c_MatchStatus":"Full time","c_MatchStatusShort":"FT","n_RefereeID":22090,"c_Referee":"Henk van Ettekoven","n_RefereeNatioGeoID":2201,"c_RefereeNatio":"Netherlands","c_RefereeNatioShort":"NED","n_Spectators":8000,"n_KnockoutPhaseID":null,"n_Leg":null,"c_ScoreFirstLeg":null,"n_WinnerOnAggregateTeamID":null},{"n_CompetitionID":2,"n_CompetitionLevel":1,"c_Competition":"Eredivisie","c_CompetitionShort":"Ere","n_CompetitionNatioGeoID":2201,"c_CompetitionNatio":"Netherlands","c_CompetitionNatioShort":"NED","n_EditionID":18,"c_Season":"1977\/1978","n_MatchID":5113,"d_Date":"\/Date(245714400000+0200)\/","d_DateLocal":"\/Date(245714400000+0200)\/","d_DateUTC":"\/Date(245714400000+0200)\/","n_RoundNr":11,"n_PhaseID":19,"n_PhaseLevel":1,"c_Phase":"Regular","c_PhaseShort":null,"n_HomeTeamID":77,"c_HomeTeam":"FC Den Haag","c_HomeTeamShort":"ADO","n_HomeTeamNatioGeoID":2201,"c_HomeTeamNatio":"Netherlands","c_HomeTeamNatioShort":"NED","n_AwayTeamID":11,"c_AwayTeam":"PSV","c_AwayTeamShort":"PSV","n_AwayTeamNatioGeoID":2201,"c_AwayTeamNatio":"Netherlands","c_AwayTeamNatioShort":"NED","n_StadiumGeoID":5207,"c_Stadium":"Zuiderpark","n_CityGeoID":4519,"c_City":"The Hague","n_CountryGeoID":2201,"c_Country":"Netherlands","c_CountryShort":"NED","c_Score":"1-3 (1-1) ","c_ScoreSuffix":null,"n_HomeGoals":1,"n_AwayGoals":3,"n_HomeGoalsHalftime":1,"n_AwayGoalsHalftime":1,"n_HomeGoals90mins":null,"n_AwayGoals90mins":null,"n_HomeGoals105mins":null,"n_AwayGoals105mins":null,"n_HomeGoalsShootout":null,"n_AwayGoalsShootout":null,"n_MatchStatusCode":192,"c_MatchStatus":"Full time","c_MatchStatusShort":"FT","n_RefereeID":22090,"c_Referee":"Henk van Ettekoven","n_RefereeNatioGeoID":2201,"c_RefereeNatio":"Netherlands","c_RefereeNatioShort":"NED","n_Spectators":12000,"n_KnockoutPhaseID":null,"n_Leg":null,"c_ScoreFirstLeg":null,"n_WinnerOnAggregateTeamID":null},{"n_CompetitionID":2,"n_CompetitionLevel":1,"c_Competition":"Eredivisie","c_CompetitionShort":"Ere","n_CompetitionNatioGeoID":2201,"c_CompetitionNatio":"Netherlands","c_CompetitionNatioShort":"NED","n_EditionID":19,"c_Season":"1976\/1977","n_MatchID":5455,"d_Date":"\/Date(222217200000+0100)\/","d_DateLocal":"\/Date(222217200000+0100)\/","d_DateUTC":"\/Date(222217200000+0100)\/","n_RoundNr":19,"n_PhaseID":20,"n_PhaseLevel":1,"c_Phase":"Regular","c_PhaseShort":null,"n_HomeTeamID":77,"c_HomeTeam":"FC Den Haag","c_HomeTeamShort":"ADO","n_HomeTeamNatioGeoID":2201,"c_HomeTeamNatio":"Netherlands","c_HomeTeamNatioShort":"NED","n_AwayTeamID":11,"c_AwayTeam":"PSV","c_AwayTeamShort":"PSV","n_AwayTeamNatioGeoID":2201,"c_AwayTeamNatio":"Netherlands","c_AwayTeamNatioShort":"NED","n_StadiumGeoID":5207,"c_Stadium":"Zuiderpark","n_CityGeoID":4519,"c_City":"The Hague","n_CountryGeoID":2201,"c_Country":"Netherlands","c_CountryShort":"NED","c_Score":"0-0 (0-0) ","c_ScoreSuffix":null,"n_HomeGoals":0,"n_AwayGoals":0,"n_HomeGoalsHalftime":0,"n_AwayGoalsHalftime":0,"n_HomeGoals90mins":null,"n_AwayGoals90mins":null,"n_HomeGoals105mins":null,"n_AwayGoals105mins":null,"n_HomeGoalsShootout":null,"n_AwayGoalsShootout":null,"n_MatchStatusCode":128,"c_MatchStatus":"Full time","c_MatchStatusShort":"FT","n_RefereeID":22143,"c_Referee":"Gerrit Berrevoets","n_RefereeNatioGeoID":2201,"c_RefereeNatio":"Netherlands","c_RefereeNatioShort":"NED","n_Spectators":11000,"n_KnockoutPhaseID":null,"n_Leg":null,"c_ScoreFirstLeg":null,"n_WinnerOnAggregateTeamID":null},{"n_CompetitionID":2,"n_CompetitionLevel":1,"c_Competition":"Eredivisie","c_CompetitionShort":"Ere","n_CompetitionNatioGeoID":2201,"c_CompetitionNatio":"Netherlands","c_CompetitionNatioShort":"NED","n_EditionID":20,"c_Season":"1975\/1976","n_MatchID":4857,"d_Date":"\/Date(182815200000+0200)\/","d_DateLocal":"\/Date(182815200000+0200)\/","d_DateUTC":"\/Date(182815200000+0200)\/","n_RoundNr":8,"n_PhaseID":21,"n_PhaseLevel":1,"c_Phase":"Regular","c_PhaseShort":null,"n_HomeTeamID":77,"c_HomeTeam":"FC Den Haag","c_HomeTeamShort":"ADO","n_HomeTeamNatioGeoID":2201,"c_HomeTeamNatio":"Netherlands","c_HomeTeamNatioShort":"NED","n_AwayTeamID":11,"c_AwayTeam":"PSV","c_AwayTeamShort":"PSV","n_AwayTeamNatioGeoID":2201,"c_AwayTeamNatio":"Netherlands","c_AwayTeamNatioShort":"NED","n_StadiumGeoID":5207,"c_Stadium":"Zuiderpark","n_CityGeoID":4519,"c_City":"The Hague","n_CountryGeoID":2201,"c_Country":"Netherlands","c_CountryShort":"NED","c_Score":"4-1 (0-0) ","c_ScoreSuffix":null,"n_HomeGoals":4,"n_AwayGoals":1,"n_HomeGoalsHalftime":0,"n_AwayGoalsHalftime":0,"n_HomeGoals90mins":null,"n_AwayGoals90mins":null,"n_HomeGoals105mins":null,"n_AwayGoals105mins":null,"n_HomeGoalsShootout":null,"n_AwayGoalsShootout":null,"n_MatchStatusCode":128,"c_MatchStatus":"Full time","c_MatchStatusShort":"FT","n_RefereeID":22145,"c_Referee":"Frans Derks","n_RefereeNatioGeoID":2201,"c_RefereeNatio":"Netherlands","c_RefereeNatioShort":"NED","n_Spectators":11289,"n_KnockoutPhaseID":null,"n_Leg":null,"c_ScoreFirstLeg":null,"n_WinnerOnAggregateTeamID":null},{"n_CompetitionID":2,"n_CompetitionLevel":1,"c_Competition":"Eredivisie","c_CompetitionShort":"Ere","n_CompetitionNatioGeoID":2201,"c_CompetitionNatio":"Netherlands","c_CompetitionNatioShort":"NED","n_EditionID":21,"c_Season":"1974\/1975","n_MatchID":6067,"d_Date":"\/Date(158108400000+0100)\/","d_DateLocal":"\/Date(158108400000+0100)\/","d_DateUTC":"\/Date(158108400000+0100)\/","n_RoundNr":null,"n_PhaseID":22,"n_PhaseLevel":1,"c_Phase":"Regular","c_PhaseShort":null,"n_HomeTeamID":77,"c_HomeTeam":"FC Den Haag","c_HomeTeamShort":"ADO","n_HomeTeamNatioGeoID":2201,"c_HomeTeamNatio":"Netherlands","c_HomeTeamNatioShort":"NED","n_AwayTeamID":11,"c_AwayTeam":"PSV","c_AwayTeamShort":"PSV","n_AwayTeamNatioGeoID":2201,"c_AwayTeamNatio":"Netherlands","c_AwayTeamNatioShort":"NED","n_StadiumGeoID":5207,"c_Stadium":"Zuiderpark","n_CityGeoID":4519,"c_City":"The Hague","n_CountryGeoID":2201,"c_Country":"Netherlands","c_CountryShort":"NED","c_Score":"1-1 (0-0) ","c_ScoreSuffix":null,"n_HomeGoals":1,"n_AwayGoals":1,"n_HomeGoalsHalftime":0,"n_AwayGoalsHalftime":0,"n_HomeGoals90mins":null,"n_AwayGoals90mins":null,"n_HomeGoals105mins":null,"n_AwayGoals105mins":null,"n_HomeGoalsShootout":null,"n_AwayGoalsShootout":null,"n_MatchStatusCode":128,"c_MatchStatus":"Full time","c_MatchStatusShort":"FT","n_RefereeID":22135,"c_Referee":"Jan Beck","n_RefereeNatioGeoID":2201,"c_RefereeNatio":"Netherlands","c_RefereeNatioShort":"NED","n_Spectators":16000,"n_KnockoutPhaseID":null,"n_Leg":null,"c_ScoreFirstLeg":null,"n_WinnerOnAggregateTeamID":null},{"n_CompetitionID":2,"n_CompetitionLevel":1,"c_Competition":"Eredivisie","c_CompetitionShort":"Ere","n_CompetitionNatioGeoID":2201,"c_CompetitionNatio":"Netherlands","c_CompetitionNatioShort":"NED","n_EditionID":22,"c_Season":"1973\/1974","n_MatchID":6373,"d_Date":"\/Date(136332000000+0200)\/","d_DateLocal":"\/Date(136332000000+0200)\/","d_DateUTC":"\/Date(136332000000+0200)\/","n_RoundNr":null,"n_PhaseID":23,"n_PhaseLevel":1,"c_Phase":"Regular","c_PhaseShort":null,"n_HomeTeamID":77,"c_HomeTeam":"FC Den Haag","c_HomeTeamShort":"ADO","n_HomeTeamNatioGeoID":2201,"c_HomeTeamNatio":"Netherlands","c_HomeTeamNatioShort":"NED","n_AwayTeamID":11,"c_AwayTeam":"PSV","c_AwayTeamShort":"PSV","n_AwayTeamNatioGeoID":2201,"c_AwayTeamNatio":"Netherlands","c_AwayTeamNatioShort":"NED","n_StadiumGeoID":5207,"c_Stadium":"Zuiderpark","n_CityGeoID":4519,"c_City":"The Hague","n_CountryGeoID":2201,"c_Country":"Netherlands","c_CountryShort":"NED","c_Score":"0-3 ","c_ScoreSuffix":null,"n_HomeGoals":0,"n_AwayGoals":3,"n_HomeGoalsHalftime":null,"n_AwayGoalsHalftime":null,"n_HomeGoals90mins":null,"n_AwayGoals90mins":null,"n_HomeGoals105mins":null,"n_AwayGoals105mins":null,"n_HomeGoalsShootout":null,"n_AwayGoalsShootout":null,"n_MatchStatusCode":128,"c_MatchStatus":"Full time","c_MatchStatusShort":"FT","n_RefereeID":22130,"c_Referee":"Bart Ram","n_RefereeNatioGeoID":2201,"c_RefereeNatio":"Netherlands","c_RefereeNatioShort":"NED","n_Spectators":5000,"n_KnockoutPhaseID":null,"n_Leg":null,"c_ScoreFirstLeg":null,"n_WinnerOnAggregateTeamID":null},{"n_CompetitionID":2,"n_CompetitionLevel":1,"c_Competition":"Eredivisie","c_CompetitionShort":"Ere","n_CompetitionNatioGeoID":2201,"c_CompetitionNatio":"Netherlands","c_CompetitionNatioShort":"NED","n_EditionID":23,"c_Season":"1972\/1973","n_MatchID":6697,"d_Date":"\/Date(86133600000+0200)\/","d_DateLocal":"\/Date(86133600000+0200)\/","d_DateUTC":"\/Date(86133600000+0200)\/","n_RoundNr":null,"n_PhaseID":24,"n_PhaseLevel":1,"c_Phase":"Regular","c_PhaseShort":null,"n_HomeTeamID":77,"c_HomeTeam":"FC Den Haag","c_HomeTeamShort":"ADO","n_HomeTeamNatioGeoID":2201,"c_HomeTeamNatio":"Netherlands","c_HomeTeamNatioShort":"NED","n_AwayTeamID":11,"c_AwayTeam":"PSV","c_AwayTeamShort":"PSV","n_AwayTeamNatioGeoID":2201,"c_AwayTeamNatio":"Netherlands","c_AwayTeamNatioShort":"NED","n_StadiumGeoID":5207,"c_Stadium":"Zuiderpark","n_CityGeoID":4519,"c_City":"The Hague","n_CountryGeoID":2201,"c_Country":"Netherlands","c_CountryShort":"NED","c_Score":"3-0 ","c_ScoreSuffix":null,"n_HomeGoals":3,"n_AwayGoals":0,"n_HomeGoalsHalftime":null,"n_AwayGoalsHalftime":null,"n_HomeGoals90mins":null,"n_AwayGoals90mins":null,"n_HomeGoals105mins":null,"n_AwayGoals105mins":null,"n_HomeGoalsShootout":null,"n_AwayGoalsShootout":null,"n_MatchStatusCode":128,"c_MatchStatus":"Full time","c_MatchStatusShort":"FT","n_RefereeID":22135,"c_Referee":"Jan Beck","n_RefereeNatioGeoID":2201,"c_RefereeNatio":"Netherlands","c_RefereeNatioShort":"NED","n_Spectators":0,"n_KnockoutPhaseID":null,"n_Leg":null,"c_ScoreFirstLeg":null,"n_WinnerOnAggregateTeamID":null},{"n_CompetitionID":2,"n_CompetitionLevel":1,"c_Competition":"Eredivisie","c_CompetitionShort":"Ere","n_CompetitionNatioGeoID":2201,"c_CompetitionNatio":"Netherlands","c_CompetitionNatioShort":"NED","n_EditionID":24,"c_Season":"1971\/1972","n_MatchID":6984,"d_Date":"\/Date(70412400000+0100)\/","d_DateLocal":"\/Date(70412400000+0100)\/","d_DateUTC":"\/Date(70412400000+0100)\/","n_RoundNr":null,"n_PhaseID":25,"n_PhaseLevel":1,"c_Phase":"Regular","c_PhaseShort":null,"n_HomeTeamID":77,"c_HomeTeam":"FC Den Haag","c_HomeTeamShort":"ADO","n_HomeTeamNatioGeoID":2201,"c_HomeTeamNatio":"Netherlands","c_HomeTeamNatioShort":"NED","n_AwayTeamID":11,"c_AwayTeam":"PSV","c_AwayTeamShort":"PSV","n_AwayTeamNatioGeoID":2201,"c_AwayTeamNatio":"Netherlands","c_AwayTeamNatioShort":"NED","n_StadiumGeoID":5207,"c_Stadium":"Zuiderpark","n_CityGeoID":4519,"c_City":"The Hague","n_CountryGeoID":2201,"c_Country":"Netherlands","c_CountryShort":"NED","c_Score":"1-1 ","c_ScoreSuffix":null,"n_HomeGoals":1,"n_AwayGoals":1,"n_HomeGoalsHalftime":null,"n_AwayGoalsHalftime":null,"n_HomeGoals90mins":null,"n_AwayGoals90mins":null,"n_HomeGoals105mins":null,"n_AwayGoals105mins":null,"n_HomeGoalsShootout":null,"n_AwayGoalsShootout":null,"n_MatchStatusCode":128,"c_MatchStatus":"Full time","c_MatchStatusShort":"FT","n_RefereeID":0,"c_Referee":null,"n_RefereeNatioGeoID":0,"c_RefereeNatio":null,"c_RefereeNatioShort":null,"n_Spectators":0,"n_KnockoutPhaseID":null,"n_Leg":null,"c_ScoreFirstLeg":null,"n_WinnerOnAggregateTeamID":null},{"n_CompetitionID":2,"n_CompetitionLevel":1,"c_Competition":"Eredivisie","c_CompetitionShort":"Ere","n_CompetitionNatioGeoID":2201,"c_CompetitionNatio":"Netherlands","c_CompetitionNatioShort":"NED","n_EditionID":25,"c_Season":"1970\/1971","n_MatchID":7172,"d_Date":"\/Date(45007200000+0200)\/","d_DateLocal":"\/Date(45007200000+0200)\/","d_DateUTC":"\/Date(45007200000+0200)\/","n_RoundNr":1,"n_PhaseID":26,"n_PhaseLevel":1,"c_Phase":"Regular","c_PhaseShort":null,"n_HomeTeamID":77,"c_HomeTeam":"ADO","c_HomeTeamShort":"ADO","n_HomeTeamNatioGeoID":2201,"c_HomeTeamNatio":"Netherlands","c_HomeTeamNatioShort":"NED","n_AwayTeamID":11,"c_AwayTeam":"PSV","c_AwayTeamShort":"PSV","n_AwayTeamNatioGeoID":2201,"c_AwayTeamNatio":"Netherlands","c_AwayTeamNatioShort":"NED","n_StadiumGeoID":5207,"c_Stadium":"Zuiderpark","n_CityGeoID":4519,"c_City":"The Hague","n_CountryGeoID":2201,"c_Country":"Netherlands","c_CountryShort":"NED","c_Score":"1-1 ","c_ScoreSuffix":null,"n_HomeGoals":1,"n_AwayGoals":1,"n_HomeGoalsHalftime":null,"n_AwayGoalsHalftime":null,"n_HomeGoals90mins":null,"n_AwayGoals90mins":null,"n_HomeGoals105mins":null,"n_AwayGoals105mins":null,"n_HomeGoalsShootout":null,"n_AwayGoalsShootout":null,"n_MatchStatusCode":128,"c_MatchStatus":"Full time","c_MatchStatusShort":"FT","n_RefereeID":0,"c_Referee":null,"n_RefereeNatioGeoID":0,"c_RefereeNatio":null,"c_RefereeNatioShort":null,"n_Spectators":0,"n_KnockoutPhaseID":null,"n_Leg":null,"c_ScoreFirstLeg":null,"n_WinnerOnAggregateTeamID":null},{"n_CompetitionID":2,"n_CompetitionLevel":1,"c_Competition":"Eredivisie","c_CompetitionShort":"Ere","n_CompetitionNatioGeoID":2201,"c_CompetitionNatio":"Netherlands","c_CompetitionNatioShort":"NED","n_EditionID":26,"c_Season":"1969\/1970","n_MatchID":7785,"d_Date":"\/Date(1465200000+0100)\/","d_DateLocal":"\/Date(1465200000+0100)\/","d_DateUTC":"\/Date(1465200000+0100)\/","n_RoundNr":1,"n_PhaseID":27,"n_PhaseLevel":1,"c_Phase":"Regular","c_PhaseShort":null,"n_HomeTeamID":77,"c_HomeTeam":"ADO","c_HomeTeamShort":"ADO","n_HomeTeamNatioGeoID":2201,"c_HomeTeamNatio":"Netherlands","c_HomeTeamNatioShort":"NED","n_AwayTeamID":11,"c_AwayTeam":"PSV","c_AwayTeamShort":"PSV","n_AwayTeamNatioGeoID":2201,"c_AwayTeamNatio":"Netherlands","c_AwayTeamNatioShort":"NED","n_StadiumGeoID":5207,"c_Stadium":"Zuiderpark","n_CityGeoID":4519,"c_City":"The Hague","n_CountryGeoID":2201,"c_Country":"Netherlands","c_CountryShort":"NED","c_Score":"2-1 ","c_ScoreSuffix":null,"n_HomeGoals":2,"n_AwayGoals":1,"n_HomeGoalsHalftime":null,"n_AwayGoalsHalftime":null,"n_HomeGoals90mins":null,"n_AwayGoals90mins":null,"n_HomeGoals105mins":null,"n_AwayGoals105mins":null,"n_HomeGoalsShootout":null,"n_AwayGoalsShootout":null,"n_MatchStatusCode":128,"c_MatchStatus":"Full time","c_MatchStatusShort":"FT","n_RefereeID":0,"c_Referee":null,"n_RefereeNatioGeoID":0,"c_RefereeNatio":null,"c_RefereeNatioShort":null,"n_Spectators":0,"n_KnockoutPhaseID":null,"n_Leg":null,"c_ScoreFirstLeg":null,"n_WinnerOnAggregateTeamID":null},{"n_CompetitionID":2,"n_CompetitionLevel":1,"c_Competition":"Eredivisie","c_CompetitionShort":"Ere","n_CompetitionNatioGeoID":2201,"c_CompetitionNatio":"Netherlands","c_CompetitionNatioShort":"NED","n_EditionID":27,"c_Season":"1968\/1969","n_MatchID":8100,"d_Date":"\/Date(-26355600000+0100)\/","d_DateLocal":"\/Date(-26355600000+0100)\/","d_DateUTC":"\/Date(-26355600000+0100)\/","n_RoundNr":1,"n_PhaseID":28,"n_PhaseLevel":1,"c_Phase":"Regular","c_PhaseShort":null,"n_HomeTeamID":77,"c_HomeTeam":"ADO","c_HomeTeamShort":"ADO","n_HomeTeamNatioGeoID":2201,"c_HomeTeamNatio":"Netherlands","c_HomeTeamNatioShort":"NED","n_AwayTeamID":11,"c_AwayTeam":"PSV","c_AwayTeamShort":"PSV","n_AwayTeamNatioGeoID":2201,"c_AwayTeamNatio":"Netherlands","c_AwayTeamNatioShort":"NED","n_StadiumGeoID":5207,"c_Stadium":"Zuiderpark","n_CityGeoID":4519,"c_City":"The Hague","n_CountryGeoID":2201,"c_Country":"Netherlands","c_CountryShort":"NED","c_Score":"0-0 ","c_ScoreSuffix":null,"n_HomeGoals":0,"n_AwayGoals":0,"n_HomeGoalsHalftime":null,"n_AwayGoalsHalftime":null,"n_HomeGoals90mins":null,"n_AwayGoals90mins":null,"n_HomeGoals105mins":null,"n_AwayGoals105mins":null,"n_HomeGoalsShootout":null,"n_AwayGoalsShootout":null,"n_MatchStatusCode":128,"c_MatchStatus":"Full time","c_MatchStatusShort":"FT","n_RefereeID":0,"c_Referee":null,"n_RefereeNatioGeoID":0,"c_RefereeNatio":null,"c_RefereeNatioShort":null,"n_Spectators":0,"n_KnockoutPhaseID":null,"n_Leg":null,"c_ScoreFirstLeg":null,"n_WinnerOnAggregateTeamID":null},{"n_CompetitionID":2,"n_CompetitionLevel":1,"c_Competition":"Eredivisie","c_CompetitionShort":"Ere","n_CompetitionNatioGeoID":2201,"c_CompetitionNatio":"Netherlands","c_CompetitionNatioShort":"NED","n_EditionID":28,"c_Season":"1967\/1968","n_MatchID":8404,"d_Date":"\/Date(-63680400000+0100)\/","d_DateLocal":"\/Date(-63680400000+0100)\/","d_DateUTC":"\/Date(-63680400000+0100)\/","n_RoundNr":13,"n_PhaseID":29,"n_PhaseLevel":1,"c_Phase":"Regular","c_PhaseShort":null,"n_HomeTeamID":77,"c_HomeTeam":"ADO","c_HomeTeamShort":"ADO","n_HomeTeamNatioGeoID":2201,"c_HomeTeamNatio":"Netherlands","c_HomeTeamNatioShort":"NED","n_AwayTeamID":11,"c_AwayTeam":"PSV","c_AwayTeamShort":"PSV","n_AwayTeamNatioGeoID":2201,"c_AwayTeamNatio":"Netherlands","c_AwayTeamNatioShort":"NED","n_StadiumGeoID":5207,"c_Stadium":"Zuiderpark","n_CityGeoID":4519,"c_City":"The Hague","n_CountryGeoID":2201,"c_Country":"Netherlands","c_CountryShort":"NED","c_Score":"0-0 (0-0) ","c_ScoreSuffix":null,"n_HomeGoals":0,"n_AwayGoals":0,"n_HomeGoalsHalftime":0,"n_AwayGoalsHalftime":0,"n_HomeGoals90mins":null,"n_AwayGoals90mins":null,"n_HomeGoals105mins":null,"n_AwayGoals105mins":null,"n_HomeGoalsShootout":null,"n_AwayGoalsShootout":null,"n_MatchStatusCode":128,"c_MatchStatus":"Full time","c_MatchStatusShort":"FT","n_RefereeID":316529,"c_Referee":"Jef Dorpmans","n_RefereeNatioGeoID":2201,"c_RefereeNatio":"Netherlands","c_RefereeNatioShort":"NED","n_Spectators":16000,"n_KnockoutPhaseID":null,"n_Leg":null,"c_ScoreFirstLeg":null,"n_WinnerOnAggregateTeamID":null},{"n_CompetitionID":2,"n_CompetitionLevel":1,"c_Competition":"Eredivisie","c_CompetitionShort":"Ere","n_CompetitionNatioGeoID":2201,"c_CompetitionNatio":"Netherlands","c_CompetitionNatioShort":"NED","n_EditionID":29,"c_Season":"1966\/1967","n_MatchID":9016,"d_Date":"\/Date(-88045200000+0100)\/","d_DateLocal":"\/Date(-88045200000+0100)\/","d_DateUTC":"\/Date(-88045200000+0100)\/","n_RoundNr":28,"n_PhaseID":30,"n_PhaseLevel":1,"c_Phase":"Regular","c_PhaseShort":null,"n_HomeTeamID":77,"c_HomeTeam":"ADO","c_HomeTeamShort":"ADO","n_HomeTeamNatioGeoID":2201,"c_HomeTeamNatio":"Netherlands","c_HomeTeamNatioShort":"NED","n_AwayTeamID":11,"c_AwayTeam":"PSV","c_AwayTeamShort":"PSV","n_AwayTeamNatioGeoID":2201,"c_AwayTeamNatio":"Netherlands","c_AwayTeamNatioShort":"NED","n_StadiumGeoID":5207,"c_Stadium":"Zuiderpark","n_CityGeoID":4519,"c_City":"The Hague","n_CountryGeoID":2201,"c_Country":"Netherlands","c_CountryShort":"NED","c_Score":"3-2 (1-1) ","c_ScoreSuffix":null,"n_HomeGoals":3,"n_AwayGoals":2,"n_HomeGoalsHalftime":1,"n_AwayGoalsHalftime":1,"n_HomeGoals90mins":null,"n_AwayGoals90mins":null,"n_HomeGoals105mins":null,"n_AwayGoals105mins":null,"n_HomeGoalsShootout":null,"n_AwayGoalsShootout":null,"n_MatchStatusCode":128,"c_MatchStatus":"Full time","c_MatchStatusShort":"FT","n_RefereeID":553009,"c_Referee":"Cees Voermans","n_RefereeNatioGeoID":2201,"c_RefereeNatio":"Netherlands","c_RefereeNatioShort":"NED","n_Spectators":14000,"n_KnockoutPhaseID":null,"n_Leg":null,"c_ScoreFirstLeg":null,"n_WinnerOnAggregateTeamID":null},{"n_CompetitionID":2,"n_CompetitionLevel":1,"c_Competition":"Eredivisie","c_CompetitionShort":"Ere","n_CompetitionNatioGeoID":2201,"c_CompetitionNatio":"Netherlands","c_CompetitionNatioShort":"NED","n_EditionID":30,"c_Season":"1965\/1966","n_MatchID":9322,"d_Date":"\/Date(-127962000000+0100)\/","d_DateLocal":"\/Date(-127962000000+0100)\/","d_DateUTC":"\/Date(-127962000000+0100)\/","n_RoundNr":12,"n_PhaseID":31,"n_PhaseLevel":1,"c_Phase":"Regular","c_PhaseShort":null,"n_HomeTeamID":77,"c_HomeTeam":"ADO","c_HomeTeamShort":"ADO","n_HomeTeamNatioGeoID":2201,"c_HomeTeamNatio":"Netherlands","c_HomeTeamNatioShort":"NED","n_AwayTeamID":11,"c_AwayTeam":"PSV","c_AwayTeamShort":"PSV","n_AwayTeamNatioGeoID":2201,"c_AwayTeamNatio":"Netherlands","c_AwayTeamNatioShort":"NED","n_StadiumGeoID":5207,"c_Stadium":"Zuiderpark","n_CityGeoID":4519,"c_City":"The Hague","n_CountryGeoID":2201,"c_Country":"Netherlands","c_CountryShort":"NED","c_Score":"1-3 ","c_ScoreSuffix":null,"n_HomeGoals":1,"n_AwayGoals":3,"n_HomeGoalsHalftime":null,"n_AwayGoalsHalftime":null,"n_HomeGoals90mins":null,"n_AwayGoals90mins":null,"n_HomeGoals105mins":null,"n_AwayGoals105mins":null,"n_HomeGoalsShootout":null,"n_AwayGoalsShootout":null,"n_MatchStatusCode":128,"c_MatchStatus":"Full time","c_MatchStatusShort":"FT","n_RefereeID":0,"c_Referee":null,"n_RefereeNatioGeoID":0,"c_RefereeNatio":null,"c_RefereeNatioShort":null,"n_Spectators":0,"n_KnockoutPhaseID":null,"n_Leg":null,"c_ScoreFirstLeg":null,"n_WinnerOnAggregateTeamID":null},{"n_CompetitionID":2,"n_CompetitionLevel":1,"c_Competition":"Eredivisie","c_CompetitionShort":"Ere","n_CompetitionNatioGeoID":2201,"c_CompetitionNatio":"Netherlands","c_CompetitionNatioShort":"NED","n_EditionID":31,"c_Season":"1964\/1965","n_MatchID":9563,"d_Date":"\/Date(-167277600000+0200)\/","d_DateLocal":"\/Date(-167277600000+0200)\/","d_DateUTC":"\/Date(-167277600000+0200)\/","n_RoundNr":4,"n_PhaseID":32,"n_PhaseLevel":1,"c_Phase":"Regular","c_PhaseShort":null,"n_HomeTeamID":77,"c_HomeTeam":"ADO","c_HomeTeamShort":"ADO","n_HomeTeamNatioGeoID":2201,"c_HomeTeamNatio":"Netherlands","c_HomeTeamNatioShort":"NED","n_AwayTeamID":11,"c_AwayTeam":"PSV","c_AwayTeamShort":"PSV","n_AwayTeamNatioGeoID":2201,"c_AwayTeamNatio":"Netherlands","c_AwayTeamNatioShort":"NED","n_StadiumGeoID":5207,"c_Stadium":"Zuiderpark","n_CityGeoID":4519,"c_City":"The Hague","n_CountryGeoID":2201,"c_Country":"Netherlands","c_CountryShort":"NED","c_Score":"0-1 ","c_ScoreSuffix":null,"n_HomeGoals":0,"n_AwayGoals":1,"n_HomeGoalsHalftime":null,"n_AwayGoalsHalftime":null,"n_HomeGoals90mins":null,"n_AwayGoals90mins":null,"n_HomeGoals105mins":null,"n_AwayGoals105mins":null,"n_HomeGoalsShootout":null,"n_AwayGoalsShootout":null,"n_MatchStatusCode":128,"c_MatchStatus":"Full time","c_MatchStatusShort":"FT","n_RefereeID":0,"c_Referee":null,"n_RefereeNatioGeoID":0,"c_RefereeNatio":null,"c_RefereeNatioShort":null,"n_Spectators":0,"n_KnockoutPhaseID":null,"n_Leg":null,"c_ScoreFirstLeg":null,"n_WinnerOnAggregateTeamID":null},{"n_CompetitionID":2,"n_CompetitionLevel":1,"c_Competition":"Eredivisie","c_CompetitionShort":"Ere","n_CompetitionNatioGeoID":2201,"c_CompetitionNatio":"Netherlands","c_CompetitionNatioShort":"NED","n_EditionID":32,"c_Season":"1963\/1964","n_MatchID":9804,"d_Date":"\/Date(-199332000000+0200)\/","d_DateLocal":"\/Date(-199332000000+0200)\/","d_DateUTC":"\/Date(-199332000000+0200)\/","n_RoundNr":3,"n_PhaseID":33,"n_PhaseLevel":1,"c_Phase":"Regular","c_PhaseShort":null,"n_HomeTeamID":77,"c_HomeTeam":"ADO","c_HomeTeamShort":"ADO","n_HomeTeamNatioGeoID":2201,"c_HomeTeamNatio":"Netherlands","c_HomeTeamNatioShort":"NED","n_AwayTeamID":11,"c_AwayTeam":"PSV","c_AwayTeamShort":"PSV","n_AwayTeamNatioGeoID":2201,"c_AwayTeamNatio":"Netherlands","c_AwayTeamNatioShort":"NED","n_StadiumGeoID":5207,"c_Stadium":"Zuiderpark","n_CityGeoID":4519,"c_City":"The Hague","n_CountryGeoID":2201,"c_Country":"Netherlands","c_CountryShort":"NED","c_Score":"1-1 ","c_ScoreSuffix":null,"n_HomeGoals":1,"n_AwayGoals":1,"n_HomeGoalsHalftime":null,"n_AwayGoalsHalftime":null,"n_HomeGoals90mins":null,"n_AwayGoals90mins":null,"n_HomeGoals105mins":null,"n_AwayGoals105mins":null,"n_HomeGoalsShootout":null,"n_AwayGoalsShootout":null,"n_MatchStatusCode":128,"c_MatchStatus":"Full time","c_MatchStatusShort":"FT","n_RefereeID":0,"c_Referee":null,"n_RefereeNatioGeoID":0,"c_RefereeNatio":null,"c_RefereeNatioShort":null,"n_Spectators":0,"n_KnockoutPhaseID":null,"n_Leg":null,"c_ScoreFirstLeg":null,"n_WinnerOnAggregateTeamID":null},{"n_CompetitionID":2,"n_CompetitionLevel":1,"c_Competition":"Eredivisie","c_CompetitionShort":"Ere","n_CompetitionNatioGeoID":2201,"c_CompetitionNatio":"Netherlands","c_CompetitionNatioShort":"NED","n_EditionID":33,"c_Season":"1962\/1963","n_MatchID":10042,"d_Date":"\/Date(-231991200000+0200)\/","d_DateLocal":"\/Date(-231991200000+0200)\/","d_DateUTC":"\/Date(-231991200000+0200)\/","n_RoundNr":1,"n_PhaseID":34,"n_PhaseLevel":1,"c_Phase":"Regular","c_PhaseShort":null,"n_HomeTeamID":77,"c_HomeTeam":"ADO","c_HomeTeamShort":"ADO","n_HomeTeamNatioGeoID":2201,"c_HomeTeamNatio":"Netherlands","c_HomeTeamNatioShort":"NED","n_AwayTeamID":11,"c_AwayTeam":"PSV","c_AwayTeamShort":"PSV","n_AwayTeamNatioGeoID":2201,"c_AwayTeamNatio":"Netherlands","c_AwayTeamNatioShort":"NED","n_StadiumGeoID":5207,"c_Stadium":"Zuiderpark","n_CityGeoID":4519,"c_City":"The Hague","n_CountryGeoID":2201,"c_Country":"Netherlands","c_CountryShort":"NED","c_Score":"1-3 ","c_ScoreSuffix":null,"n_HomeGoals":1,"n_AwayGoals":3,"n_HomeGoalsHalftime":null,"n_AwayGoalsHalftime":null,"n_HomeGoals90mins":null,"n_AwayGoals90mins":null,"n_HomeGoals105mins":null,"n_AwayGoals105mins":null,"n_HomeGoalsShootout":null,"n_AwayGoalsShootout":null,"n_MatchStatusCode":128,"c_MatchStatus":"Full time","c_MatchStatusShort":"FT","n_RefereeID":0,"c_Referee":null,"n_RefereeNatioGeoID":0,"c_RefereeNatio":null,"c_RefereeNatioShort":null,"n_Spectators":0,"n_KnockoutPhaseID":null,"n_Leg":null,"c_ScoreFirstLeg":null,"n_WinnerOnAggregateTeamID":null},{"n_CompetitionID":2,"n_CompetitionLevel":1,"c_Competition":"Eredivisie","c_CompetitionShort":"Ere","n_CompetitionNatioGeoID":2201,"c_CompetitionNatio":"Netherlands","c_CompetitionNatioShort":"NED","n_EditionID":34,"c_Season":"1961\/1962","n_MatchID":10451,"d_Date":"\/Date(-250736400000+0100)\/","d_DateLocal":"\/Date(-250736400000+0100)\/","d_DateUTC":"\/Date(-250736400000+0100)\/","n_RoundNr":18,"n_PhaseID":35,"n_PhaseLevel":1,"c_Phase":"Regular","c_PhaseShort":null,"n_HomeTeamID":77,"c_HomeTeam":"ADO","c_HomeTeamShort":"ADO","n_HomeTeamNatioGeoID":2201,"c_HomeTeamNatio":"Netherlands","c_HomeTeamNatioShort":"NED","n_AwayTeamID":11,"c_AwayTeam":"PSV","c_AwayTeamShort":"PSV","n_AwayTeamNatioGeoID":2201,"c_AwayTeamNatio":"Netherlands","c_AwayTeamNatioShort":"NED","n_StadiumGeoID":5207,"c_Stadium":"Zuiderpark","n_CityGeoID":4519,"c_City":"The Hague","n_CountryGeoID":2201,"c_Country":"Netherlands","c_CountryShort":"NED","c_Score":"1-1 ","c_ScoreSuffix":null,"n_HomeGoals":1,"n_AwayGoals":1,"n_HomeGoalsHalftime":null,"n_AwayGoalsHalftime":null,"n_HomeGoals90mins":null,"n_AwayGoals90mins":null,"n_HomeGoals105mins":null,"n_AwayGoals105mins":null,"n_HomeGoalsShootout":null,"n_AwayGoalsShootout":null,"n_MatchStatusCode":128,"c_MatchStatus":"Full time","c_MatchStatusShort":"FT","n_RefereeID":0,"c_Referee":null,"n_RefereeNatioGeoID":0,"c_RefereeNatio":null,"c_RefereeNatioShort":null,"n_Spectators":0,"n_KnockoutPhaseID":null,"n_Leg":null,"c_ScoreFirstLeg":null,"n_WinnerOnAggregateTeamID":null},{"n_CompetitionID":2,"n_CompetitionLevel":1,"c_Competition":"Eredivisie","c_CompetitionShort":"Ere","n_CompetitionNatioGeoID":2201,"c_CompetitionNatio":"Netherlands","c_CompetitionNatioShort":"NED","n_EditionID":35,"c_Season":"1960\/1961","n_MatchID":11065,"d_Date":"\/Date(-280371600000+0100)\/","d_DateLocal":"\/Date(-280371600000+0100)\/","d_DateUTC":"\/Date(-280371600000+0100)\/","n_RoundNr":9,"n_PhaseID":36,"n_PhaseLevel":1,"c_Phase":"Regular","c_PhaseShort":null,"n_HomeTeamID":77,"c_HomeTeam":"ADO","c_HomeTeamShort":"ADO","n_HomeTeamNatioGeoID":2201,"c_HomeTeamNatio":"Netherlands","c_HomeTeamNatioShort":"NED","n_AwayTeamID":11,"c_AwayTeam":"PSV","c_AwayTeamShort":"PSV","n_AwayTeamNatioGeoID":2201,"c_AwayTeamNatio":"Netherlands","c_AwayTeamNatioShort":"NED","n_StadiumGeoID":5207,"c_Stadium":"Zuiderpark","n_CityGeoID":4519,"c_City":"The Hague","n_CountryGeoID":2201,"c_Country":"Netherlands","c_CountryShort":"NED","c_Score":"2-1 ","c_ScoreSuffix":null,"n_HomeGoals":2,"n_AwayGoals":1,"n_HomeGoalsHalftime":null,"n_AwayGoalsHalftime":null,"n_HomeGoals90mins":null,"n_AwayGoals90mins":null,"n_HomeGoals105mins":null,"n_AwayGoals105mins":null,"n_HomeGoalsShootout":null,"n_AwayGoalsShootout":null,"n_MatchStatusCode":128,"c_MatchStatus":"Full time","c_MatchStatusShort":"FT","n_RefereeID":0,"c_Referee":null,"n_RefereeNatioGeoID":0,"c_RefereeNatio":null,"c_RefereeNatioShort":null,"n_Spectators":0,"n_KnockoutPhaseID":null,"n_Leg":null,"c_ScoreFirstLeg":null,"n_WinnerOnAggregateTeamID":null},{"n_CompetitionID":2,"n_CompetitionLevel":1,"c_Competition":"Eredivisie","c_CompetitionShort":"Ere","n_CompetitionNatioGeoID":2201,"c_CompetitionNatio":"Netherlands","c_CompetitionNatioShort":"NED","n_EditionID":36,"c_Season":"1959\/1960","n_MatchID":11368,"d_Date":"\/Date(-303962400000+0200)\/","d_DateLocal":"\/Date(-303962400000+0200)\/","d_DateUTC":"\/Date(-303962400000+0200)\/","n_RoundNr":33,"n_PhaseID":37,"n_PhaseLevel":1,"c_Phase":"Regular","c_PhaseShort":null,"n_HomeTeamID":77,"c_HomeTeam":"ADO","c_HomeTeamShort":"ADO","n_HomeTeamNatioGeoID":2201,"c_HomeTeamNatio":"Netherlands","c_HomeTeamNatioShort":"NED","n_AwayTeamID":11,"c_AwayTeam":"PSV","c_AwayTeamShort":"PSV","n_AwayTeamNatioGeoID":2201,"c_AwayTeamNatio":"Netherlands","c_AwayTeamNatioShort":"NED","n_StadiumGeoID":5207,"c_Stadium":"Zuiderpark","n_CityGeoID":4519,"c_City":"The Hague","n_CountryGeoID":2201,"c_Country":"Netherlands","c_CountryShort":"NED","c_Score":"1-2 ","c_ScoreSuffix":null,"n_HomeGoals":1,"n_AwayGoals":2,"n_HomeGoalsHalftime":null,"n_AwayGoalsHalftime":null,"n_HomeGoals90mins":null,"n_AwayGoals90mins":null,"n_HomeGoals105mins":null,"n_AwayGoals105mins":null,"n_HomeGoalsShootout":null,"n_AwayGoalsShootout":null,"n_MatchStatusCode":128,"c_MatchStatus":"Full time","c_MatchStatusShort":"FT","n_RefereeID":0,"c_Referee":null,"n_RefereeNatioGeoID":0,"c_RefereeNatio":null,"c_RefereeNatioShort":null,"n_Spectators":0,"n_KnockoutPhaseID":null,"n_Leg":null,"c_ScoreFirstLeg":null,"n_WinnerOnAggregateTeamID":null},{"n_CompetitionID":2,"n_CompetitionLevel":1,"c_Competition":"Eredivisie","c_CompetitionShort":"Ere","n_CompetitionNatioGeoID":2201,"c_CompetitionNatio":"Netherlands","c_CompetitionNatioShort":"NED","n_EditionID":37,"c_Season":"1958\/1959","n_MatchID":8711,"d_Date":"\/Date(-351133200000+0100)\/","d_DateLocal":"\/Date(-351133200000+0100)\/","d_DateUTC":"\/Date(-351133200000+0100)\/","n_RoundNr":11,"n_PhaseID":38,"n_PhaseLevel":1,"c_Phase":"Regular","c_PhaseShort":null,"n_HomeTeamID":77,"c_HomeTeam":"ADO","c_HomeTeamShort":"ADO","n_HomeTeamNatioGeoID":2201,"c_HomeTeamNatio":"Netherlands","c_HomeTeamNatioShort":"NED","n_AwayTeamID":11,"c_AwayTeam":"PSV","c_AwayTeamShort":"PSV","n_AwayTeamNatioGeoID":2201,"c_AwayTeamNatio":"Netherlands","c_AwayTeamNatioShort":"NED","n_StadiumGeoID":5207,"c_Stadium":"Zuiderpark","n_CityGeoID":4519,"c_City":"The Hague","n_CountryGeoID":2201,"c_Country":"Netherlands","c_CountryShort":"NED","c_Score":"2-2 ","c_ScoreSuffix":null,"n_HomeGoals":2,"n_AwayGoals":2,"n_HomeGoalsHalftime":null,"n_AwayGoalsHalftime":null,"n_HomeGoals90mins":null,"n_AwayGoals90mins":null,"n_HomeGoals105mins":null,"n_AwayGoals105mins":null,"n_HomeGoalsShootout":null,"n_AwayGoalsShootout":null,"n_MatchStatusCode":128,"c_MatchStatus":"Full time","c_MatchStatusShort":"FT","n_RefereeID":0,"c_Referee":null,"n_RefereeNatioGeoID":0,"c_RefereeNatio":null,"c_RefereeNatioShort":null,"n_Spectators":0,"n_KnockoutPhaseID":null,"n_Leg":null,"c_ScoreFirstLeg":null,"n_WinnerOnAggregateTeamID":null},{"n_CompetitionID":2,"n_CompetitionLevel":1,"c_Competition":"Eredivisie","c_CompetitionShort":"Ere","n_CompetitionNatioGeoID":2201,"c_CompetitionNatio":"Netherlands","c_CompetitionNatioShort":"NED","n_EditionID":38,"c_Season":"1957\/1958","n_MatchID":7480,"d_Date":"\/Date(-365652000000+0200)\/","d_DateLocal":"\/Date(-365652000000+0200)\/","d_DateUTC":"\/Date(-365652000000+0200)\/","n_RoundNr":33,"n_PhaseID":39,"n_PhaseLevel":1,"c_Phase":"Regular","c_PhaseShort":null,"n_HomeTeamID":77,"c_HomeTeam":"ADO","c_HomeTeamShort":"ADO","n_HomeTeamNatioGeoID":2201,"c_HomeTeamNatio":"Netherlands","c_HomeTeamNatioShort":"NED","n_AwayTeamID":11,"c_AwayTeam":"PSV","c_AwayTeamShort":"PSV","n_AwayTeamNatioGeoID":2201,"c_AwayTeamNatio":"Netherlands","c_AwayTeamNatioShort":"NED","n_StadiumGeoID":5207,"c_Stadium":"Zuiderpark","n_CityGeoID":4519,"c_City":"The Hague","n_CountryGeoID":2201,"c_Country":"Netherlands","c_CountryShort":"NED","c_Score":"2-0 ","c_ScoreSuffix":null,"n_HomeGoals":2,"n_AwayGoals":0,"n_HomeGoalsHalftime":null,"n_AwayGoalsHalftime":null,"n_HomeGoals90mins":null,"n_AwayGoals90mins":null,"n_HomeGoals105mins":null,"n_AwayGoals105mins":null,"n_HomeGoalsShootout":null,"n_AwayGoalsShootout":null,"n_MatchStatusCode":128,"c_MatchStatus":"Full time","c_MatchStatusShort":"FT","n_RefereeID":0,"c_Referee":null,"n_RefereeNatioGeoID":0,"c_RefereeNatio":null,"c_RefereeNatioShort":null,"n_Spectators":0,"n_KnockoutPhaseID":null,"n_Leg":null,"c_ScoreFirstLeg":null,"n_WinnerOnAggregateTeamID":null}]