﻿[{"n_ActionID":12218049,"n_ActionCode":0,"n_ActionCode2":1024,"n_ActionCode3":0,"n_ActionSet":16,"n_ActionSort":1,"c_Action":"Kick-off","c_ActionShort":"KO","n_PeriodSort":2,"c_Period":"First half","c_PeriodShort":"1H","n_ActionTime":0,"n_HomeGoals":0,"n_AwayGoals":0,"n_HomeOrAway":0,"n_TeamID":0,"c_Team":"","c_TeamShort":"","n_PersonID":0,"c_Person":"","c_PersonSort":"","c_PersonShort":"","n_PersonNatioGeoID":0,"c_PersonNatio":null,"c_PersonNatioShort":null,"n_TeamNatioGeoID":null,"c_TeamNatio":null,"c_TeamNatioShort":null,"n_ActionReasonID":0,"c_ActionReason":null,"c_ActionInfo":null,"n_SubPersonID":null,"c_SubPerson":"","c_SubPersonShort":"","c_ActionMinute":"0'"},{"n_ActionID":12218083,"n_ActionCode":12,"n_ActionCode2":0,"n_ActionCode3":0,"n_ActionSet":1,"n_ActionSort":2,"c_Action":"Goal","c_ActionShort":"G","n_PeriodSort":2,"c_Period":"First half","c_PeriodShort":"1H","n_ActionTime":1560000,"n_HomeGoals":1,"n_AwayGoals":0,"n_HomeOrAway":1,"n_TeamID":11,"c_Team":"PSV","c_TeamShort":"PSV","n_PersonID":740670,"c_Person":"Luuk de Jong","c_PersonSort":"De Jong, Luuk","c_PersonShort":"L. de Jong","n_PersonNatioGeoID":2201,"c_PersonNatio":"Netherlands","c_PersonNatioShort":"NED","n_TeamNatioGeoID":2201,"c_TeamNatio":"Netherlands","c_TeamNatioShort":"NED","n_ActionReasonID":91,"c_ActionReason":"Penalty","c_ActionInfo":null,"n_SubPersonID":null,"c_SubPerson":"","c_SubPersonShort":"","c_ActionMinute":"26'"},{"n_ActionID":12218107,"n_ActionCode":0,"n_ActionCode2":2048,"n_ActionCode3":0,"n_ActionSet":16,"n_ActionSort":3,"c_Action":"End of period","c_ActionShort":"End","n_PeriodSort":2,"c_Period":"First half","c_PeriodShort":"1H","n_ActionTime":2710000,"n_HomeGoals":1,"n_AwayGoals":0,"n_HomeOrAway":0,"n_TeamID":0,"c_Team":"","c_TeamShort":"","n_PersonID":0,"c_Person":"","c_PersonSort":"","c_PersonShort":"","n_PersonNatioGeoID":0,"c_PersonNatio":null,"c_PersonNatioShort":null,"n_TeamNatioGeoID":null,"c_TeamNatio":null,"c_TeamNatioShort":null,"n_ActionReasonID":0,"c_ActionReason":null,"c_ActionInfo":null,"n_SubPersonID":null,"c_SubPerson":"","c_SubPersonShort":"","c_ActionMinute":"45'+1'"},{"n_ActionID":12218209,"n_ActionCode":0,"n_ActionCode2":1024,"n_ActionCode3":0,"n_ActionSet":16,"n_ActionSort":4,"c_Action":"Kick-off","c_ActionShort":"KO","n_PeriodSort":4,"c_Period":"Second half","c_PeriodShort":"2H","n_ActionTime":2700000,"n_HomeGoals":1,"n_AwayGoals":0,"n_HomeOrAway":0,"n_TeamID":0,"c_Team":"","c_TeamShort":"","n_PersonID":0,"c_Person":"","c_PersonSort":"","c_PersonShort":"","n_PersonNatioGeoID":0,"c_PersonNatio":null,"c_PersonNatioShort":null,"n_TeamNatioGeoID":null,"c_TeamNatio":null,"c_TeamNatioShort":null,"n_ActionReasonID":0,"c_ActionReason":null,"c_ActionInfo":null,"n_SubPersonID":null,"c_SubPerson":"","c_SubPersonShort":"","c_ActionMinute":"45'"},{"n_ActionID":12218330,"n_ActionCode":2048,"n_ActionCode2":0,"n_ActionCode3":0,"n_ActionSet":3,"n_ActionSort":5,"c_Action":"Yellow","c_ActionShort":"Y","n_PeriodSort":4,"c_Period":"Second half","c_PeriodShort":"2H","n_ActionTime":3660000,"n_HomeGoals":1,"n_AwayGoals":0,"n_HomeOrAway":-1,"n_TeamID":103013,"c_Team":"GD Estoril Praia","c_TeamShort":"EST","n_PersonID":1122064,"c_Person":"Seba","c_PersonSort":"Seba","c_PersonShort":"Seba","n_PersonNatioGeoID":2235,"c_PersonNatio":"Brazil","c_PersonNatioShort":"BRA","n_TeamNatioGeoID":2223,"c_TeamNatio":"Portugal","c_TeamNatioShort":"POR","n_ActionReasonID":0,"c_ActionReason":null,"c_ActionInfo":null,"n_SubPersonID":null,"c_SubPerson":"","c_SubPersonShort":"","c_ActionMinute":"61'"},{"n_ActionID":12217743,"n_ActionCode":16384,"n_ActionCode2":0,"n_ActionCode3":0,"n_ActionSet":5,"n_ActionSort":6,"c_Action":"Substitution","c_ActionShort":"Sub","n_PeriodSort":4,"c_Period":"Second half","c_PeriodShort":"2H","n_ActionTime":3900000,"n_HomeGoals":null,"n_AwayGoals":null,"n_HomeOrAway":1,"n_TeamID":11,"c_Team":"PSV","c_TeamShort":"PSV","n_PersonID":877830,"c_Person":"Florian Jozefzoon","c_PersonSort":"Jozefzoon, Florian","c_PersonShort":"Jozefzoon","n_PersonNatioGeoID":2201,"c_PersonNatio":"Netherlands","c_PersonNatioShort":"NED","n_TeamNatioGeoID":2201,"c_TeamNatio":"Netherlands","c_TeamNatioShort":"NED","n_ActionReasonID":0,"c_ActionReason":null,"c_ActionInfo":null,"n_SubPersonID":970689,"c_SubPerson":"Jürgen Locadia","c_SubPersonShort":"Locadia","c_ActionMinute":"65'"},{"n_ActionID":12217752,"n_ActionCode":16384,"n_ActionCode2":0,"n_ActionCode3":0,"n_ActionSet":5,"n_ActionSort":7,"c_Action":"Substitution","c_ActionShort":"Sub","n_PeriodSort":4,"c_Period":"Second half","c_PeriodShort":"2H","n_ActionTime":4380000,"n_HomeGoals":null,"n_AwayGoals":null,"n_HomeOrAway":-1,"n_TeamID":103013,"c_Team":"GD Estoril Praia","c_TeamShort":"EST","n_PersonID":730244,"c_Person":"Babanco","c_PersonSort":"Babanco","c_PersonShort":"Babanco","n_PersonNatioGeoID":6593,"c_PersonNatio":"Cape Verde","c_PersonNatioShort":"CPV","n_TeamNatioGeoID":2223,"c_TeamNatio":"Portugal","c_TeamNatioShort":"POR","n_ActionReasonID":0,"c_ActionReason":null,"c_ActionInfo":null,"n_SubPersonID":1131535,"c_SubPerson":"Tozé","c_SubPersonShort":"Tozé","c_ActionMinute":"73'"},{"n_ActionID":12217754,"n_ActionCode":16384,"n_ActionCode2":0,"n_ActionCode3":0,"n_ActionSet":5,"n_ActionSort":8,"c_Action":"Substitution","c_ActionShort":"Sub","n_PeriodSort":4,"c_Period":"Second half","c_PeriodShort":"2H","n_ActionTime":4380000,"n_HomeGoals":null,"n_AwayGoals":null,"n_HomeOrAway":-1,"n_TeamID":103013,"c_Team":"GD Estoril Praia","c_TeamShort":"EST","n_PersonID":470386,"c_Person":"Arturo Bernhardt","c_PersonSort":"Bernhardt, Arturo","c_PersonShort":"Bernhardt","n_PersonNatioGeoID":2235,"c_PersonNatio":"Brazil","c_PersonNatioShort":"BRA","n_TeamNatioGeoID":2223,"c_TeamNatio":"Portugal","c_TeamNatioShort":"POR","n_ActionReasonID":0,"c_ActionReason":null,"c_ActionInfo":null,"n_SubPersonID":920421,"c_SubPerson":"Bruno Lopes","c_SubPersonShort":"Lopes","c_ActionMinute":"73'"},{"n_ActionID":12217742,"n_ActionCode":16384,"n_ActionCode2":0,"n_ActionCode3":0,"n_ActionSet":5,"n_ActionSort":9,"c_Action":"Substitution","c_ActionShort":"Sub","n_PeriodSort":4,"c_Period":"Second half","c_PeriodShort":"2H","n_ActionTime":4440000,"n_HomeGoals":null,"n_AwayGoals":null,"n_HomeOrAway":1,"n_TeamID":11,"c_Team":"PSV","c_TeamShort":"PSV","n_PersonID":801376,"c_Person":"Marcel Ritzmaier","c_PersonSort":"Ritzmaier, Marcel","c_PersonShort":"Ritzmaier","n_PersonNatioGeoID":2219,"c_PersonNatio":"Austria","c_PersonNatioShort":"AUT","n_TeamNatioGeoID":2201,"c_TeamNatio":"Netherlands","c_TeamNatioShort":"NED","n_ActionReasonID":0,"c_ActionReason":null,"c_ActionInfo":null,"n_SubPersonID":868287,"c_SubPerson":"Adam Maher","c_SubPersonShort":"Maher","c_ActionMinute":"74'"},{"n_ActionID":12218438,"n_ActionCode":2048,"n_ActionCode2":0,"n_ActionCode3":0,"n_ActionSet":3,"n_ActionSort":10,"c_Action":"Yellow","c_ActionShort":"Y","n_PeriodSort":4,"c_Period":"Second half","c_PeriodShort":"2H","n_ActionTime":5100000,"n_HomeGoals":1,"n_AwayGoals":0,"n_HomeOrAway":-1,"n_TeamID":103013,"c_Team":"GD Estoril Praia","c_TeamShort":"EST","n_PersonID":803665,"c_Person":"Emídio Rafael","c_PersonSort":"Emídio Rafael","c_PersonShort":"Emídio Rafael","n_PersonNatioGeoID":2223,"c_PersonNatio":"Portugal","c_PersonNatioShort":"POR","n_TeamNatioGeoID":2223,"c_TeamNatio":"Portugal","c_TeamNatioShort":"POR","n_ActionReasonID":0,"c_ActionReason":null,"c_ActionInfo":null,"n_SubPersonID":null,"c_SubPerson":"","c_SubPersonShort":"","c_ActionMinute":"85'"},{"n_ActionID":12218440,"n_ActionCode":2048,"n_ActionCode2":0,"n_ActionCode3":0,"n_ActionSet":3,"n_ActionSort":11,"c_Action":"Yellow","c_ActionShort":"Y","n_PeriodSort":4,"c_Period":"Second half","c_PeriodShort":"2H","n_ActionTime":5100000,"n_HomeGoals":1,"n_AwayGoals":0,"n_HomeOrAway":-1,"n_TeamID":103013,"c_Team":"GD Estoril Praia","c_TeamShort":"EST","n_PersonID":609646,"c_Person":"Mano","c_PersonSort":"Mano","c_PersonShort":"Mano","n_PersonNatioGeoID":2223,"c_PersonNatio":"Portugal","c_PersonNatioShort":"POR","n_TeamNatioGeoID":2223,"c_TeamNatio":"Portugal","c_TeamNatioShort":"POR","n_ActionReasonID":0,"c_ActionReason":null,"c_ActionInfo":null,"n_SubPersonID":null,"c_SubPerson":"","c_SubPersonShort":"","c_ActionMinute":"85'"},{"n_ActionID":12217755,"n_ActionCode":16384,"n_ActionCode2":0,"n_ActionCode3":0,"n_ActionSet":5,"n_ActionSort":12,"c_Action":"Substitution","c_ActionShort":"Sub","n_PeriodSort":4,"c_Period":"Second half","c_PeriodShort":"2H","n_ActionTime":5280000,"n_HomeGoals":null,"n_AwayGoals":null,"n_HomeOrAway":-1,"n_TeamID":103013,"c_Team":"GD Estoril Praia","c_TeamShort":"EST","n_PersonID":1202259,"c_Person":"Ricardo Vaz","c_PersonSort":"Vaz, Ricardo","c_PersonShort":"Vaz","n_PersonNatioGeoID":2223,"c_PersonNatio":"Portugal","c_PersonNatioShort":"POR","n_TeamNatioGeoID":2223,"c_TeamNatio":"Portugal","c_TeamNatioShort":"POR","n_ActionReasonID":0,"c_ActionReason":null,"c_ActionInfo":null,"n_SubPersonID":1122064,"c_SubPerson":"Seba","c_SubPersonShort":"Seba","c_ActionMinute":"88'"},{"n_ActionID":12218452,"n_ActionCode":0,"n_ActionCode2":2048,"n_ActionCode3":0,"n_ActionSet":16,"n_ActionSort":13,"c_Action":"End of period","c_ActionShort":"End","n_PeriodSort":4,"c_Period":"Second half","c_PeriodShort":"2H","n_ActionTime":5565000,"n_HomeGoals":1,"n_AwayGoals":0,"n_HomeOrAway":0,"n_TeamID":0,"c_Team":"","c_TeamShort":"","n_PersonID":0,"c_Person":"","c_PersonSort":"","c_PersonShort":"","n_PersonNatioGeoID":0,"c_PersonNatio":null,"c_PersonNatioShort":null,"n_TeamNatioGeoID":null,"c_TeamNatio":null,"c_TeamNatioShort":null,"n_ActionReasonID":0,"c_ActionReason":null,"c_ActionInfo":null,"n_SubPersonID":null,"c_SubPerson":"","c_SubPersonShort":"","c_ActionMinute":"90'+3'"},{"n_ActionID":12218451,"n_ActionCode":2048,"n_ActionCode2":0,"n_ActionCode3":0,"n_ActionSet":3,"n_ActionSort":14,"c_Action":"Yellow","c_ActionShort":"Y","n_PeriodSort":4,"c_Period":"Second half","c_PeriodShort":"2H","n_ActionTime":5580000,"n_HomeGoals":1,"n_AwayGoals":0,"n_HomeOrAway":-1,"n_TeamID":103013,"c_Team":"GD Estoril Praia","c_TeamShort":"EST","n_PersonID":1202259,"c_Person":"Ricardo Vaz","c_PersonSort":"Vaz, Ricardo","c_PersonShort":"Vaz","n_PersonNatioGeoID":2223,"c_PersonNatio":"Portugal","c_PersonNatioShort":"POR","n_TeamNatioGeoID":2223,"c_TeamNatio":"Portugal","c_TeamNatioShort":"POR","n_ActionReasonID":0,"c_ActionReason":null,"c_ActionInfo":null,"n_SubPersonID":null,"c_SubPerson":"","c_SubPersonShort":"","c_ActionMinute":"90'+3'"}]