﻿[{"n_ActionID":12713830,"n_ActionCode":0,"n_ActionCode2":1024,"n_ActionCode3":0,"n_ActionSet":16,"n_ActionSort":1,"c_Action":"Kick-off","c_ActionShort":"KO","n_PeriodSort":2,"c_Period":"First half","c_PeriodShort":"1H","n_ActionTime":0,"n_HomeGoals":0,"n_AwayGoals":0,"n_HomeOrAway":-1,"n_TeamID":5,"c_Team":"Go Ahead Eagles","c_TeamShort":"GAE","n_PersonID":0,"c_Person":"","c_PersonSort":"","c_PersonShort":"","n_PersonNatioGeoID":0,"c_PersonNatio":null,"c_PersonNatioShort":null,"n_TeamNatioGeoID":2201,"c_TeamNatio":"Netherlands","c_TeamNatioShort":"NED","n_ActionReasonID":0,"c_ActionReason":null,"c_ActionInfo":null,"n_SubPersonID":null,"c_SubPerson":"","c_SubPersonShort":"","c_ActionMinute":"0'"},{"n_ActionID":12713837,"n_ActionCode":65536,"n_ActionCode2":0,"n_ActionCode3":2,"n_ActionSet":12,"n_ActionSort":2,"c_Action":"Shot wide","c_ActionShort":"SW","n_PeriodSort":2,"c_Period":"First half","c_PeriodShort":"1H","n_ActionTime":17000,"n_HomeGoals":0,"n_AwayGoals":0,"n_HomeOrAway":1,"n_TeamID":11,"c_Team":"PSV","c_TeamShort":"PSV","n_PersonID":664067,"c_Person":"Georginio Wijnaldum","c_PersonSort":"Wijnaldum, Georginio","c_PersonShort":"Wijnaldum","n_PersonNatioGeoID":2201,"c_PersonNatio":"Netherlands","c_PersonNatioShort":"NED","n_TeamNatioGeoID":2201,"c_TeamNatio":"Netherlands","c_TeamNatioShort":"NED","n_ActionReasonID":0,"c_ActionReason":null,"c_ActionInfo":"Right foot","n_SubPersonID":null,"c_SubPerson":"","c_SubPersonShort":"","c_ActionMinute":"1'"},{"n_ActionID":12713848,"n_ActionCode":16777216,"n_ActionCode2":134217728,"n_ActionCode3":0,"n_ActionSet":15,"n_ActionSort":3,"c_Action":"Goal kick","c_ActionShort":"GK","n_PeriodSort":2,"c_Period":"First half","c_PeriodShort":"1H","n_ActionTime":58000,"n_HomeGoals":0,"n_AwayGoals":0,"n_HomeOrAway":-1,"n_TeamID":5,"c_Team":"Go Ahead Eagles","c_TeamShort":"GAE","n_PersonID":1070812,"c_Person":"Mickey van der Hart","c_PersonSort":"Van der Hart, Mickey","c_PersonShort":"van der Hart","n_PersonNatioGeoID":2201,"c_PersonNatio":"Netherlands","c_PersonNatioShort":"NED","n_TeamNatioGeoID":2201,"c_TeamNatio":"Netherlands","c_TeamNatioShort":"NED","n_ActionReasonID":0,"c_ActionReason":null,"c_ActionInfo":null,"n_SubPersonID":null,"c_SubPerson":"","c_SubPersonShort":"","c_ActionMinute":"1'"},{"n_ActionID":12713893,"n_ActionCode":65536,"n_ActionCode2":0,"n_ActionCode3":2,"n_ActionSet":12,"n_ActionSort":4,"c_Action":"Shot wide","c_ActionShort":"SW","n_PeriodSort":2,"c_Period":"First half","c_PeriodShort":"1H","n_ActionTime":301000,"n_HomeGoals":0,"n_AwayGoals":0,"n_HomeOrAway":1,"n_TeamID":11,"c_Team":"PSV","c_TeamShort":"PSV","n_PersonID":970679,"c_Person":"Memphis Depay","c_PersonSort":"Depay, Memphis","c_PersonShort":"Depay","n_PersonNatioGeoID":2201,"c_PersonNatio":"Netherlands","c_PersonNatioShort":"NED","n_TeamNatioGeoID":2201,"c_TeamNatio":"Netherlands","c_TeamNatioShort":"NED","n_ActionReasonID":0,"c_ActionReason":null,"c_ActionInfo":"Right foot","n_SubPersonID":null,"c_SubPerson":"","c_SubPersonShort":"","c_ActionMinute":"6'"},{"n_ActionID":12713894,"n_ActionCode":16777216,"n_ActionCode2":268435456,"n_ActionCode3":0,"n_ActionSet":15,"n_ActionSort":5,"c_Action":"Goal kick","c_ActionShort":"GK","n_PeriodSort":2,"c_Period":"First half","c_PeriodShort":"1H","n_ActionTime":311000,"n_HomeGoals":0,"n_AwayGoals":0,"n_HomeOrAway":-1,"n_TeamID":5,"c_Team":"Go Ahead Eagles","c_TeamShort":"GAE","n_PersonID":1070812,"c_Person":"Mickey van der Hart","c_PersonSort":"Van der Hart, Mickey","c_PersonShort":"van der Hart","n_PersonNatioGeoID":2201,"c_PersonNatio":"Netherlands","c_PersonNatioShort":"NED","n_TeamNatioGeoID":2201,"c_TeamNatio":"Netherlands","c_TeamNatioShort":"NED","n_ActionReasonID":0,"c_ActionReason":null,"c_ActionInfo":null,"n_SubPersonID":null,"c_SubPerson":"","c_SubPersonShort":"","c_ActionMinute":"6'"},{"n_ActionID":12713915,"n_ActionCode":262144,"n_ActionCode2":0,"n_ActionCode3":0,"n_ActionSet":12,"n_ActionSort":6,"c_Action":"Offside","c_ActionShort":"OS","n_PeriodSort":2,"c_Period":"First half","c_PeriodShort":"1H","n_ActionTime":371000,"n_HomeGoals":0,"n_AwayGoals":0,"n_HomeOrAway":1,"n_TeamID":11,"c_Team":"PSV","c_TeamShort":"PSV","n_PersonID":868287,"c_Person":"Adam Maher","c_PersonSort":"Maher, Adam","c_PersonShort":"Maher","n_PersonNatioGeoID":2201,"c_PersonNatio":"Netherlands","c_PersonNatioShort":"NED","n_TeamNatioGeoID":2201,"c_TeamNatio":"Netherlands","c_TeamNatioShort":"NED","n_ActionReasonID":0,"c_ActionReason":null,"c_ActionInfo":null,"n_SubPersonID":null,"c_SubPerson":"","c_SubPersonShort":"","c_ActionMinute":"7'"},{"n_ActionID":12713922,"n_ActionCode":1024,"n_ActionCode2":0,"n_ActionCode3":1,"n_ActionSet":12,"n_ActionSort":7,"c_Action":"Free kick","c_ActionShort":"FK","n_PeriodSort":2,"c_Period":"First half","c_PeriodShort":"1H","n_ActionTime":389000,"n_HomeGoals":0,"n_AwayGoals":0,"n_HomeOrAway":-1,"n_TeamID":5,"c_Team":"Go Ahead Eagles","c_TeamShort":"GAE","n_PersonID":1139208,"c_Person":"Xandro Schenk","c_PersonSort":"Schenk, Xandro","c_PersonShort":"Schenk","n_PersonNatioGeoID":2201,"c_PersonNatio":"Netherlands","c_PersonNatioShort":"NED","n_TeamNatioGeoID":2201,"c_TeamNatio":"Netherlands","c_TeamNatioShort":"NED","n_ActionReasonID":0,"c_ActionReason":null,"c_ActionInfo":"Left foot","n_SubPersonID":null,"c_SubPerson":"","c_SubPersonShort":"","c_ActionMinute":"7'"},{"n_ActionID":12713942,"n_ActionCode":16777216,"n_ActionCode2":134217728,"n_ActionCode3":0,"n_ActionSet":15,"n_ActionSort":8,"c_Action":"Goal kick","c_ActionShort":"GK","n_PeriodSort":2,"c_Period":"First half","c_PeriodShort":"1H","n_ActionTime":463000,"n_HomeGoals":0,"n_AwayGoals":0,"n_HomeOrAway":-1,"n_TeamID":5,"c_Team":"Go Ahead Eagles","c_TeamShort":"GAE","n_PersonID":1070812,"c_Person":"Mickey van der Hart","c_PersonSort":"Van der Hart, Mickey","c_PersonShort":"van der Hart","n_PersonNatioGeoID":2201,"c_PersonNatio":"Netherlands","c_PersonNatioShort":"NED","n_TeamNatioGeoID":2201,"c_TeamNatio":"Netherlands","c_TeamNatioShort":"NED","n_ActionReasonID":0,"c_ActionReason":null,"c_ActionInfo":null,"n_SubPersonID":null,"c_SubPerson":"","c_SubPersonShort":"","c_ActionMinute":"8'"},{"n_ActionID":12713960,"n_ActionCode":1048576,"n_ActionCode2":0,"n_ActionCode3":67108866,"n_ActionSet":12,"n_ActionSort":9,"c_Action":"Shot on goal","c_ActionShort":"SG","n_PeriodSort":2,"c_Period":"First half","c_PeriodShort":"1H","n_ActionTime":558000,"n_HomeGoals":0,"n_AwayGoals":0,"n_HomeOrAway":1,"n_TeamID":11,"c_Team":"PSV","c_TeamShort":"PSV","n_PersonID":740670,"c_Person":"Luuk de Jong","c_PersonSort":"De Jong, Luuk","c_PersonShort":"L. de Jong","n_PersonNatioGeoID":2201,"c_PersonNatio":"Netherlands","c_PersonNatioShort":"NED","n_TeamNatioGeoID":2201,"c_TeamNatio":"Netherlands","c_TeamNatioShort":"NED","n_ActionReasonID":0,"c_ActionReason":null,"c_ActionInfo":"Right foot","n_SubPersonID":null,"c_SubPerson":"","c_SubPersonShort":"","c_ActionMinute":"10'"},{"n_ActionID":12713961,"n_ActionCode":256,"n_ActionCode2":0,"n_ActionCode3":0,"n_ActionSet":12,"n_ActionSort":10,"c_Action":"Save by goalkeeper","c_ActionShort":"SK","n_PeriodSort":2,"c_Period":"First half","c_PeriodShort":"1H","n_ActionTime":561000,"n_HomeGoals":0,"n_AwayGoals":0,"n_HomeOrAway":-1,"n_TeamID":5,"c_Team":"Go Ahead Eagles","c_TeamShort":"GAE","n_PersonID":1070812,"c_Person":"Mickey van der Hart","c_PersonSort":"Van der Hart, Mickey","c_PersonShort":"van der Hart","n_PersonNatioGeoID":2201,"c_PersonNatio":"Netherlands","c_PersonNatioShort":"NED","n_TeamNatioGeoID":2201,"c_TeamNatio":"Netherlands","c_TeamNatioShort":"NED","n_ActionReasonID":128,"c_ActionReason":"Diving\/Caught","c_ActionInfo":null,"n_SubPersonID":null,"c_SubPerson":"","c_SubPersonShort":"","c_ActionMinute":"10'"},{"n_ActionID":12713968,"n_ActionCode":2097152,"n_ActionCode2":0,"n_ActionCode3":0,"n_ActionSet":12,"n_ActionSort":11,"c_Action":"Foul committed","c_ActionShort":"FC","n_PeriodSort":2,"c_Period":"First half","c_PeriodShort":"1H","n_ActionTime":589000,"n_HomeGoals":0,"n_AwayGoals":0,"n_HomeOrAway":1,"n_TeamID":11,"c_Team":"PSV","c_TeamShort":"PSV","n_PersonID":1095543,"c_Person":"Joshua Brenet","c_PersonSort":"Brenet, Joshua","c_PersonShort":"Brenet","n_PersonNatioGeoID":2201,"c_PersonNatio":"Netherlands","c_PersonNatioShort":"NED","n_TeamNatioGeoID":2201,"c_TeamNatio":"Netherlands","c_TeamNatioShort":"NED","n_ActionReasonID":0,"c_ActionReason":null,"c_ActionInfo":null,"n_SubPersonID":1079830,"c_SubPerson":"Deniz Turuc","c_SubPersonShort":"Turuc","c_ActionMinute":"10'"},{"n_ActionID":12713975,"n_ActionCode":1024,"n_ActionCode2":0,"n_ActionCode3":1,"n_ActionSet":12,"n_ActionSort":12,"c_Action":"Free kick","c_ActionShort":"FK","n_PeriodSort":2,"c_Period":"First half","c_PeriodShort":"1H","n_ActionTime":615000,"n_HomeGoals":0,"n_AwayGoals":0,"n_HomeOrAway":-1,"n_TeamID":5,"c_Team":"Go Ahead Eagles","c_TeamShort":"GAE","n_PersonID":1079830,"c_Person":"Deniz Turuc","c_PersonSort":"Turuc, Deniz","c_PersonShort":"Turuc","n_PersonNatioGeoID":2201,"c_PersonNatio":"Netherlands","c_PersonNatioShort":"NED","n_TeamNatioGeoID":2201,"c_TeamNatio":"Netherlands","c_TeamNatioShort":"NED","n_ActionReasonID":0,"c_ActionReason":null,"c_ActionInfo":"Left foot","n_SubPersonID":null,"c_SubPerson":"","c_SubPersonShort":"","c_ActionMinute":"11'"},{"n_ActionID":12713984,"n_ActionCode":2097152,"n_ActionCode2":0,"n_ActionCode3":0,"n_ActionSet":12,"n_ActionSort":13,"c_Action":"Foul committed","c_ActionShort":"FC","n_PeriodSort":2,"c_Period":"First half","c_PeriodShort":"1H","n_ActionTime":659000,"n_HomeGoals":0,"n_AwayGoals":0,"n_HomeOrAway":1,"n_TeamID":11,"c_Team":"PSV","c_TeamShort":"PSV","n_PersonID":1095543,"c_Person":"Joshua Brenet","c_PersonSort":"Brenet, Joshua","c_PersonShort":"Brenet","n_PersonNatioGeoID":2201,"c_PersonNatio":"Netherlands","c_PersonNatioShort":"NED","n_TeamNatioGeoID":2201,"c_TeamNatio":"Netherlands","c_TeamNatioShort":"NED","n_ActionReasonID":0,"c_ActionReason":null,"c_ActionInfo":null,"n_SubPersonID":1079830,"c_SubPerson":"Deniz Turuc","c_SubPersonShort":"Turuc","c_ActionMinute":"11'"},{"n_ActionID":12714005,"n_ActionCode":1024,"n_ActionCode2":0,"n_ActionCode3":1,"n_ActionSet":12,"n_ActionSort":14,"c_Action":"Free kick","c_ActionShort":"FK","n_PeriodSort":2,"c_Period":"First half","c_PeriodShort":"1H","n_ActionTime":688000,"n_HomeGoals":0,"n_AwayGoals":0,"n_HomeOrAway":-1,"n_TeamID":5,"c_Team":"Go Ahead Eagles","c_TeamShort":"GAE","n_PersonID":1079830,"c_Person":"Deniz Turuc","c_PersonSort":"Turuc, Deniz","c_PersonShort":"Turuc","n_PersonNatioGeoID":2201,"c_PersonNatio":"Netherlands","c_PersonNatioShort":"NED","n_TeamNatioGeoID":2201,"c_TeamNatio":"Netherlands","c_TeamNatioShort":"NED","n_ActionReasonID":0,"c_ActionReason":null,"c_ActionInfo":"Left foot","n_SubPersonID":null,"c_SubPerson":"","c_SubPersonShort":"","c_ActionMinute":"12'"},{"n_ActionID":12714053,"n_ActionCode":4,"n_ActionCode2":0,"n_ActionCode3":67108866,"n_ActionSet":1,"n_ActionSort":15,"c_Action":"Goal","c_ActionShort":"G","n_PeriodSort":2,"c_Period":"First half","c_PeriodShort":"1H","n_ActionTime":818000,"n_HomeGoals":1,"n_AwayGoals":0,"n_HomeOrAway":1,"n_TeamID":11,"c_Team":"PSV","c_TeamShort":"PSV","n_PersonID":857345,"c_Person":"Santiago Arias","c_PersonSort":"Arias, Santiago","c_PersonShort":"Arias","n_PersonNatioGeoID":2226,"c_PersonNatio":"Colombia","c_PersonNatioShort":"COL","n_TeamNatioGeoID":2201,"c_TeamNatio":"Netherlands","c_TeamNatioShort":"NED","n_ActionReasonID":37,"c_ActionReason":"Assist","c_ActionInfo":"Right foot","n_SubPersonID":740670,"c_SubPerson":"Luuk de Jong","c_SubPersonShort":"L. de Jong","c_ActionMinute":"14'"},{"n_ActionID":12714059,"n_ActionCode":0,"n_ActionCode2":17408,"n_ActionCode3":0,"n_ActionSet":15,"n_ActionSort":16,"c_Action":"Kick-off","c_ActionShort":"KO","n_PeriodSort":2,"c_Period":"First half","c_PeriodShort":"1H","n_ActionTime":868000,"n_HomeGoals":1,"n_AwayGoals":0,"n_HomeOrAway":-1,"n_TeamID":5,"c_Team":"Go Ahead Eagles","c_TeamShort":"GAE","n_PersonID":928686,"c_Person":"Alex Schalk","c_PersonSort":"Schalk, Alex","c_PersonShort":"Schalk","n_PersonNatioGeoID":2201,"c_PersonNatio":"Netherlands","c_PersonNatioShort":"NED","n_TeamNatioGeoID":2201,"c_TeamNatio":"Netherlands","c_TeamNatioShort":"NED","n_ActionReasonID":0,"c_ActionReason":null,"c_ActionInfo":null,"n_SubPersonID":null,"c_SubPerson":"","c_SubPersonShort":"","c_ActionMinute":"15'"},{"n_ActionID":12714077,"n_ActionCode":512,"n_ActionCode2":16777216,"n_ActionCode3":1,"n_ActionSet":12,"n_ActionSort":17,"c_Action":"Corner","c_ActionShort":"C","n_PeriodSort":2,"c_Period":"First half","c_PeriodShort":"1H","n_ActionTime":912000,"n_HomeGoals":1,"n_AwayGoals":0,"n_HomeOrAway":-1,"n_TeamID":5,"c_Team":"Go Ahead Eagles","c_TeamShort":"GAE","n_PersonID":450188,"c_Person":"Sander Duits","c_PersonSort":"Duits, Sander","c_PersonShort":"Duits","n_PersonNatioGeoID":2201,"c_PersonNatio":"Netherlands","c_PersonNatioShort":"NED","n_TeamNatioGeoID":2201,"c_TeamNatio":"Netherlands","c_TeamNatioShort":"NED","n_ActionReasonID":0,"c_ActionReason":null,"c_ActionInfo":"Left foot","n_SubPersonID":null,"c_SubPerson":"","c_SubPersonShort":"","c_ActionMinute":"16'"},{"n_ActionID":12714079,"n_ActionCode":65536,"n_ActionCode2":0,"n_ActionCode3":4,"n_ActionSet":12,"n_ActionSort":18,"c_Action":"Shot wide","c_ActionShort":"SW","n_PeriodSort":2,"c_Period":"First half","c_PeriodShort":"1H","n_ActionTime":915000,"n_HomeGoals":1,"n_AwayGoals":0,"n_HomeOrAway":-1,"n_TeamID":5,"c_Team":"Go Ahead Eagles","c_TeamShort":"GAE","n_PersonID":788784,"c_Person":"Lars Lambooij","c_PersonSort":"Lambooij, Lars","c_PersonShort":"Lambooij","n_PersonNatioGeoID":2201,"c_PersonNatio":"Netherlands","c_PersonNatioShort":"NED","n_TeamNatioGeoID":2201,"c_TeamNatio":"Netherlands","c_TeamNatioShort":"NED","n_ActionReasonID":87,"c_ActionReason":"Hit bar","c_ActionInfo":"Header","n_SubPersonID":null,"c_SubPerson":"","c_SubPersonShort":"","c_ActionMinute":"16'"},{"n_ActionID":12714081,"n_ActionCode":67108864,"n_ActionCode2":256,"n_ActionCode3":0,"n_ActionSet":12,"n_ActionSort":19,"c_Action":"Hit bar","c_ActionShort":"HB","n_PeriodSort":2,"c_Period":"First half","c_PeriodShort":"1H","n_ActionTime":918000,"n_HomeGoals":1,"n_AwayGoals":0,"n_HomeOrAway":-1,"n_TeamID":5,"c_Team":"Go Ahead Eagles","c_TeamShort":"GAE","n_PersonID":788784,"c_Person":"Lars Lambooij","c_PersonSort":"Lambooij, Lars","c_PersonShort":"Lambooij","n_PersonNatioGeoID":2201,"c_PersonNatio":"Netherlands","c_PersonNatioShort":"NED","n_TeamNatioGeoID":2201,"c_TeamNatio":"Netherlands","c_TeamNatioShort":"NED","n_ActionReasonID":0,"c_ActionReason":null,"c_ActionInfo":null,"n_SubPersonID":null,"c_SubPerson":"","c_SubPersonShort":"","c_ActionMinute":"16'"},{"n_ActionID":12714083,"n_ActionCode":65536,"n_ActionCode2":0,"n_ActionCode3":2,"n_ActionSet":12,"n_ActionSort":20,"c_Action":"Shot wide","c_ActionShort":"SW","n_PeriodSort":2,"c_Period":"First half","c_PeriodShort":"1H","n_ActionTime":941000,"n_HomeGoals":1,"n_AwayGoals":0,"n_HomeOrAway":-1,"n_TeamID":5,"c_Team":"Go Ahead Eagles","c_TeamShort":"GAE","n_PersonID":90787,"c_Person":"Marnix Kolder","c_PersonSort":"Kolder, Marnix","c_PersonShort":"Kolder","n_PersonNatioGeoID":2201,"c_PersonNatio":"Netherlands","c_PersonNatioShort":"NED","n_TeamNatioGeoID":2201,"c_TeamNatio":"Netherlands","c_TeamNatioShort":"NED","n_ActionReasonID":0,"c_ActionReason":null,"c_ActionInfo":"Right foot","n_SubPersonID":null,"c_SubPerson":"","c_SubPersonShort":"","c_ActionMinute":"16'"},{"n_ActionID":12714084,"n_ActionCode":16777216,"n_ActionCode2":134217728,"n_ActionCode3":0,"n_ActionSet":15,"n_ActionSort":21,"c_Action":"Goal kick","c_ActionShort":"GK","n_PeriodSort":2,"c_Period":"First half","c_PeriodShort":"1H","n_ActionTime":947000,"n_HomeGoals":1,"n_AwayGoals":0,"n_HomeOrAway":1,"n_TeamID":11,"c_Team":"PSV","c_TeamShort":"PSV","n_PersonID":740537,"c_Person":"Jeroen Zoet","c_PersonSort":"Zoet, Jeroen","c_PersonShort":"Zoet","n_PersonNatioGeoID":2201,"c_PersonNatio":"Netherlands","c_PersonNatioShort":"NED","n_TeamNatioGeoID":2201,"c_TeamNatio":"Netherlands","c_TeamNatioShort":"NED","n_ActionReasonID":0,"c_ActionReason":null,"c_ActionInfo":null,"n_SubPersonID":null,"c_SubPerson":"","c_SubPersonShort":"","c_ActionMinute":"16'"},{"n_ActionID":12714086,"n_ActionCode":1048576,"n_ActionCode2":0,"n_ActionCode3":67108866,"n_ActionSet":12,"n_ActionSort":22,"c_Action":"Shot on goal","c_ActionShort":"SG","n_PeriodSort":2,"c_Period":"First half","c_PeriodShort":"1H","n_ActionTime":959000,"n_HomeGoals":1,"n_AwayGoals":0,"n_HomeOrAway":-1,"n_TeamID":5,"c_Team":"Go Ahead Eagles","c_TeamShort":"GAE","n_PersonID":788784,"c_Person":"Lars Lambooij","c_PersonSort":"Lambooij, Lars","c_PersonShort":"Lambooij","n_PersonNatioGeoID":2201,"c_PersonNatio":"Netherlands","c_PersonNatioShort":"NED","n_TeamNatioGeoID":2201,"c_TeamNatio":"Netherlands","c_TeamNatioShort":"NED","n_ActionReasonID":0,"c_ActionReason":null,"c_ActionInfo":"Right foot","n_SubPersonID":null,"c_SubPerson":"","c_SubPersonShort":"","c_ActionMinute":"16'"},{"n_ActionID":12714087,"n_ActionCode":256,"n_ActionCode2":0,"n_ActionCode3":0,"n_ActionSet":12,"n_ActionSort":23,"c_Action":"Save by goalkeeper","c_ActionShort":"SK","n_PeriodSort":2,"c_Period":"First half","c_PeriodShort":"1H","n_ActionTime":962000,"n_HomeGoals":1,"n_AwayGoals":0,"n_HomeOrAway":1,"n_TeamID":11,"c_Team":"PSV","c_TeamShort":"PSV","n_PersonID":740537,"c_Person":"Jeroen Zoet","c_PersonSort":"Zoet, Jeroen","c_PersonShort":"Zoet","n_PersonNatioGeoID":2201,"c_PersonNatio":"Netherlands","c_PersonNatioShort":"NED","n_TeamNatioGeoID":2201,"c_TeamNatio":"Netherlands","c_TeamNatioShort":"NED","n_ActionReasonID":130,"c_ActionReason":"Standing\/Caught","c_ActionInfo":null,"n_SubPersonID":null,"c_SubPerson":"","c_SubPersonShort":"","c_ActionMinute":"17'"},{"n_ActionID":12714117,"n_ActionCode":262144,"n_ActionCode2":0,"n_ActionCode3":0,"n_ActionSet":12,"n_ActionSort":24,"c_Action":"Offside","c_ActionShort":"OS","n_PeriodSort":2,"c_Period":"First half","c_PeriodShort":"1H","n_ActionTime":1096000,"n_HomeGoals":1,"n_AwayGoals":0,"n_HomeOrAway":1,"n_TeamID":11,"c_Team":"PSV","c_TeamShort":"PSV","n_PersonID":970679,"c_Person":"Memphis Depay","c_PersonSort":"Depay, Memphis","c_PersonShort":"Depay","n_PersonNatioGeoID":2201,"c_PersonNatio":"Netherlands","c_PersonNatioShort":"NED","n_TeamNatioGeoID":2201,"c_TeamNatio":"Netherlands","c_TeamNatioShort":"NED","n_ActionReasonID":0,"c_ActionReason":null,"c_ActionInfo":null,"n_SubPersonID":null,"c_SubPerson":"","c_SubPersonShort":"","c_ActionMinute":"19'"},{"n_ActionID":12714126,"n_ActionCode":1024,"n_ActionCode2":0,"n_ActionCode3":2,"n_ActionSet":12,"n_ActionSort":25,"c_Action":"Free kick","c_ActionShort":"FK","n_PeriodSort":2,"c_Period":"First half","c_PeriodShort":"1H","n_ActionTime":1120000,"n_HomeGoals":1,"n_AwayGoals":0,"n_HomeOrAway":-1,"n_TeamID":5,"c_Team":"Go Ahead Eagles","c_TeamShort":"GAE","n_PersonID":1139208,"c_Person":"Xandro Schenk","c_PersonSort":"Schenk, Xandro","c_PersonShort":"Schenk","n_PersonNatioGeoID":2201,"c_PersonNatio":"Netherlands","c_PersonNatioShort":"NED","n_TeamNatioGeoID":2201,"c_TeamNatio":"Netherlands","c_TeamNatioShort":"NED","n_ActionReasonID":0,"c_ActionReason":null,"c_ActionInfo":"Right foot","n_SubPersonID":null,"c_SubPerson":"","c_SubPersonShort":"","c_ActionMinute":"19'"},{"n_ActionID":12714232,"n_ActionCode":65536,"n_ActionCode2":0,"n_ActionCode3":4,"n_ActionSet":12,"n_ActionSort":26,"c_Action":"Shot wide","c_ActionShort":"SW","n_PeriodSort":2,"c_Period":"First half","c_PeriodShort":"1H","n_ActionTime":1372000,"n_HomeGoals":1,"n_AwayGoals":0,"n_HomeOrAway":1,"n_TeamID":11,"c_Team":"PSV","c_TeamShort":"PSV","n_PersonID":740670,"c_Person":"Luuk de Jong","c_PersonSort":"De Jong, Luuk","c_PersonShort":"L. de Jong","n_PersonNatioGeoID":2201,"c_PersonNatio":"Netherlands","c_PersonNatioShort":"NED","n_TeamNatioGeoID":2201,"c_TeamNatio":"Netherlands","c_TeamNatioShort":"NED","n_ActionReasonID":0,"c_ActionReason":null,"c_ActionInfo":"Header","n_SubPersonID":null,"c_SubPerson":"","c_SubPersonShort":"","c_ActionMinute":"23'"},{"n_ActionID":12714242,"n_ActionCode":16777216,"n_ActionCode2":134217728,"n_ActionCode3":0,"n_ActionSet":15,"n_ActionSort":27,"c_Action":"Goal kick","c_ActionShort":"GK","n_PeriodSort":2,"c_Period":"First half","c_PeriodShort":"1H","n_ActionTime":1405000,"n_HomeGoals":1,"n_AwayGoals":0,"n_HomeOrAway":-1,"n_TeamID":5,"c_Team":"Go Ahead Eagles","c_TeamShort":"GAE","n_PersonID":1070812,"c_Person":"Mickey van der Hart","c_PersonSort":"Van der Hart, Mickey","c_PersonShort":"van der Hart","n_PersonNatioGeoID":2201,"c_PersonNatio":"Netherlands","c_PersonNatioShort":"NED","n_TeamNatioGeoID":2201,"c_TeamNatio":"Netherlands","c_TeamNatioShort":"NED","n_ActionReasonID":0,"c_ActionReason":null,"c_ActionInfo":null,"n_SubPersonID":null,"c_SubPerson":"","c_SubPersonShort":"","c_ActionMinute":"24'"},{"n_ActionID":12714268,"n_ActionCode":512,"n_ActionCode2":4194304,"n_ActionCode3":2,"n_ActionSet":12,"n_ActionSort":28,"c_Action":"Corner","c_ActionShort":"C","n_PeriodSort":2,"c_Period":"First half","c_PeriodShort":"1H","n_ActionTime":1477000,"n_HomeGoals":1,"n_AwayGoals":0,"n_HomeOrAway":1,"n_TeamID":11,"c_Team":"PSV","c_TeamShort":"PSV","n_PersonID":603677,"c_Person":"Andrés Guardado","c_PersonSort":"Guardado, Andrés","c_PersonShort":"Guardado","n_PersonNatioGeoID":2228,"c_PersonNatio":"Mexico","c_PersonNatioShort":"MEX","n_TeamNatioGeoID":2201,"c_TeamNatio":"Netherlands","c_TeamNatioShort":"NED","n_ActionReasonID":0,"c_ActionReason":null,"c_ActionInfo":"Right foot","n_SubPersonID":null,"c_SubPerson":"","c_SubPersonShort":"","c_ActionMinute":"25'"},{"n_ActionID":12714270,"n_ActionCode":65536,"n_ActionCode2":0,"n_ActionCode3":2,"n_ActionSet":12,"n_ActionSort":29,"c_Action":"Shot wide","c_ActionShort":"SW","n_PeriodSort":2,"c_Period":"First half","c_PeriodShort":"1H","n_ActionTime":1484000,"n_HomeGoals":1,"n_AwayGoals":0,"n_HomeOrAway":1,"n_TeamID":11,"c_Team":"PSV","c_TeamShort":"PSV","n_PersonID":970679,"c_Person":"Memphis Depay","c_PersonSort":"Depay, Memphis","c_PersonShort":"Depay","n_PersonNatioGeoID":2201,"c_PersonNatio":"Netherlands","c_PersonNatioShort":"NED","n_TeamNatioGeoID":2201,"c_TeamNatio":"Netherlands","c_TeamNatioShort":"NED","n_ActionReasonID":0,"c_ActionReason":null,"c_ActionInfo":"Right foot","n_SubPersonID":null,"c_SubPerson":"","c_SubPersonShort":"","c_ActionMinute":"25'"},{"n_ActionID":12714281,"n_ActionCode":16777216,"n_ActionCode2":134217728,"n_ActionCode3":0,"n_ActionSet":15,"n_ActionSort":30,"c_Action":"Goal kick","c_ActionShort":"GK","n_PeriodSort":2,"c_Period":"First half","c_PeriodShort":"1H","n_ActionTime":1515000,"n_HomeGoals":1,"n_AwayGoals":0,"n_HomeOrAway":-1,"n_TeamID":5,"c_Team":"Go Ahead Eagles","c_TeamShort":"GAE","n_PersonID":1070812,"c_Person":"Mickey van der Hart","c_PersonSort":"Van der Hart, Mickey","c_PersonShort":"van der Hart","n_PersonNatioGeoID":2201,"c_PersonNatio":"Netherlands","c_PersonNatioShort":"NED","n_TeamNatioGeoID":2201,"c_TeamNatio":"Netherlands","c_TeamNatioShort":"NED","n_ActionReasonID":0,"c_ActionReason":null,"c_ActionInfo":null,"n_SubPersonID":null,"c_SubPerson":"","c_SubPersonShort":"","c_ActionMinute":"26'"},{"n_ActionID":12714301,"n_ActionCode":536870912,"n_ActionCode2":0,"n_ActionCode3":0,"n_ActionSet":15,"n_ActionSort":31,"c_Action":"Shot blocked by","c_ActionShort":null,"n_PeriodSort":2,"c_Period":"First half","c_PeriodShort":"1H","n_ActionTime":1529000,"n_HomeGoals":1,"n_AwayGoals":0,"n_HomeOrAway":1,"n_TeamID":11,"c_Team":"PSV","c_TeamShort":"PSV","n_PersonID":868287,"c_Person":"Adam Maher","c_PersonSort":"Maher, Adam","c_PersonShort":"Maher","n_PersonNatioGeoID":2201,"c_PersonNatio":"Netherlands","c_PersonNatioShort":"NED","n_TeamNatioGeoID":2201,"c_TeamNatio":"Netherlands","c_TeamNatioShort":"NED","n_ActionReasonID":0,"c_ActionReason":null,"c_ActionInfo":null,"n_SubPersonID":null,"c_SubPerson":"","c_SubPersonShort":"","c_ActionMinute":"26'"},{"n_ActionID":12714302,"n_ActionCode":4194304,"n_ActionCode2":0,"n_ActionCode3":1,"n_ActionSet":15,"n_ActionSort":32,"c_Action":"Blocked shot","c_ActionShort":"BS","n_PeriodSort":2,"c_Period":"First half","c_PeriodShort":"1H","n_ActionTime":1529000,"n_HomeGoals":1,"n_AwayGoals":0,"n_HomeOrAway":-1,"n_TeamID":5,"c_Team":"Go Ahead Eagles","c_TeamShort":"GAE","n_PersonID":1079830,"c_Person":"Deniz Turuc","c_PersonSort":"Turuc, Deniz","c_PersonShort":"Turuc","n_PersonNatioGeoID":2201,"c_PersonNatio":"Netherlands","c_PersonNatioShort":"NED","n_TeamNatioGeoID":2201,"c_TeamNatio":"Netherlands","c_TeamNatioShort":"NED","n_ActionReasonID":0,"c_ActionReason":null,"c_ActionInfo":"Left foot","n_SubPersonID":null,"c_SubPerson":"","c_SubPersonShort":"","c_ActionMinute":"26'"},{"n_ActionID":12714342,"n_ActionCode":1048576,"n_ActionCode2":0,"n_ActionCode3":67108868,"n_ActionSet":12,"n_ActionSort":33,"c_Action":"Shot on goal","c_ActionShort":"SG","n_PeriodSort":2,"c_Period":"First half","c_PeriodShort":"1H","n_ActionTime":1584000,"n_HomeGoals":1,"n_AwayGoals":0,"n_HomeOrAway":1,"n_TeamID":11,"c_Team":"PSV","c_TeamShort":"PSV","n_PersonID":664067,"c_Person":"Georginio Wijnaldum","c_PersonSort":"Wijnaldum, Georginio","c_PersonShort":"Wijnaldum","n_PersonNatioGeoID":2201,"c_PersonNatio":"Netherlands","c_PersonNatioShort":"NED","n_TeamNatioGeoID":2201,"c_TeamNatio":"Netherlands","c_TeamNatioShort":"NED","n_ActionReasonID":0,"c_ActionReason":null,"c_ActionInfo":"Header","n_SubPersonID":null,"c_SubPerson":"","c_SubPersonShort":"","c_ActionMinute":"27'"},{"n_ActionID":12714347,"n_ActionCode":256,"n_ActionCode2":0,"n_ActionCode3":0,"n_ActionSet":12,"n_ActionSort":34,"c_Action":"Save by goalkeeper","c_ActionShort":"SK","n_PeriodSort":2,"c_Period":"First half","c_PeriodShort":"1H","n_ActionTime":1587000,"n_HomeGoals":1,"n_AwayGoals":0,"n_HomeOrAway":-1,"n_TeamID":5,"c_Team":"Go Ahead Eagles","c_TeamShort":"GAE","n_PersonID":1070812,"c_Person":"Mickey van der Hart","c_PersonSort":"Van der Hart, Mickey","c_PersonShort":"van der Hart","n_PersonNatioGeoID":2201,"c_PersonNatio":"Netherlands","c_PersonNatioShort":"NED","n_TeamNatioGeoID":2201,"c_TeamNatio":"Netherlands","c_TeamNatioShort":"NED","n_ActionReasonID":132,"c_ActionReason":"Jumping\/Caught","c_ActionInfo":null,"n_SubPersonID":null,"c_SubPerson":"","c_SubPersonShort":"","c_ActionMinute":"27'"},{"n_ActionID":12714377,"n_ActionCode":16777216,"n_ActionCode2":134217728,"n_ActionCode3":0,"n_ActionSet":15,"n_ActionSort":35,"c_Action":"Goal kick","c_ActionShort":"GK","n_PeriodSort":2,"c_Period":"First half","c_PeriodShort":"1H","n_ActionTime":1677000,"n_HomeGoals":1,"n_AwayGoals":0,"n_HomeOrAway":1,"n_TeamID":11,"c_Team":"PSV","c_TeamShort":"PSV","n_PersonID":740537,"c_Person":"Jeroen Zoet","c_PersonSort":"Zoet, Jeroen","c_PersonShort":"Zoet","n_PersonNatioGeoID":2201,"c_PersonNatio":"Netherlands","c_PersonNatioShort":"NED","n_TeamNatioGeoID":2201,"c_TeamNatio":"Netherlands","c_TeamNatioShort":"NED","n_ActionReasonID":0,"c_ActionReason":null,"c_ActionInfo":null,"n_SubPersonID":null,"c_SubPerson":"","c_SubPersonShort":"","c_ActionMinute":"28'"},{"n_ActionID":12714397,"n_ActionCode":262144,"n_ActionCode2":0,"n_ActionCode3":0,"n_ActionSet":12,"n_ActionSort":36,"c_Action":"Offside","c_ActionShort":"OS","n_PeriodSort":2,"c_Period":"First half","c_PeriodShort":"1H","n_ActionTime":1752000,"n_HomeGoals":1,"n_AwayGoals":0,"n_HomeOrAway":1,"n_TeamID":11,"c_Team":"PSV","c_TeamShort":"PSV","n_PersonID":868287,"c_Person":"Adam Maher","c_PersonSort":"Maher, Adam","c_PersonShort":"Maher","n_PersonNatioGeoID":2201,"c_PersonNatio":"Netherlands","c_PersonNatioShort":"NED","n_TeamNatioGeoID":2201,"c_TeamNatio":"Netherlands","c_TeamNatioShort":"NED","n_ActionReasonID":0,"c_ActionReason":null,"c_ActionInfo":null,"n_SubPersonID":null,"c_SubPerson":"","c_SubPersonShort":"","c_ActionMinute":"30'"},{"n_ActionID":12714408,"n_ActionCode":1024,"n_ActionCode2":0,"n_ActionCode3":2,"n_ActionSet":12,"n_ActionSort":37,"c_Action":"Free kick","c_ActionShort":"FK","n_PeriodSort":2,"c_Period":"First half","c_PeriodShort":"1H","n_ActionTime":1776000,"n_HomeGoals":1,"n_AwayGoals":0,"n_HomeOrAway":-1,"n_TeamID":5,"c_Team":"Go Ahead Eagles","c_TeamShort":"GAE","n_PersonID":1070812,"c_Person":"Mickey van der Hart","c_PersonSort":"Van der Hart, Mickey","c_PersonShort":"van der Hart","n_PersonNatioGeoID":2201,"c_PersonNatio":"Netherlands","c_PersonNatioShort":"NED","n_TeamNatioGeoID":2201,"c_TeamNatio":"Netherlands","c_TeamNatioShort":"NED","n_ActionReasonID":0,"c_ActionReason":null,"c_ActionInfo":"Right foot","n_SubPersonID":null,"c_SubPerson":"","c_SubPersonShort":"","c_ActionMinute":"30'"},{"n_ActionID":12714418,"n_ActionCode":2097152,"n_ActionCode2":0,"n_ActionCode3":0,"n_ActionSet":12,"n_ActionSort":38,"c_Action":"Foul committed","c_ActionShort":"FC","n_PeriodSort":2,"c_Period":"First half","c_PeriodShort":"1H","n_ActionTime":1785000,"n_HomeGoals":1,"n_AwayGoals":0,"n_HomeOrAway":1,"n_TeamID":11,"c_Team":"PSV","c_TeamShort":"PSV","n_PersonID":970699,"c_Person":"Karim Rekik","c_PersonSort":"Rekik, Karim","c_PersonShort":"Rekik","n_PersonNatioGeoID":2201,"c_PersonNatio":"Netherlands","c_PersonNatioShort":"NED","n_TeamNatioGeoID":2201,"c_TeamNatio":"Netherlands","c_TeamNatioShort":"NED","n_ActionReasonID":0,"c_ActionReason":null,"c_ActionInfo":null,"n_SubPersonID":90787,"c_SubPerson":"Marnix Kolder","c_SubPersonShort":"Kolder","c_ActionMinute":"30'"},{"n_ActionID":12714429,"n_ActionCode":1024,"n_ActionCode2":0,"n_ActionCode3":1,"n_ActionSet":12,"n_ActionSort":39,"c_Action":"Free kick","c_ActionShort":"FK","n_PeriodSort":2,"c_Period":"First half","c_PeriodShort":"1H","n_ActionTime":1831000,"n_HomeGoals":1,"n_AwayGoals":0,"n_HomeOrAway":-1,"n_TeamID":5,"c_Team":"Go Ahead Eagles","c_TeamShort":"GAE","n_PersonID":1079830,"c_Person":"Deniz Turuc","c_PersonSort":"Turuc, Deniz","c_PersonShort":"Turuc","n_PersonNatioGeoID":2201,"c_PersonNatio":"Netherlands","c_PersonNatioShort":"NED","n_TeamNatioGeoID":2201,"c_TeamNatio":"Netherlands","c_TeamNatioShort":"NED","n_ActionReasonID":93,"c_ActionReason":"Blocked","c_ActionInfo":"Left foot","n_SubPersonID":null,"c_SubPerson":"","c_SubPersonShort":"","c_ActionMinute":"31'"},{"n_ActionID":12714430,"n_ActionCode":536870912,"n_ActionCode2":0,"n_ActionCode3":0,"n_ActionSet":15,"n_ActionSort":40,"c_Action":"Shot blocked by","c_ActionShort":null,"n_PeriodSort":2,"c_Period":"First half","c_PeriodShort":"1H","n_ActionTime":1833000,"n_HomeGoals":1,"n_AwayGoals":0,"n_HomeOrAway":1,"n_TeamID":11,"c_Team":"PSV","c_TeamShort":"PSV","n_PersonID":603677,"c_Person":"Andrés Guardado","c_PersonSort":"Guardado, Andrés","c_PersonShort":"Guardado","n_PersonNatioGeoID":2228,"c_PersonNatio":"Mexico","c_PersonNatioShort":"MEX","n_TeamNatioGeoID":2201,"c_TeamNatio":"Netherlands","c_TeamNatioShort":"NED","n_ActionReasonID":0,"c_ActionReason":null,"c_ActionInfo":null,"n_SubPersonID":null,"c_SubPerson":"","c_SubPersonShort":"","c_ActionMinute":"31'"},{"n_ActionID":12714431,"n_ActionCode":4194304,"n_ActionCode2":0,"n_ActionCode3":1,"n_ActionSet":15,"n_ActionSort":41,"c_Action":"Blocked shot","c_ActionShort":"BS","n_PeriodSort":2,"c_Period":"First half","c_PeriodShort":"1H","n_ActionTime":1833000,"n_HomeGoals":1,"n_AwayGoals":0,"n_HomeOrAway":-1,"n_TeamID":5,"c_Team":"Go Ahead Eagles","c_TeamShort":"GAE","n_PersonID":1079830,"c_Person":"Deniz Turuc","c_PersonSort":"Turuc, Deniz","c_PersonShort":"Turuc","n_PersonNatioGeoID":2201,"c_PersonNatio":"Netherlands","c_PersonNatioShort":"NED","n_TeamNatioGeoID":2201,"c_TeamNatio":"Netherlands","c_TeamNatioShort":"NED","n_ActionReasonID":0,"c_ActionReason":null,"c_ActionInfo":"Left foot","n_SubPersonID":null,"c_SubPerson":"","c_SubPersonShort":"","c_ActionMinute":"31'"},{"n_ActionID":12714455,"n_ActionCode":65536,"n_ActionCode2":0,"n_ActionCode3":2,"n_ActionSet":12,"n_ActionSort":42,"c_Action":"Shot wide","c_ActionShort":"SW","n_PeriodSort":2,"c_Period":"First half","c_PeriodShort":"1H","n_ActionTime":1878000,"n_HomeGoals":1,"n_AwayGoals":0,"n_HomeOrAway":1,"n_TeamID":11,"c_Team":"PSV","c_TeamShort":"PSV","n_PersonID":740670,"c_Person":"Luuk de Jong","c_PersonSort":"De Jong, Luuk","c_PersonShort":"L. de Jong","n_PersonNatioGeoID":2201,"c_PersonNatio":"Netherlands","c_PersonNatioShort":"NED","n_TeamNatioGeoID":2201,"c_TeamNatio":"Netherlands","c_TeamNatioShort":"NED","n_ActionReasonID":0,"c_ActionReason":null,"c_ActionInfo":"Right foot","n_SubPersonID":null,"c_SubPerson":"","c_SubPersonShort":"","c_ActionMinute":"32'"},{"n_ActionID":12714460,"n_ActionCode":16777216,"n_ActionCode2":134217728,"n_ActionCode3":0,"n_ActionSet":15,"n_ActionSort":43,"c_Action":"Goal kick","c_ActionShort":"GK","n_PeriodSort":2,"c_Period":"First half","c_PeriodShort":"1H","n_ActionTime":1891000,"n_HomeGoals":1,"n_AwayGoals":0,"n_HomeOrAway":-1,"n_TeamID":5,"c_Team":"Go Ahead Eagles","c_TeamShort":"GAE","n_PersonID":1070812,"c_Person":"Mickey van der Hart","c_PersonSort":"Van der Hart, Mickey","c_PersonShort":"van der Hart","n_PersonNatioGeoID":2201,"c_PersonNatio":"Netherlands","c_PersonNatioShort":"NED","n_TeamNatioGeoID":2201,"c_TeamNatio":"Netherlands","c_TeamNatioShort":"NED","n_ActionReasonID":0,"c_ActionReason":null,"c_ActionInfo":null,"n_SubPersonID":null,"c_SubPerson":"","c_SubPersonShort":"","c_ActionMinute":"32'"},{"n_ActionID":12714465,"n_ActionCode":2097152,"n_ActionCode2":0,"n_ActionCode3":0,"n_ActionSet":12,"n_ActionSort":44,"c_Action":"Foul committed","c_ActionShort":"FC","n_PeriodSort":2,"c_Period":"First half","c_PeriodShort":"1H","n_ActionTime":1901000,"n_HomeGoals":1,"n_AwayGoals":0,"n_HomeOrAway":-1,"n_TeamID":5,"c_Team":"Go Ahead Eagles","c_TeamShort":"GAE","n_PersonID":746117,"c_Person":"Bart Vriends","c_PersonSort":"Vriends, Bart","c_PersonShort":"Vriends","n_PersonNatioGeoID":2201,"c_PersonNatio":"Netherlands","c_PersonNatioShort":"NED","n_TeamNatioGeoID":2201,"c_TeamNatio":"Netherlands","c_TeamNatioShort":"NED","n_ActionReasonID":0,"c_ActionReason":null,"c_ActionInfo":null,"n_SubPersonID":740670,"c_SubPerson":"Luuk de Jong","c_SubPersonShort":"L. de Jong","c_ActionMinute":"32'"},{"n_ActionID":12714468,"n_ActionCode":1024,"n_ActionCode2":0,"n_ActionCode3":2,"n_ActionSet":12,"n_ActionSort":45,"c_Action":"Free kick","c_ActionShort":"FK","n_PeriodSort":2,"c_Period":"First half","c_PeriodShort":"1H","n_ActionTime":1915000,"n_HomeGoals":1,"n_AwayGoals":0,"n_HomeOrAway":1,"n_TeamID":11,"c_Team":"PSV","c_TeamShort":"PSV","n_PersonID":603677,"c_Person":"Andrés Guardado","c_PersonSort":"Guardado, Andrés","c_PersonShort":"Guardado","n_PersonNatioGeoID":2228,"c_PersonNatio":"Mexico","c_PersonNatioShort":"MEX","n_TeamNatioGeoID":2201,"c_TeamNatio":"Netherlands","c_TeamNatioShort":"NED","n_ActionReasonID":0,"c_ActionReason":null,"c_ActionInfo":"Right foot","n_SubPersonID":null,"c_SubPerson":"","c_SubPersonShort":"","c_ActionMinute":"32'"},{"n_ActionID":12714493,"n_ActionCode":4,"n_ActionCode2":0,"n_ActionCode3":67239940,"n_ActionSet":1,"n_ActionSort":46,"c_Action":"Goal","c_ActionShort":"G","n_PeriodSort":2,"c_Period":"First half","c_PeriodShort":"1H","n_ActionTime":1964000,"n_HomeGoals":2,"n_AwayGoals":0,"n_HomeOrAway":1,"n_TeamID":11,"c_Team":"PSV","c_TeamShort":"PSV","n_PersonID":970679,"c_Person":"Memphis Depay","c_PersonSort":"Depay, Memphis","c_PersonShort":"Depay","n_PersonNatioGeoID":2201,"c_PersonNatio":"Netherlands","c_PersonNatioShort":"NED","n_TeamNatioGeoID":2201,"c_TeamNatio":"Netherlands","c_TeamNatioShort":"NED","n_ActionReasonID":37,"c_ActionReason":"Assist","c_ActionInfo":"Header","n_SubPersonID":802770,"c_SubPerson":"Jeffrey Bruma","c_SubPersonShort":"Bruma","c_ActionMinute":"33'"},{"n_ActionID":12714520,"n_ActionCode":0,"n_ActionCode2":17408,"n_ActionCode3":0,"n_ActionSet":15,"n_ActionSort":47,"c_Action":"Kick-off","c_ActionShort":"KO","n_PeriodSort":2,"c_Period":"First half","c_PeriodShort":"1H","n_ActionTime":2019000,"n_HomeGoals":2,"n_AwayGoals":0,"n_HomeOrAway":-1,"n_TeamID":5,"c_Team":"Go Ahead Eagles","c_TeamShort":"GAE","n_PersonID":90787,"c_Person":"Marnix Kolder","c_PersonSort":"Kolder, Marnix","c_PersonShort":"Kolder","n_PersonNatioGeoID":2201,"c_PersonNatio":"Netherlands","c_PersonNatioShort":"NED","n_TeamNatioGeoID":2201,"c_TeamNatio":"Netherlands","c_TeamNatioShort":"NED","n_ActionReasonID":0,"c_ActionReason":null,"c_ActionInfo":null,"n_SubPersonID":null,"c_SubPerson":"","c_SubPersonShort":"","c_ActionMinute":"34'"},{"n_ActionID":12714525,"n_ActionCode":2097152,"n_ActionCode2":0,"n_ActionCode3":0,"n_ActionSet":12,"n_ActionSort":48,"c_Action":"Foul committed","c_ActionShort":"FC","n_PeriodSort":2,"c_Period":"First half","c_PeriodShort":"1H","n_ActionTime":2034000,"n_HomeGoals":2,"n_AwayGoals":0,"n_HomeOrAway":-1,"n_TeamID":5,"c_Team":"Go Ahead Eagles","c_TeamShort":"GAE","n_PersonID":90787,"c_Person":"Marnix Kolder","c_PersonSort":"Kolder, Marnix","c_PersonShort":"Kolder","n_PersonNatioGeoID":2201,"c_PersonNatio":"Netherlands","c_PersonNatioShort":"NED","n_TeamNatioGeoID":2201,"c_TeamNatio":"Netherlands","c_TeamNatioShort":"NED","n_ActionReasonID":0,"c_ActionReason":null,"c_ActionInfo":null,"n_SubPersonID":970699,"c_SubPerson":"Karim Rekik","c_SubPersonShort":"Rekik","c_ActionMinute":"34'"},{"n_ActionID":12714546,"n_ActionCode":2097152,"n_ActionCode2":0,"n_ActionCode3":0,"n_ActionSet":12,"n_ActionSort":49,"c_Action":"Foul committed","c_ActionShort":"FC","n_PeriodSort":2,"c_Period":"First half","c_PeriodShort":"1H","n_ActionTime":2106000,"n_HomeGoals":2,"n_AwayGoals":0,"n_HomeOrAway":1,"n_TeamID":11,"c_Team":"PSV","c_TeamShort":"PSV","n_PersonID":868287,"c_Person":"Adam Maher","c_PersonSort":"Maher, Adam","c_PersonShort":"Maher","n_PersonNatioGeoID":2201,"c_PersonNatio":"Netherlands","c_PersonNatioShort":"NED","n_TeamNatioGeoID":2201,"c_TeamNatio":"Netherlands","c_TeamNatioShort":"NED","n_ActionReasonID":0,"c_ActionReason":null,"c_ActionInfo":null,"n_SubPersonID":928686,"c_SubPerson":"Alex Schalk","c_SubPersonShort":"Schalk","c_ActionMinute":"36'"},{"n_ActionID":12714564,"n_ActionCode":1024,"n_ActionCode2":0,"n_ActionCode3":2,"n_ActionSet":12,"n_ActionSort":50,"c_Action":"Free kick","c_ActionShort":"FK","n_PeriodSort":2,"c_Period":"First half","c_PeriodShort":"1H","n_ActionTime":2156000,"n_HomeGoals":2,"n_AwayGoals":0,"n_HomeOrAway":-1,"n_TeamID":5,"c_Team":"Go Ahead Eagles","c_TeamShort":"GAE","n_PersonID":746117,"c_Person":"Bart Vriends","c_PersonSort":"Vriends, Bart","c_PersonShort":"Vriends","n_PersonNatioGeoID":2201,"c_PersonNatio":"Netherlands","c_PersonNatioShort":"NED","n_TeamNatioGeoID":2201,"c_TeamNatio":"Netherlands","c_TeamNatioShort":"NED","n_ActionReasonID":0,"c_ActionReason":null,"c_ActionInfo":"Right foot","n_SubPersonID":null,"c_SubPerson":"","c_SubPersonShort":"","c_ActionMinute":"36'"},{"n_ActionID":12714569,"n_ActionCode":65536,"n_ActionCode2":0,"n_ActionCode3":2,"n_ActionSet":12,"n_ActionSort":51,"c_Action":"Shot wide","c_ActionShort":"SW","n_PeriodSort":2,"c_Period":"First half","c_PeriodShort":"1H","n_ActionTime":2173000,"n_HomeGoals":2,"n_AwayGoals":0,"n_HomeOrAway":1,"n_TeamID":11,"c_Team":"PSV","c_TeamShort":"PSV","n_PersonID":753369,"c_Person":"Luciano Narsingh","c_PersonSort":"Narsingh, Luciano","c_PersonShort":"Narsingh","n_PersonNatioGeoID":2201,"c_PersonNatio":"Netherlands","c_PersonNatioShort":"NED","n_TeamNatioGeoID":2201,"c_TeamNatio":"Netherlands","c_TeamNatioShort":"NED","n_ActionReasonID":0,"c_ActionReason":null,"c_ActionInfo":"Right foot","n_SubPersonID":null,"c_SubPerson":"","c_SubPersonShort":"","c_ActionMinute":"37'"},{"n_ActionID":12714571,"n_ActionCode":16777216,"n_ActionCode2":134217728,"n_ActionCode3":0,"n_ActionSet":15,"n_ActionSort":52,"c_Action":"Goal kick","c_ActionShort":"GK","n_PeriodSort":2,"c_Period":"First half","c_PeriodShort":"1H","n_ActionTime":2198000,"n_HomeGoals":2,"n_AwayGoals":0,"n_HomeOrAway":-1,"n_TeamID":5,"c_Team":"Go Ahead Eagles","c_TeamShort":"GAE","n_PersonID":1070812,"c_Person":"Mickey van der Hart","c_PersonSort":"Van der Hart, Mickey","c_PersonShort":"van der Hart","n_PersonNatioGeoID":2201,"c_PersonNatio":"Netherlands","c_PersonNatioShort":"NED","n_TeamNatioGeoID":2201,"c_TeamNatio":"Netherlands","c_TeamNatioShort":"NED","n_ActionReasonID":0,"c_ActionReason":null,"c_ActionInfo":null,"n_SubPersonID":null,"c_SubPerson":"","c_SubPersonShort":"","c_ActionMinute":"37'"},{"n_ActionID":12714637,"n_ActionCode":2097152,"n_ActionCode2":0,"n_ActionCode3":0,"n_ActionSet":12,"n_ActionSort":53,"c_Action":"Foul committed","c_ActionShort":"FC","n_PeriodSort":2,"c_Period":"First half","c_PeriodShort":"1H","n_ActionTime":2370000,"n_HomeGoals":2,"n_AwayGoals":0,"n_HomeOrAway":1,"n_TeamID":11,"c_Team":"PSV","c_TeamShort":"PSV","n_PersonID":1095543,"c_Person":"Joshua Brenet","c_PersonSort":"Brenet, Joshua","c_PersonShort":"Brenet","n_PersonNatioGeoID":2201,"c_PersonNatio":"Netherlands","c_PersonNatioShort":"NED","n_TeamNatioGeoID":2201,"c_TeamNatio":"Netherlands","c_TeamNatioShort":"NED","n_ActionReasonID":0,"c_ActionReason":null,"c_ActionInfo":null,"n_SubPersonID":1079830,"c_SubPerson":"Deniz Turuc","c_SubPersonShort":"Turuc","c_ActionMinute":"40'"},{"n_ActionID":12714655,"n_ActionCode":1024,"n_ActionCode2":0,"n_ActionCode3":1,"n_ActionSet":12,"n_ActionSort":54,"c_Action":"Free kick","c_ActionShort":"FK","n_PeriodSort":2,"c_Period":"First half","c_PeriodShort":"1H","n_ActionTime":2425000,"n_HomeGoals":2,"n_AwayGoals":0,"n_HomeOrAway":-1,"n_TeamID":5,"c_Team":"Go Ahead Eagles","c_TeamShort":"GAE","n_PersonID":450188,"c_Person":"Sander Duits","c_PersonSort":"Duits, Sander","c_PersonShort":"Duits","n_PersonNatioGeoID":2201,"c_PersonNatio":"Netherlands","c_PersonNatioShort":"NED","n_TeamNatioGeoID":2201,"c_TeamNatio":"Netherlands","c_TeamNatioShort":"NED","n_ActionReasonID":0,"c_ActionReason":null,"c_ActionInfo":"Left foot","n_SubPersonID":null,"c_SubPerson":"","c_SubPersonShort":"","c_ActionMinute":"41'"},{"n_ActionID":12714700,"n_ActionCode":16777216,"n_ActionCode2":134217728,"n_ActionCode3":0,"n_ActionSet":15,"n_ActionSort":55,"c_Action":"Goal kick","c_ActionShort":"GK","n_PeriodSort":2,"c_Period":"First half","c_PeriodShort":"1H","n_ActionTime":2593000,"n_HomeGoals":2,"n_AwayGoals":0,"n_HomeOrAway":-1,"n_TeamID":5,"c_Team":"Go Ahead Eagles","c_TeamShort":"GAE","n_PersonID":1070812,"c_Person":"Mickey van der Hart","c_PersonSort":"Van der Hart, Mickey","c_PersonShort":"van der Hart","n_PersonNatioGeoID":2201,"c_PersonNatio":"Netherlands","c_PersonNatioShort":"NED","n_TeamNatioGeoID":2201,"c_TeamNatio":"Netherlands","c_TeamNatioShort":"NED","n_ActionReasonID":0,"c_ActionReason":null,"c_ActionInfo":null,"n_SubPersonID":null,"c_SubPerson":"","c_SubPersonShort":"","c_ActionMinute":"44'"},{"n_ActionID":12714724,"n_ActionCode":2097152,"n_ActionCode2":0,"n_ActionCode3":0,"n_ActionSet":12,"n_ActionSort":56,"c_Action":"Foul committed","c_ActionShort":"FC","n_PeriodSort":2,"c_Period":"First half","c_PeriodShort":"1H","n_ActionTime":2680000,"n_HomeGoals":2,"n_AwayGoals":0,"n_HomeOrAway":1,"n_TeamID":11,"c_Team":"PSV","c_TeamShort":"PSV","n_PersonID":970679,"c_Person":"Memphis Depay","c_PersonSort":"Depay, Memphis","c_PersonShort":"Depay","n_PersonNatioGeoID":2201,"c_PersonNatio":"Netherlands","c_PersonNatioShort":"NED","n_TeamNatioGeoID":2201,"c_TeamNatio":"Netherlands","c_TeamNatioShort":"NED","n_ActionReasonID":0,"c_ActionReason":null,"c_ActionInfo":null,"n_SubPersonID":1079830,"c_SubPerson":"Deniz Turuc","c_SubPersonShort":"Turuc","c_ActionMinute":"45'"},{"n_ActionID":12714731,"n_ActionCode":1024,"n_ActionCode2":0,"n_ActionCode3":1,"n_ActionSet":12,"n_ActionSort":57,"c_Action":"Free kick","c_ActionShort":"FK","n_PeriodSort":2,"c_Period":"First half","c_PeriodShort":"1H","n_ActionTime":2697000,"n_HomeGoals":2,"n_AwayGoals":0,"n_HomeOrAway":-1,"n_TeamID":5,"c_Team":"Go Ahead Eagles","c_TeamShort":"GAE","n_PersonID":1070812,"c_Person":"Mickey van der Hart","c_PersonSort":"Van der Hart, Mickey","c_PersonShort":"van der Hart","n_PersonNatioGeoID":2201,"c_PersonNatio":"Netherlands","c_PersonNatioShort":"NED","n_TeamNatioGeoID":2201,"c_TeamNatio":"Netherlands","c_TeamNatioShort":"NED","n_ActionReasonID":0,"c_ActionReason":null,"c_ActionInfo":"Left foot","n_SubPersonID":null,"c_SubPerson":"","c_SubPersonShort":"","c_ActionMinute":"45'"},{"n_ActionID":12714732,"n_ActionCode":0,"n_ActionCode2":2048,"n_ActionCode3":0,"n_ActionSet":16,"n_ActionSort":58,"c_Action":"End of period","c_ActionShort":"End","n_PeriodSort":2,"c_Period":"First half","c_PeriodShort":"1H","n_ActionTime":2702000,"n_HomeGoals":2,"n_AwayGoals":0,"n_HomeOrAway":0,"n_TeamID":0,"c_Team":"","c_TeamShort":"","n_PersonID":0,"c_Person":"","c_PersonSort":"","c_PersonShort":"","n_PersonNatioGeoID":0,"c_PersonNatio":null,"c_PersonNatioShort":null,"n_TeamNatioGeoID":null,"c_TeamNatio":null,"c_TeamNatioShort":null,"n_ActionReasonID":0,"c_ActionReason":null,"c_ActionInfo":null,"n_SubPersonID":null,"c_SubPerson":"","c_SubPersonShort":"","c_ActionMinute":"45'+1'"},{"n_ActionID":12715044,"n_ActionCode":0,"n_ActionCode2":1024,"n_ActionCode3":0,"n_ActionSet":16,"n_ActionSort":59,"c_Action":"Kick-off","c_ActionShort":"KO","n_PeriodSort":4,"c_Period":"Second half","c_PeriodShort":"2H","n_ActionTime":2700000,"n_HomeGoals":2,"n_AwayGoals":0,"n_HomeOrAway":1,"n_TeamID":11,"c_Team":"PSV","c_TeamShort":"PSV","n_PersonID":0,"c_Person":"","c_PersonSort":"","c_PersonShort":"","n_PersonNatioGeoID":0,"c_PersonNatio":null,"c_PersonNatioShort":null,"n_TeamNatioGeoID":2201,"c_TeamNatio":"Netherlands","c_TeamNatioShort":"NED","n_ActionReasonID":0,"c_ActionReason":null,"c_ActionInfo":null,"n_SubPersonID":null,"c_SubPerson":"","c_SubPersonShort":"","c_ActionMinute":"45'"},{"n_ActionID":12715059,"n_ActionCode":512,"n_ActionCode2":16777216,"n_ActionCode3":1,"n_ActionSet":12,"n_ActionSort":60,"c_Action":"Corner","c_ActionShort":"C","n_PeriodSort":4,"c_Period":"Second half","c_PeriodShort":"2H","n_ActionTime":2752000,"n_HomeGoals":2,"n_AwayGoals":0,"n_HomeOrAway":1,"n_TeamID":11,"c_Team":"PSV","c_TeamShort":"PSV","n_PersonID":603677,"c_Person":"Andrés Guardado","c_PersonSort":"Guardado, Andrés","c_PersonShort":"Guardado","n_PersonNatioGeoID":2228,"c_PersonNatio":"Mexico","c_PersonNatioShort":"MEX","n_TeamNatioGeoID":2201,"c_TeamNatio":"Netherlands","c_TeamNatioShort":"NED","n_ActionReasonID":0,"c_ActionReason":null,"c_ActionInfo":"Left foot","n_SubPersonID":null,"c_SubPerson":"","c_SubPersonShort":"","c_ActionMinute":"46'"},{"n_ActionID":12715084,"n_ActionCode":2097152,"n_ActionCode2":0,"n_ActionCode3":0,"n_ActionSet":12,"n_ActionSort":61,"c_Action":"Foul committed","c_ActionShort":"FC","n_PeriodSort":4,"c_Period":"Second half","c_PeriodShort":"2H","n_ActionTime":2835000,"n_HomeGoals":2,"n_AwayGoals":0,"n_HomeOrAway":-1,"n_TeamID":5,"c_Team":"Go Ahead Eagles","c_TeamShort":"GAE","n_PersonID":788784,"c_Person":"Lars Lambooij","c_PersonSort":"Lambooij, Lars","c_PersonShort":"Lambooij","n_PersonNatioGeoID":2201,"c_PersonNatio":"Netherlands","c_PersonNatioShort":"NED","n_TeamNatioGeoID":2201,"c_TeamNatio":"Netherlands","c_TeamNatioShort":"NED","n_ActionReasonID":0,"c_ActionReason":null,"c_ActionInfo":null,"n_SubPersonID":868287,"c_SubPerson":"Adam Maher","c_SubPersonShort":"Maher","c_ActionMinute":"48'"},{"n_ActionID":12715085,"n_ActionCode":1024,"n_ActionCode2":0,"n_ActionCode3":2,"n_ActionSet":12,"n_ActionSort":62,"c_Action":"Free kick","c_ActionShort":"FK","n_PeriodSort":4,"c_Period":"Second half","c_PeriodShort":"2H","n_ActionTime":2843000,"n_HomeGoals":2,"n_AwayGoals":0,"n_HomeOrAway":1,"n_TeamID":11,"c_Team":"PSV","c_TeamShort":"PSV","n_PersonID":868287,"c_Person":"Adam Maher","c_PersonSort":"Maher, Adam","c_PersonShort":"Maher","n_PersonNatioGeoID":2201,"c_PersonNatio":"Netherlands","c_PersonNatioShort":"NED","n_TeamNatioGeoID":2201,"c_TeamNatio":"Netherlands","c_TeamNatioShort":"NED","n_ActionReasonID":0,"c_ActionReason":null,"c_ActionInfo":"Right foot","n_SubPersonID":null,"c_SubPerson":"","c_SubPersonShort":"","c_ActionMinute":"48'"},{"n_ActionID":12715102,"n_ActionCode":2097152,"n_ActionCode2":0,"n_ActionCode3":0,"n_ActionSet":12,"n_ActionSort":63,"c_Action":"Foul committed","c_ActionShort":"FC","n_PeriodSort":4,"c_Period":"Second half","c_PeriodShort":"2H","n_ActionTime":2922000,"n_HomeGoals":2,"n_AwayGoals":0,"n_HomeOrAway":-1,"n_TeamID":5,"c_Team":"Go Ahead Eagles","c_TeamShort":"GAE","n_PersonID":868286,"c_Person":"Giliano Wijnaldum","c_PersonSort":"Wijnaldum, Giliano","c_PersonShort":"Wijnaldum","n_PersonNatioGeoID":2201,"c_PersonNatio":"Netherlands","c_PersonNatioShort":"NED","n_TeamNatioGeoID":2201,"c_TeamNatio":"Netherlands","c_TeamNatioShort":"NED","n_ActionReasonID":0,"c_ActionReason":null,"c_ActionInfo":null,"n_SubPersonID":970679,"c_SubPerson":"Memphis Depay","c_SubPersonShort":"Depay","c_ActionMinute":"49'"},{"n_ActionID":12715108,"n_ActionCode":1024,"n_ActionCode2":0,"n_ActionCode3":2,"n_ActionSet":12,"n_ActionSort":64,"c_Action":"Free kick","c_ActionShort":"FK","n_PeriodSort":4,"c_Period":"Second half","c_PeriodShort":"2H","n_ActionTime":2939000,"n_HomeGoals":2,"n_AwayGoals":0,"n_HomeOrAway":1,"n_TeamID":11,"c_Team":"PSV","c_TeamShort":"PSV","n_PersonID":868287,"c_Person":"Adam Maher","c_PersonSort":"Maher, Adam","c_PersonShort":"Maher","n_PersonNatioGeoID":2201,"c_PersonNatio":"Netherlands","c_PersonNatioShort":"NED","n_TeamNatioGeoID":2201,"c_TeamNatio":"Netherlands","c_TeamNatioShort":"NED","n_ActionReasonID":0,"c_ActionReason":null,"c_ActionInfo":"Right foot","n_SubPersonID":null,"c_SubPerson":"","c_SubPersonShort":"","c_ActionMinute":"49'"},{"n_ActionID":12715117,"n_ActionCode":16777216,"n_ActionCode2":134217728,"n_ActionCode3":0,"n_ActionSet":15,"n_ActionSort":65,"c_Action":"Goal kick","c_ActionShort":"GK","n_PeriodSort":4,"c_Period":"Second half","c_PeriodShort":"2H","n_ActionTime":2984000,"n_HomeGoals":2,"n_AwayGoals":0,"n_HomeOrAway":1,"n_TeamID":11,"c_Team":"PSV","c_TeamShort":"PSV","n_PersonID":740537,"c_Person":"Jeroen Zoet","c_PersonSort":"Zoet, Jeroen","c_PersonShort":"Zoet","n_PersonNatioGeoID":2201,"c_PersonNatio":"Netherlands","c_PersonNatioShort":"NED","n_TeamNatioGeoID":2201,"c_TeamNatio":"Netherlands","c_TeamNatioShort":"NED","n_ActionReasonID":0,"c_ActionReason":null,"c_ActionInfo":null,"n_SubPersonID":null,"c_SubPerson":"","c_SubPersonShort":"","c_ActionMinute":"50'"},{"n_ActionID":12715125,"n_ActionCode":2097152,"n_ActionCode2":0,"n_ActionCode3":0,"n_ActionSet":12,"n_ActionSort":66,"c_Action":"Foul committed","c_ActionShort":"FC","n_PeriodSort":4,"c_Period":"Second half","c_PeriodShort":"2H","n_ActionTime":3028000,"n_HomeGoals":2,"n_AwayGoals":0,"n_HomeOrAway":1,"n_TeamID":11,"c_Team":"PSV","c_TeamShort":"PSV","n_PersonID":1095543,"c_Person":"Joshua Brenet","c_PersonSort":"Brenet, Joshua","c_PersonShort":"Brenet","n_PersonNatioGeoID":2201,"c_PersonNatio":"Netherlands","c_PersonNatioShort":"NED","n_TeamNatioGeoID":2201,"c_TeamNatio":"Netherlands","c_TeamNatioShort":"NED","n_ActionReasonID":0,"c_ActionReason":null,"c_ActionInfo":null,"n_SubPersonID":1070816,"c_SubPerson":"Sven Nieuwpoort","c_SubPersonShort":"S.Nieuwpoort","c_ActionMinute":"51'"},{"n_ActionID":12715129,"n_ActionCode":1024,"n_ActionCode2":0,"n_ActionCode3":2,"n_ActionSet":12,"n_ActionSort":67,"c_Action":"Free kick","c_ActionShort":"FK","n_PeriodSort":4,"c_Period":"Second half","c_PeriodShort":"2H","n_ActionTime":3054000,"n_HomeGoals":2,"n_AwayGoals":0,"n_HomeOrAway":-1,"n_TeamID":5,"c_Team":"Go Ahead Eagles","c_TeamShort":"GAE","n_PersonID":1070816,"c_Person":"Sven Nieuwpoort","c_PersonSort":"Nieuwpoort, Sven","c_PersonShort":"S.Nieuwpoort","n_PersonNatioGeoID":2201,"c_PersonNatio":"Netherlands","c_PersonNatioShort":"NED","n_TeamNatioGeoID":2201,"c_TeamNatio":"Netherlands","c_TeamNatioShort":"NED","n_ActionReasonID":0,"c_ActionReason":null,"c_ActionInfo":"Right foot","n_SubPersonID":null,"c_SubPerson":"","c_SubPersonShort":"","c_ActionMinute":"51'"},{"n_ActionID":12715142,"n_ActionCode":2097152,"n_ActionCode2":0,"n_ActionCode3":0,"n_ActionSet":12,"n_ActionSort":68,"c_Action":"Foul committed","c_ActionShort":"FC","n_PeriodSort":4,"c_Period":"Second half","c_PeriodShort":"2H","n_ActionTime":3149000,"n_HomeGoals":2,"n_AwayGoals":0,"n_HomeOrAway":-1,"n_TeamID":5,"c_Team":"Go Ahead Eagles","c_TeamShort":"GAE","n_PersonID":928686,"c_Person":"Alex Schalk","c_PersonSort":"Schalk, Alex","c_PersonShort":"Schalk","n_PersonNatioGeoID":2201,"c_PersonNatio":"Netherlands","c_PersonNatioShort":"NED","n_TeamNatioGeoID":2201,"c_TeamNatio":"Netherlands","c_TeamNatioShort":"NED","n_ActionReasonID":0,"c_ActionReason":null,"c_ActionInfo":null,"n_SubPersonID":970679,"c_SubPerson":"Memphis Depay","c_SubPersonShort":"Depay","c_ActionMinute":"53'"},{"n_ActionID":12715157,"n_ActionCode":1024,"n_ActionCode2":0,"n_ActionCode3":1,"n_ActionSet":12,"n_ActionSort":69,"c_Action":"Free kick","c_ActionShort":"FK","n_PeriodSort":4,"c_Period":"Second half","c_PeriodShort":"2H","n_ActionTime":3187000,"n_HomeGoals":2,"n_AwayGoals":0,"n_HomeOrAway":1,"n_TeamID":11,"c_Team":"PSV","c_TeamShort":"PSV","n_PersonID":603677,"c_Person":"Andrés Guardado","c_PersonSort":"Guardado, Andrés","c_PersonShort":"Guardado","n_PersonNatioGeoID":2228,"c_PersonNatio":"Mexico","c_PersonNatioShort":"MEX","n_TeamNatioGeoID":2201,"c_TeamNatio":"Netherlands","c_TeamNatioShort":"NED","n_ActionReasonID":0,"c_ActionReason":null,"c_ActionInfo":"Left foot","n_SubPersonID":null,"c_SubPerson":"","c_SubPersonShort":"","c_ActionMinute":"54'"},{"n_ActionID":12715206,"n_ActionCode":2097152,"n_ActionCode2":0,"n_ActionCode3":0,"n_ActionSet":12,"n_ActionSort":70,"c_Action":"Foul committed","c_ActionShort":"FC","n_PeriodSort":4,"c_Period":"Second half","c_PeriodShort":"2H","n_ActionTime":3518000,"n_HomeGoals":2,"n_AwayGoals":0,"n_HomeOrAway":1,"n_TeamID":11,"c_Team":"PSV","c_TeamShort":"PSV","n_PersonID":1095543,"c_Person":"Joshua Brenet","c_PersonSort":"Brenet, Joshua","c_PersonShort":"Brenet","n_PersonNatioGeoID":2201,"c_PersonNatio":"Netherlands","c_PersonNatioShort":"NED","n_TeamNatioGeoID":2201,"c_TeamNatio":"Netherlands","c_TeamNatioShort":"NED","n_ActionReasonID":0,"c_ActionReason":null,"c_ActionInfo":null,"n_SubPersonID":1079830,"c_SubPerson":"Deniz Turuc","c_SubPersonShort":"Turuc","c_ActionMinute":"59'"},{"n_ActionID":12715209,"n_ActionCode":1024,"n_ActionCode2":0,"n_ActionCode3":1,"n_ActionSet":12,"n_ActionSort":71,"c_Action":"Free kick","c_ActionShort":"FK","n_PeriodSort":4,"c_Period":"Second half","c_PeriodShort":"2H","n_ActionTime":3535000,"n_HomeGoals":2,"n_AwayGoals":0,"n_HomeOrAway":-1,"n_TeamID":5,"c_Team":"Go Ahead Eagles","c_TeamShort":"GAE","n_PersonID":1070812,"c_Person":"Mickey van der Hart","c_PersonSort":"Van der Hart, Mickey","c_PersonShort":"van der Hart","n_PersonNatioGeoID":2201,"c_PersonNatio":"Netherlands","c_PersonNatioShort":"NED","n_TeamNatioGeoID":2201,"c_TeamNatio":"Netherlands","c_TeamNatioShort":"NED","n_ActionReasonID":0,"c_ActionReason":null,"c_ActionInfo":"Left foot","n_SubPersonID":null,"c_SubPerson":"","c_SubPersonShort":"","c_ActionMinute":"59'"},{"n_ActionID":12715269,"n_ActionCode":2097152,"n_ActionCode2":0,"n_ActionCode3":0,"n_ActionSet":12,"n_ActionSort":72,"c_Action":"Foul committed","c_ActionShort":"FC","n_PeriodSort":4,"c_Period":"Second half","c_PeriodShort":"2H","n_ActionTime":3676000,"n_HomeGoals":2,"n_AwayGoals":0,"n_HomeOrAway":-1,"n_TeamID":5,"c_Team":"Go Ahead Eagles","c_TeamShort":"GAE","n_PersonID":746117,"c_Person":"Bart Vriends","c_PersonSort":"Vriends, Bart","c_PersonShort":"Vriends","n_PersonNatioGeoID":2201,"c_PersonNatio":"Netherlands","c_PersonNatioShort":"NED","n_TeamNatioGeoID":2201,"c_TeamNatio":"Netherlands","c_TeamNatioShort":"NED","n_ActionReasonID":0,"c_ActionReason":null,"c_ActionInfo":null,"n_SubPersonID":970679,"c_SubPerson":"Memphis Depay","c_SubPersonShort":"Depay","c_ActionMinute":"62'"},{"n_ActionID":12715271,"n_ActionCode":1024,"n_ActionCode2":0,"n_ActionCode3":1,"n_ActionSet":12,"n_ActionSort":73,"c_Action":"Free kick","c_ActionShort":"FK","n_PeriodSort":4,"c_Period":"Second half","c_PeriodShort":"2H","n_ActionTime":3687000,"n_HomeGoals":2,"n_AwayGoals":0,"n_HomeOrAway":1,"n_TeamID":11,"c_Team":"PSV","c_TeamShort":"PSV","n_PersonID":603677,"c_Person":"Andrés Guardado","c_PersonSort":"Guardado, Andrés","c_PersonShort":"Guardado","n_PersonNatioGeoID":2228,"c_PersonNatio":"Mexico","c_PersonNatioShort":"MEX","n_TeamNatioGeoID":2201,"c_TeamNatio":"Netherlands","c_TeamNatioShort":"NED","n_ActionReasonID":0,"c_ActionReason":null,"c_ActionInfo":"Left foot","n_SubPersonID":null,"c_SubPerson":"","c_SubPersonShort":"","c_ActionMinute":"62'"},{"n_ActionID":12715282,"n_ActionCode":1048576,"n_ActionCode2":0,"n_ActionCode3":67239938,"n_ActionSet":12,"n_ActionSort":74,"c_Action":"Shot on goal","c_ActionShort":"SG","n_PeriodSort":4,"c_Period":"Second half","c_PeriodShort":"2H","n_ActionTime":3741000,"n_HomeGoals":2,"n_AwayGoals":0,"n_HomeOrAway":1,"n_TeamID":11,"c_Team":"PSV","c_TeamShort":"PSV","n_PersonID":740670,"c_Person":"Luuk de Jong","c_PersonSort":"De Jong, Luuk","c_PersonShort":"L. de Jong","n_PersonNatioGeoID":2201,"c_PersonNatio":"Netherlands","c_PersonNatioShort":"NED","n_TeamNatioGeoID":2201,"c_TeamNatio":"Netherlands","c_TeamNatioShort":"NED","n_ActionReasonID":0,"c_ActionReason":null,"c_ActionInfo":"Right foot","n_SubPersonID":null,"c_SubPerson":"","c_SubPersonShort":"","c_ActionMinute":"63'"},{"n_ActionID":12715286,"n_ActionCode":256,"n_ActionCode2":0,"n_ActionCode3":0,"n_ActionSet":12,"n_ActionSort":75,"c_Action":"Save by goalkeeper","c_ActionShort":"SK","n_PeriodSort":4,"c_Period":"Second half","c_PeriodShort":"2H","n_ActionTime":3744000,"n_HomeGoals":2,"n_AwayGoals":0,"n_HomeOrAway":-1,"n_TeamID":5,"c_Team":"Go Ahead Eagles","c_TeamShort":"GAE","n_PersonID":1070812,"c_Person":"Mickey van der Hart","c_PersonSort":"Van der Hart, Mickey","c_PersonShort":"van der Hart","n_PersonNatioGeoID":2201,"c_PersonNatio":"Netherlands","c_PersonNatioShort":"NED","n_TeamNatioGeoID":2201,"c_TeamNatio":"Netherlands","c_TeamNatioShort":"NED","n_ActionReasonID":131,"c_ActionReason":"Standing\/Blocked","c_ActionInfo":null,"n_SubPersonID":null,"c_SubPerson":"","c_SubPersonShort":"","c_ActionMinute":"63'"},{"n_ActionID":12715461,"n_ActionCode":1048576,"n_ActionCode2":0,"n_ActionCode3":67108866,"n_ActionSet":12,"n_ActionSort":76,"c_Action":"Shot on goal","c_ActionShort":"SG","n_PeriodSort":4,"c_Period":"Second half","c_PeriodShort":"2H","n_ActionTime":4090000,"n_HomeGoals":2,"n_AwayGoals":0,"n_HomeOrAway":1,"n_TeamID":11,"c_Team":"PSV","c_TeamShort":"PSV","n_PersonID":740670,"c_Person":"Luuk de Jong","c_PersonSort":"De Jong, Luuk","c_PersonShort":"L. de Jong","n_PersonNatioGeoID":2201,"c_PersonNatio":"Netherlands","c_PersonNatioShort":"NED","n_TeamNatioGeoID":2201,"c_TeamNatio":"Netherlands","c_TeamNatioShort":"NED","n_ActionReasonID":0,"c_ActionReason":null,"c_ActionInfo":"Right foot","n_SubPersonID":null,"c_SubPerson":"","c_SubPersonShort":"","c_ActionMinute":"69'"},{"n_ActionID":12715462,"n_ActionCode":256,"n_ActionCode2":0,"n_ActionCode3":0,"n_ActionSet":12,"n_ActionSort":77,"c_Action":"Save by goalkeeper","c_ActionShort":"SK","n_PeriodSort":4,"c_Period":"Second half","c_PeriodShort":"2H","n_ActionTime":4093000,"n_HomeGoals":2,"n_AwayGoals":0,"n_HomeOrAway":-1,"n_TeamID":5,"c_Team":"Go Ahead Eagles","c_TeamShort":"GAE","n_PersonID":1070812,"c_Person":"Mickey van der Hart","c_PersonSort":"Van der Hart, Mickey","c_PersonShort":"van der Hart","n_PersonNatioGeoID":2201,"c_PersonNatio":"Netherlands","c_PersonNatioShort":"NED","n_TeamNatioGeoID":2201,"c_TeamNatio":"Netherlands","c_TeamNatioShort":"NED","n_ActionReasonID":129,"c_ActionReason":"Diving\/Blocked","c_ActionInfo":null,"n_SubPersonID":null,"c_SubPerson":"","c_SubPersonShort":"","c_ActionMinute":"69'"},{"n_ActionID":12712978,"n_ActionCode":16384,"n_ActionCode2":0,"n_ActionCode3":0,"n_ActionSet":5,"n_ActionSort":78,"c_Action":"Substitution","c_ActionShort":"Sub","n_PeriodSort":4,"c_Period":"Second half","c_PeriodShort":"2H","n_ActionTime":4190000,"n_HomeGoals":null,"n_AwayGoals":null,"n_HomeOrAway":-1,"n_TeamID":5,"c_Team":"Go Ahead Eagles","c_TeamShort":"GAE","n_PersonID":978027,"c_Person":"Fernando Lewis","c_PersonSort":"Lewis, Fernando","c_PersonShort":"Lewis","n_PersonNatioGeoID":2201,"c_PersonNatio":"Netherlands","c_PersonNatioShort":"NED","n_TeamNatioGeoID":2201,"c_TeamNatio":"Netherlands","c_TeamNatioShort":"NED","n_ActionReasonID":0,"c_ActionReason":null,"c_ActionInfo":null,"n_SubPersonID":746182,"c_SubPerson":"Jeffrey Rijsdijk","c_SubPersonShort":"Rijsdijk","c_ActionMinute":"70'"},{"n_ActionID":12715527,"n_ActionCode":2097152,"n_ActionCode2":0,"n_ActionCode3":0,"n_ActionSet":12,"n_ActionSort":79,"c_Action":"Foul committed","c_ActionShort":"FC","n_PeriodSort":4,"c_Period":"Second half","c_PeriodShort":"2H","n_ActionTime":4228000,"n_HomeGoals":2,"n_AwayGoals":0,"n_HomeOrAway":1,"n_TeamID":11,"c_Team":"PSV","c_TeamShort":"PSV","n_PersonID":753369,"c_Person":"Luciano Narsingh","c_PersonSort":"Narsingh, Luciano","c_PersonShort":"Narsingh","n_PersonNatioGeoID":2201,"c_PersonNatio":"Netherlands","c_PersonNatioShort":"NED","n_TeamNatioGeoID":2201,"c_TeamNatio":"Netherlands","c_TeamNatioShort":"NED","n_ActionReasonID":56,"c_ActionReason":"Dive","c_ActionInfo":null,"n_SubPersonID":null,"c_SubPerson":"","c_SubPersonShort":"","c_ActionMinute":"71'"},{"n_ActionID":12715531,"n_ActionCode":2048,"n_ActionCode2":0,"n_ActionCode3":0,"n_ActionSet":3,"n_ActionSort":80,"c_Action":"Yellow","c_ActionShort":"Y","n_PeriodSort":4,"c_Period":"Second half","c_PeriodShort":"2H","n_ActionTime":4232000,"n_HomeGoals":2,"n_AwayGoals":0,"n_HomeOrAway":1,"n_TeamID":11,"c_Team":"PSV","c_TeamShort":"PSV","n_PersonID":753369,"c_Person":"Luciano Narsingh","c_PersonSort":"Narsingh, Luciano","c_PersonShort":"Narsingh","n_PersonNatioGeoID":2201,"c_PersonNatio":"Netherlands","c_PersonNatioShort":"NED","n_TeamNatioGeoID":2201,"c_TeamNatio":"Netherlands","c_TeamNatioShort":"NED","n_ActionReasonID":56,"c_ActionReason":"Dive","c_ActionInfo":null,"n_SubPersonID":null,"c_SubPerson":"","c_SubPersonShort":"","c_ActionMinute":"71'"},{"n_ActionID":12715540,"n_ActionCode":1024,"n_ActionCode2":0,"n_ActionCode3":2,"n_ActionSet":12,"n_ActionSort":81,"c_Action":"Free kick","c_ActionShort":"FK","n_PeriodSort":4,"c_Period":"Second half","c_PeriodShort":"2H","n_ActionTime":4257000,"n_HomeGoals":2,"n_AwayGoals":0,"n_HomeOrAway":-1,"n_TeamID":5,"c_Team":"Go Ahead Eagles","c_TeamShort":"GAE","n_PersonID":1070812,"c_Person":"Mickey van der Hart","c_PersonSort":"Van der Hart, Mickey","c_PersonShort":"van der Hart","n_PersonNatioGeoID":2201,"c_PersonNatio":"Netherlands","c_PersonNatioShort":"NED","n_TeamNatioGeoID":2201,"c_TeamNatio":"Netherlands","c_TeamNatioShort":"NED","n_ActionReasonID":0,"c_ActionReason":null,"c_ActionInfo":"Right foot","n_SubPersonID":null,"c_SubPerson":"","c_SubPersonShort":"","c_ActionMinute":"71'"},{"n_ActionID":12715579,"n_ActionCode":2097152,"n_ActionCode2":0,"n_ActionCode3":0,"n_ActionSet":12,"n_ActionSort":82,"c_Action":"Foul committed","c_ActionShort":"FC","n_PeriodSort":4,"c_Period":"Second half","c_PeriodShort":"2H","n_ActionTime":4345000,"n_HomeGoals":2,"n_AwayGoals":0,"n_HomeOrAway":-1,"n_TeamID":5,"c_Team":"Go Ahead Eagles","c_TeamShort":"GAE","n_PersonID":1079830,"c_Person":"Deniz Turuc","c_PersonSort":"Turuc, Deniz","c_PersonShort":"Turuc","n_PersonNatioGeoID":2201,"c_PersonNatio":"Netherlands","c_PersonNatioShort":"NED","n_TeamNatioGeoID":2201,"c_TeamNatio":"Netherlands","c_TeamNatioShort":"NED","n_ActionReasonID":0,"c_ActionReason":null,"c_ActionInfo":null,"n_SubPersonID":603677,"c_SubPerson":"Andrés Guardado","c_SubPersonShort":"Guardado","c_ActionMinute":"73'"},{"n_ActionID":12715589,"n_ActionCode":1024,"n_ActionCode2":0,"n_ActionCode3":2,"n_ActionSet":12,"n_ActionSort":83,"c_Action":"Free kick","c_ActionShort":"FK","n_PeriodSort":4,"c_Period":"Second half","c_PeriodShort":"2H","n_ActionTime":4373000,"n_HomeGoals":2,"n_AwayGoals":0,"n_HomeOrAway":1,"n_TeamID":11,"c_Team":"PSV","c_TeamShort":"PSV","n_PersonID":603677,"c_Person":"Andrés Guardado","c_PersonSort":"Guardado, Andrés","c_PersonShort":"Guardado","n_PersonNatioGeoID":2228,"c_PersonNatio":"Mexico","c_PersonNatioShort":"MEX","n_TeamNatioGeoID":2201,"c_TeamNatio":"Netherlands","c_TeamNatioShort":"NED","n_ActionReasonID":0,"c_ActionReason":null,"c_ActionInfo":"Right foot","n_SubPersonID":null,"c_SubPerson":"","c_SubPersonShort":"","c_ActionMinute":"73'"},{"n_ActionID":12715593,"n_ActionCode":2097152,"n_ActionCode2":0,"n_ActionCode3":0,"n_ActionSet":12,"n_ActionSort":84,"c_Action":"Foul committed","c_ActionShort":"FC","n_PeriodSort":4,"c_Period":"Second half","c_PeriodShort":"2H","n_ActionTime":4393000,"n_HomeGoals":2,"n_AwayGoals":0,"n_HomeOrAway":-1,"n_TeamID":5,"c_Team":"Go Ahead Eagles","c_TeamShort":"GAE","n_PersonID":90787,"c_Person":"Marnix Kolder","c_PersonSort":"Kolder, Marnix","c_PersonShort":"Kolder","n_PersonNatioGeoID":2201,"c_PersonNatio":"Netherlands","c_PersonNatioShort":"NED","n_TeamNatioGeoID":2201,"c_TeamNatio":"Netherlands","c_TeamNatioShort":"NED","n_ActionReasonID":0,"c_ActionReason":null,"c_ActionInfo":null,"n_SubPersonID":970699,"c_SubPerson":"Karim Rekik","c_SubPersonShort":"Rekik","c_ActionMinute":"74'"},{"n_ActionID":12715597,"n_ActionCode":1024,"n_ActionCode2":0,"n_ActionCode3":1,"n_ActionSet":12,"n_ActionSort":85,"c_Action":"Free kick","c_ActionShort":"FK","n_PeriodSort":4,"c_Period":"Second half","c_PeriodShort":"2H","n_ActionTime":4406000,"n_HomeGoals":2,"n_AwayGoals":0,"n_HomeOrAway":1,"n_TeamID":11,"c_Team":"PSV","c_TeamShort":"PSV","n_PersonID":970699,"c_Person":"Karim Rekik","c_PersonSort":"Rekik, Karim","c_PersonShort":"Rekik","n_PersonNatioGeoID":2201,"c_PersonNatio":"Netherlands","c_PersonNatioShort":"NED","n_TeamNatioGeoID":2201,"c_TeamNatio":"Netherlands","c_TeamNatioShort":"NED","n_ActionReasonID":0,"c_ActionReason":null,"c_ActionInfo":"Left foot","n_SubPersonID":null,"c_SubPerson":"","c_SubPersonShort":"","c_ActionMinute":"74'"},{"n_ActionID":12715655,"n_ActionCode":2097152,"n_ActionCode2":0,"n_ActionCode3":0,"n_ActionSet":12,"n_ActionSort":86,"c_Action":"Foul committed","c_ActionShort":"FC","n_PeriodSort":4,"c_Period":"Second half","c_PeriodShort":"2H","n_ActionTime":4574000,"n_HomeGoals":2,"n_AwayGoals":0,"n_HomeOrAway":-1,"n_TeamID":5,"c_Team":"Go Ahead Eagles","c_TeamShort":"GAE","n_PersonID":746117,"c_Person":"Bart Vriends","c_PersonSort":"Vriends, Bart","c_PersonShort":"Vriends","n_PersonNatioGeoID":2201,"c_PersonNatio":"Netherlands","c_PersonNatioShort":"NED","n_TeamNatioGeoID":2201,"c_TeamNatio":"Netherlands","c_TeamNatioShort":"NED","n_ActionReasonID":0,"c_ActionReason":null,"c_ActionInfo":null,"n_SubPersonID":970679,"c_SubPerson":"Memphis Depay","c_SubPersonShort":"Depay","c_ActionMinute":"77'"},{"n_ActionID":12715680,"n_ActionCode":1024,"n_ActionCode2":0,"n_ActionCode3":2,"n_ActionSet":12,"n_ActionSort":87,"c_Action":"Free kick","c_ActionShort":"FK","n_PeriodSort":4,"c_Period":"Second half","c_PeriodShort":"2H","n_ActionTime":4626000,"n_HomeGoals":2,"n_AwayGoals":0,"n_HomeOrAway":1,"n_TeamID":11,"c_Team":"PSV","c_TeamShort":"PSV","n_PersonID":970679,"c_Person":"Memphis Depay","c_PersonSort":"Depay, Memphis","c_PersonShort":"Depay","n_PersonNatioGeoID":2201,"c_PersonNatio":"Netherlands","c_PersonNatioShort":"NED","n_TeamNatioGeoID":2201,"c_TeamNatio":"Netherlands","c_TeamNatioShort":"NED","n_ActionReasonID":0,"c_ActionReason":null,"c_ActionInfo":"Right foot","n_SubPersonID":null,"c_SubPerson":"","c_SubPersonShort":"","c_ActionMinute":"78'"},{"n_ActionID":12715684,"n_ActionCode":65536,"n_ActionCode2":0,"n_ActionCode3":2,"n_ActionSet":12,"n_ActionSort":88,"c_Action":"Shot wide","c_ActionShort":"SW","n_PeriodSort":4,"c_Period":"Second half","c_PeriodShort":"2H","n_ActionTime":4628000,"n_HomeGoals":2,"n_AwayGoals":0,"n_HomeOrAway":1,"n_TeamID":11,"c_Team":"PSV","c_TeamShort":"PSV","n_PersonID":970679,"c_Person":"Memphis Depay","c_PersonSort":"Depay, Memphis","c_PersonShort":"Depay","n_PersonNatioGeoID":2201,"c_PersonNatio":"Netherlands","c_PersonNatioShort":"NED","n_TeamNatioGeoID":2201,"c_TeamNatio":"Netherlands","c_TeamNatioShort":"NED","n_ActionReasonID":0,"c_ActionReason":null,"c_ActionInfo":"Right foot","n_SubPersonID":null,"c_SubPerson":"","c_SubPersonShort":"","c_ActionMinute":"78'"},{"n_ActionID":12712774,"n_ActionCode":16384,"n_ActionCode2":0,"n_ActionCode3":0,"n_ActionSet":5,"n_ActionSort":89,"c_Action":"Substitution","c_ActionShort":"Sub","n_PeriodSort":4,"c_Period":"Second half","c_PeriodShort":"2H","n_ActionTime":4648000,"n_HomeGoals":null,"n_AwayGoals":null,"n_HomeOrAway":1,"n_TeamID":11,"c_Team":"PSV","c_TeamShort":"PSV","n_PersonID":877830,"c_Person":"Florian Jozefzoon","c_PersonSort":"Jozefzoon, Florian","c_PersonShort":"Jozefzoon","n_PersonNatioGeoID":2201,"c_PersonNatio":"Netherlands","c_PersonNatioShort":"NED","n_TeamNatioGeoID":2201,"c_TeamNatio":"Netherlands","c_TeamNatioShort":"NED","n_ActionReasonID":0,"c_ActionReason":null,"c_ActionInfo":null,"n_SubPersonID":753369,"c_SubPerson":"Luciano Narsingh","c_SubPersonShort":"Narsingh","c_ActionMinute":"78'"},{"n_ActionID":12715691,"n_ActionCode":16777216,"n_ActionCode2":134217728,"n_ActionCode3":0,"n_ActionSet":15,"n_ActionSort":90,"c_Action":"Goal kick","c_ActionShort":"GK","n_PeriodSort":4,"c_Period":"Second half","c_PeriodShort":"2H","n_ActionTime":4659000,"n_HomeGoals":2,"n_AwayGoals":0,"n_HomeOrAway":-1,"n_TeamID":5,"c_Team":"Go Ahead Eagles","c_TeamShort":"GAE","n_PersonID":1070812,"c_Person":"Mickey van der Hart","c_PersonSort":"Van der Hart, Mickey","c_PersonShort":"van der Hart","n_PersonNatioGeoID":2201,"c_PersonNatio":"Netherlands","c_PersonNatioShort":"NED","n_TeamNatioGeoID":2201,"c_TeamNatio":"Netherlands","c_TeamNatioShort":"NED","n_ActionReasonID":0,"c_ActionReason":null,"c_ActionInfo":null,"n_SubPersonID":null,"c_SubPerson":"","c_SubPersonShort":"","c_ActionMinute":"78'"},{"n_ActionID":12715711,"n_ActionCode":4,"n_ActionCode2":0,"n_ActionCode3":67239938,"n_ActionSet":1,"n_ActionSort":91,"c_Action":"Goal","c_ActionShort":"G","n_PeriodSort":4,"c_Period":"Second half","c_PeriodShort":"2H","n_ActionTime":4710000,"n_HomeGoals":3,"n_AwayGoals":0,"n_HomeOrAway":1,"n_TeamID":11,"c_Team":"PSV","c_TeamShort":"PSV","n_PersonID":970679,"c_Person":"Memphis Depay","c_PersonSort":"Depay, Memphis","c_PersonShort":"Depay","n_PersonNatioGeoID":2201,"c_PersonNatio":"Netherlands","c_PersonNatioShort":"NED","n_TeamNatioGeoID":2201,"c_TeamNatio":"Netherlands","c_TeamNatioShort":"NED","n_ActionReasonID":37,"c_ActionReason":"Assist","c_ActionInfo":"Right foot","n_SubPersonID":868287,"c_SubPerson":"Adam Maher","c_SubPersonShort":"Maher","c_ActionMinute":"79'"},{"n_ActionID":12715728,"n_ActionCode":0,"n_ActionCode2":17408,"n_ActionCode3":0,"n_ActionSet":15,"n_ActionSort":92,"c_Action":"Kick-off","c_ActionShort":"KO","n_PeriodSort":4,"c_Period":"Second half","c_PeriodShort":"2H","n_ActionTime":4769000,"n_HomeGoals":3,"n_AwayGoals":0,"n_HomeOrAway":-1,"n_TeamID":5,"c_Team":"Go Ahead Eagles","c_TeamShort":"GAE","n_PersonID":928686,"c_Person":"Alex Schalk","c_PersonSort":"Schalk, Alex","c_PersonShort":"Schalk","n_PersonNatioGeoID":2201,"c_PersonNatio":"Netherlands","c_PersonNatioShort":"NED","n_TeamNatioGeoID":2201,"c_TeamNatio":"Netherlands","c_TeamNatioShort":"NED","n_ActionReasonID":0,"c_ActionReason":null,"c_ActionInfo":null,"n_SubPersonID":null,"c_SubPerson":"","c_SubPersonShort":"","c_ActionMinute":"80'"},{"n_ActionID":12715816,"n_ActionCode":1048576,"n_ActionCode2":0,"n_ActionCode3":67239938,"n_ActionSet":12,"n_ActionSort":93,"c_Action":"Shot on goal","c_ActionShort":"SG","n_PeriodSort":4,"c_Period":"Second half","c_PeriodShort":"2H","n_ActionTime":4990000,"n_HomeGoals":3,"n_AwayGoals":0,"n_HomeOrAway":1,"n_TeamID":11,"c_Team":"PSV","c_TeamShort":"PSV","n_PersonID":664067,"c_Person":"Georginio Wijnaldum","c_PersonSort":"Wijnaldum, Georginio","c_PersonShort":"Wijnaldum","n_PersonNatioGeoID":2201,"c_PersonNatio":"Netherlands","c_PersonNatioShort":"NED","n_TeamNatioGeoID":2201,"c_TeamNatio":"Netherlands","c_TeamNatioShort":"NED","n_ActionReasonID":0,"c_ActionReason":null,"c_ActionInfo":"Right foot","n_SubPersonID":null,"c_SubPerson":"","c_SubPersonShort":"","c_ActionMinute":"84'"},{"n_ActionID":12715817,"n_ActionCode":256,"n_ActionCode2":0,"n_ActionCode3":0,"n_ActionSet":12,"n_ActionSort":94,"c_Action":"Save by goalkeeper","c_ActionShort":"SK","n_PeriodSort":4,"c_Period":"Second half","c_PeriodShort":"2H","n_ActionTime":4993000,"n_HomeGoals":3,"n_AwayGoals":0,"n_HomeOrAway":-1,"n_TeamID":5,"c_Team":"Go Ahead Eagles","c_TeamShort":"GAE","n_PersonID":1070812,"c_Person":"Mickey van der Hart","c_PersonSort":"Van der Hart, Mickey","c_PersonShort":"van der Hart","n_PersonNatioGeoID":2201,"c_PersonNatio":"Netherlands","c_PersonNatioShort":"NED","n_TeamNatioGeoID":2201,"c_TeamNatio":"Netherlands","c_TeamNatioShort":"NED","n_ActionReasonID":131,"c_ActionReason":"Standing\/Blocked","c_ActionInfo":null,"n_SubPersonID":null,"c_SubPerson":"","c_SubPersonShort":"","c_ActionMinute":"84'"},{"n_ActionID":12712776,"n_ActionCode":16384,"n_ActionCode2":0,"n_ActionCode3":0,"n_ActionSet":5,"n_ActionSort":95,"c_Action":"Substitution","c_ActionShort":"Sub","n_PeriodSort":4,"c_Period":"Second half","c_PeriodShort":"2H","n_ActionTime":5075000,"n_HomeGoals":null,"n_AwayGoals":null,"n_HomeOrAway":1,"n_TeamID":11,"c_Team":"PSV","c_TeamShort":"PSV","n_PersonID":970689,"c_Person":"Jürgen Locadia","c_PersonSort":"Locadia, Jürgen","c_PersonShort":"Locadia","n_PersonNatioGeoID":2201,"c_PersonNatio":"Netherlands","c_PersonNatioShort":"NED","n_TeamNatioGeoID":2201,"c_TeamNatio":"Netherlands","c_TeamNatioShort":"NED","n_ActionReasonID":0,"c_ActionReason":null,"c_ActionInfo":null,"n_SubPersonID":970679,"c_SubPerson":"Memphis Depay","c_SubPersonShort":"Depay","c_ActionMinute":"85'"},{"n_ActionID":12715852,"n_ActionCode":512,"n_ActionCode2":4194304,"n_ActionCode3":1,"n_ActionSet":12,"n_ActionSort":96,"c_Action":"Corner","c_ActionShort":"C","n_PeriodSort":4,"c_Period":"Second half","c_PeriodShort":"2H","n_ActionTime":5090000,"n_HomeGoals":3,"n_AwayGoals":0,"n_HomeOrAway":1,"n_TeamID":11,"c_Team":"PSV","c_TeamShort":"PSV","n_PersonID":603677,"c_Person":"Andrés Guardado","c_PersonSort":"Guardado, Andrés","c_PersonShort":"Guardado","n_PersonNatioGeoID":2228,"c_PersonNatio":"Mexico","c_PersonNatioShort":"MEX","n_TeamNatioGeoID":2201,"c_TeamNatio":"Netherlands","c_TeamNatioShort":"NED","n_ActionReasonID":0,"c_ActionReason":null,"c_ActionInfo":"Left foot","n_SubPersonID":null,"c_SubPerson":"","c_SubPersonShort":"","c_ActionMinute":"85'"},{"n_ActionID":12715866,"n_ActionCode":512,"n_ActionCode2":33554432,"n_ActionCode3":2,"n_ActionSet":12,"n_ActionSort":97,"c_Action":"Corner","c_ActionShort":"C","n_PeriodSort":4,"c_Period":"Second half","c_PeriodShort":"2H","n_ActionTime":5118000,"n_HomeGoals":3,"n_AwayGoals":0,"n_HomeOrAway":1,"n_TeamID":11,"c_Team":"PSV","c_TeamShort":"PSV","n_PersonID":868287,"c_Person":"Adam Maher","c_PersonSort":"Maher, Adam","c_PersonShort":"Maher","n_PersonNatioGeoID":2201,"c_PersonNatio":"Netherlands","c_PersonNatioShort":"NED","n_TeamNatioGeoID":2201,"c_TeamNatio":"Netherlands","c_TeamNatioShort":"NED","n_ActionReasonID":0,"c_ActionReason":null,"c_ActionInfo":"Right foot","n_SubPersonID":null,"c_SubPerson":"","c_SubPersonShort":"","c_ActionMinute":"86'"},{"n_ActionID":12715916,"n_ActionCode":65536,"n_ActionCode2":0,"n_ActionCode3":1,"n_ActionSet":12,"n_ActionSort":98,"c_Action":"Shot wide","c_ActionShort":"SW","n_PeriodSort":4,"c_Period":"Second half","c_PeriodShort":"2H","n_ActionTime":5222000,"n_HomeGoals":3,"n_AwayGoals":0,"n_HomeOrAway":1,"n_TeamID":11,"c_Team":"PSV","c_TeamShort":"PSV","n_PersonID":868287,"c_Person":"Adam Maher","c_PersonSort":"Maher, Adam","c_PersonShort":"Maher","n_PersonNatioGeoID":2201,"c_PersonNatio":"Netherlands","c_PersonNatioShort":"NED","n_TeamNatioGeoID":2201,"c_TeamNatio":"Netherlands","c_TeamNatioShort":"NED","n_ActionReasonID":0,"c_ActionReason":null,"c_ActionInfo":"Left foot","n_SubPersonID":null,"c_SubPerson":"","c_SubPersonShort":"","c_ActionMinute":"88'"},{"n_ActionID":12712778,"n_ActionCode":16384,"n_ActionCode2":0,"n_ActionCode3":0,"n_ActionSet":5,"n_ActionSort":99,"c_Action":"Substitution","c_ActionShort":"Sub","n_PeriodSort":4,"c_Period":"Second half","c_PeriodShort":"2H","n_ActionTime":5256000,"n_HomeGoals":null,"n_AwayGoals":null,"n_HomeOrAway":1,"n_TeamID":11,"c_Team":"PSV","c_TeamShort":"PSV","n_PersonID":1074313,"c_Person":"Menno Koch","c_PersonSort":"Koch, Menno","c_PersonShort":"Koch","n_PersonNatioGeoID":2201,"c_PersonNatio":"Netherlands","c_PersonNatioShort":"NED","n_TeamNatioGeoID":2201,"c_TeamNatio":"Netherlands","c_TeamNatioShort":"NED","n_ActionReasonID":0,"c_ActionReason":null,"c_ActionInfo":null,"n_SubPersonID":970699,"c_SubPerson":"Karim Rekik","c_SubPersonShort":"Rekik","c_ActionMinute":"88'"},{"n_ActionID":12715942,"n_ActionCode":16777216,"n_ActionCode2":134217728,"n_ActionCode3":0,"n_ActionSet":15,"n_ActionSort":100,"c_Action":"Goal kick","c_ActionShort":"GK","n_PeriodSort":4,"c_Period":"Second half","c_PeriodShort":"2H","n_ActionTime":5269000,"n_HomeGoals":3,"n_AwayGoals":0,"n_HomeOrAway":-1,"n_TeamID":5,"c_Team":"Go Ahead Eagles","c_TeamShort":"GAE","n_PersonID":1070812,"c_Person":"Mickey van der Hart","c_PersonSort":"Van der Hart, Mickey","c_PersonShort":"van der Hart","n_PersonNatioGeoID":2201,"c_PersonNatio":"Netherlands","c_PersonNatioShort":"NED","n_TeamNatioGeoID":2201,"c_TeamNatio":"Netherlands","c_TeamNatioShort":"NED","n_ActionReasonID":0,"c_ActionReason":null,"c_ActionInfo":null,"n_SubPersonID":null,"c_SubPerson":"","c_SubPersonShort":"","c_ActionMinute":"88'"},{"n_ActionID":12715950,"n_ActionCode":65536,"n_ActionCode2":0,"n_ActionCode3":1,"n_ActionSet":12,"n_ActionSort":101,"c_Action":"Shot wide","c_ActionShort":"SW","n_PeriodSort":4,"c_Period":"Second half","c_PeriodShort":"2H","n_ActionTime":5288000,"n_HomeGoals":3,"n_AwayGoals":0,"n_HomeOrAway":-1,"n_TeamID":5,"c_Team":"Go Ahead Eagles","c_TeamShort":"GAE","n_PersonID":1079830,"c_Person":"Deniz Turuc","c_PersonSort":"Turuc, Deniz","c_PersonShort":"Turuc","n_PersonNatioGeoID":2201,"c_PersonNatio":"Netherlands","c_PersonNatioShort":"NED","n_TeamNatioGeoID":2201,"c_TeamNatio":"Netherlands","c_TeamNatioShort":"NED","n_ActionReasonID":0,"c_ActionReason":null,"c_ActionInfo":"Left foot","n_SubPersonID":null,"c_SubPerson":"","c_SubPersonShort":"","c_ActionMinute":"89'"},{"n_ActionID":12715960,"n_ActionCode":16777216,"n_ActionCode2":134217728,"n_ActionCode3":0,"n_ActionSet":15,"n_ActionSort":102,"c_Action":"Goal kick","c_ActionShort":"GK","n_PeriodSort":4,"c_Period":"Second half","c_PeriodShort":"2H","n_ActionTime":5311000,"n_HomeGoals":3,"n_AwayGoals":0,"n_HomeOrAway":1,"n_TeamID":11,"c_Team":"PSV","c_TeamShort":"PSV","n_PersonID":740537,"c_Person":"Jeroen Zoet","c_PersonSort":"Zoet, Jeroen","c_PersonShort":"Zoet","n_PersonNatioGeoID":2201,"c_PersonNatio":"Netherlands","c_PersonNatioShort":"NED","n_TeamNatioGeoID":2201,"c_TeamNatio":"Netherlands","c_TeamNatioShort":"NED","n_ActionReasonID":0,"c_ActionReason":null,"c_ActionInfo":null,"n_SubPersonID":null,"c_SubPerson":"","c_SubPersonShort":"","c_ActionMinute":"89'"},{"n_ActionID":12715970,"n_ActionCode":65536,"n_ActionCode2":0,"n_ActionCode3":1,"n_ActionSet":12,"n_ActionSort":103,"c_Action":"Shot wide","c_ActionShort":"SW","n_PeriodSort":4,"c_Period":"Second half","c_PeriodShort":"2H","n_ActionTime":5326000,"n_HomeGoals":3,"n_AwayGoals":0,"n_HomeOrAway":-1,"n_TeamID":5,"c_Team":"Go Ahead Eagles","c_TeamShort":"GAE","n_PersonID":1079830,"c_Person":"Deniz Turuc","c_PersonSort":"Turuc, Deniz","c_PersonShort":"Turuc","n_PersonNatioGeoID":2201,"c_PersonNatio":"Netherlands","c_PersonNatioShort":"NED","n_TeamNatioGeoID":2201,"c_TeamNatio":"Netherlands","c_TeamNatioShort":"NED","n_ActionReasonID":0,"c_ActionReason":null,"c_ActionInfo":"Left foot","n_SubPersonID":null,"c_SubPerson":"","c_SubPersonShort":"","c_ActionMinute":"89'"},{"n_ActionID":12715975,"n_ActionCode":16777216,"n_ActionCode2":134217728,"n_ActionCode3":0,"n_ActionSet":15,"n_ActionSort":104,"c_Action":"Goal kick","c_ActionShort":"GK","n_PeriodSort":4,"c_Period":"Second half","c_PeriodShort":"2H","n_ActionTime":5343000,"n_HomeGoals":3,"n_AwayGoals":0,"n_HomeOrAway":1,"n_TeamID":11,"c_Team":"PSV","c_TeamShort":"PSV","n_PersonID":740537,"c_Person":"Jeroen Zoet","c_PersonSort":"Zoet, Jeroen","c_PersonShort":"Zoet","n_PersonNatioGeoID":2201,"c_PersonNatio":"Netherlands","c_PersonNatioShort":"NED","n_TeamNatioGeoID":2201,"c_TeamNatio":"Netherlands","c_TeamNatioShort":"NED","n_ActionReasonID":0,"c_ActionReason":null,"c_ActionInfo":null,"n_SubPersonID":null,"c_SubPerson":"","c_SubPersonShort":"","c_ActionMinute":"90'"},{"n_ActionID":12715986,"n_ActionCode":4,"n_ActionCode2":0,"n_ActionCode3":134348802,"n_ActionSet":1,"n_ActionSort":105,"c_Action":"Goal","c_ActionShort":"G","n_PeriodSort":4,"c_Period":"Second half","c_PeriodShort":"2H","n_ActionTime":5358000,"n_HomeGoals":4,"n_AwayGoals":0,"n_HomeOrAway":1,"n_TeamID":11,"c_Team":"PSV","c_TeamShort":"PSV","n_PersonID":970689,"c_Person":"Jürgen Locadia","c_PersonSort":"Locadia, Jürgen","c_PersonShort":"Locadia","n_PersonNatioGeoID":2201,"c_PersonNatio":"Netherlands","c_PersonNatioShort":"NED","n_TeamNatioGeoID":2201,"c_TeamNatio":"Netherlands","c_TeamNatioShort":"NED","n_ActionReasonID":41,"c_ActionReason":"Interception","c_ActionInfo":"Right foot","n_SubPersonID":null,"c_SubPerson":"","c_SubPersonShort":"","c_ActionMinute":"90'"},{"n_ActionID":12716004,"n_ActionCode":0,"n_ActionCode2":32,"n_ActionCode3":0,"n_ActionSet":15,"n_ActionSort":106,"c_Action":"Injury time","c_ActionShort":"IT","n_PeriodSort":4,"c_Period":"Second half","c_PeriodShort":"2H","n_ActionTime":5403000,"n_HomeGoals":4,"n_AwayGoals":0,"n_HomeOrAway":0,"n_TeamID":0,"c_Team":"","c_TeamShort":"","n_PersonID":0,"c_Person":"","c_PersonSort":"","c_PersonShort":"","n_PersonNatioGeoID":0,"c_PersonNatio":null,"c_PersonNatioShort":null,"n_TeamNatioGeoID":null,"c_TeamNatio":null,"c_TeamNatioShort":null,"n_ActionReasonID":0,"c_ActionReason":null,"c_ActionInfo":"60000","n_SubPersonID":null,"c_SubPerson":"","c_SubPersonShort":"","c_ActionMinute":"90'+1'"},{"n_ActionID":12716007,"n_ActionCode":0,"n_ActionCode2":17408,"n_ActionCode3":0,"n_ActionSet":15,"n_ActionSort":107,"c_Action":"Kick-off","c_ActionShort":"KO","n_PeriodSort":4,"c_Period":"Second half","c_PeriodShort":"2H","n_ActionTime":5406000,"n_HomeGoals":4,"n_AwayGoals":0,"n_HomeOrAway":-1,"n_TeamID":5,"c_Team":"Go Ahead Eagles","c_TeamShort":"GAE","n_PersonID":90787,"c_Person":"Marnix Kolder","c_PersonSort":"Kolder, Marnix","c_PersonShort":"Kolder","n_PersonNatioGeoID":2201,"c_PersonNatio":"Netherlands","c_PersonNatioShort":"NED","n_TeamNatioGeoID":2201,"c_TeamNatio":"Netherlands","c_TeamNatioShort":"NED","n_ActionReasonID":0,"c_ActionReason":null,"c_ActionInfo":null,"n_SubPersonID":null,"c_SubPerson":"","c_SubPersonShort":"","c_ActionMinute":"90'+1'"},{"n_ActionID":12716016,"n_ActionCode":536870912,"n_ActionCode2":0,"n_ActionCode3":0,"n_ActionSet":15,"n_ActionSort":108,"c_Action":"Shot blocked by","c_ActionShort":null,"n_PeriodSort":4,"c_Period":"Second half","c_PeriodShort":"2H","n_ActionTime":5422000,"n_HomeGoals":4,"n_AwayGoals":0,"n_HomeOrAway":1,"n_TeamID":11,"c_Team":"PSV","c_TeamShort":"PSV","n_PersonID":802770,"c_Person":"Jeffrey Bruma","c_PersonSort":"Bruma, Jeffrey","c_PersonShort":"Bruma","n_PersonNatioGeoID":2201,"c_PersonNatio":"Netherlands","c_PersonNatioShort":"NED","n_TeamNatioGeoID":2201,"c_TeamNatio":"Netherlands","c_TeamNatioShort":"NED","n_ActionReasonID":0,"c_ActionReason":null,"c_ActionInfo":null,"n_SubPersonID":null,"c_SubPerson":"","c_SubPersonShort":"","c_ActionMinute":"90'+1'"},{"n_ActionID":12716017,"n_ActionCode":4194304,"n_ActionCode2":0,"n_ActionCode3":1,"n_ActionSet":15,"n_ActionSort":109,"c_Action":"Blocked shot","c_ActionShort":"BS","n_PeriodSort":4,"c_Period":"Second half","c_PeriodShort":"2H","n_ActionTime":5422000,"n_HomeGoals":4,"n_AwayGoals":0,"n_HomeOrAway":-1,"n_TeamID":5,"c_Team":"Go Ahead Eagles","c_TeamShort":"GAE","n_PersonID":90787,"c_Person":"Marnix Kolder","c_PersonSort":"Kolder, Marnix","c_PersonShort":"Kolder","n_PersonNatioGeoID":2201,"c_PersonNatio":"Netherlands","c_PersonNatioShort":"NED","n_TeamNatioGeoID":2201,"c_TeamNatio":"Netherlands","c_TeamNatioShort":"NED","n_ActionReasonID":0,"c_ActionReason":null,"c_ActionInfo":"Left foot","n_SubPersonID":null,"c_SubPerson":"","c_SubPersonShort":"","c_ActionMinute":"90'+1'"},{"n_ActionID":12716022,"n_ActionCode":512,"n_ActionCode2":8388608,"n_ActionCode3":1,"n_ActionSet":12,"n_ActionSort":110,"c_Action":"Corner","c_ActionShort":"C","n_PeriodSort":4,"c_Period":"Second half","c_PeriodShort":"2H","n_ActionTime":5441000,"n_HomeGoals":4,"n_AwayGoals":0,"n_HomeOrAway":-1,"n_TeamID":5,"c_Team":"Go Ahead Eagles","c_TeamShort":"GAE","n_PersonID":1079830,"c_Person":"Deniz Turuc","c_PersonSort":"Turuc, Deniz","c_PersonShort":"Turuc","n_PersonNatioGeoID":2201,"c_PersonNatio":"Netherlands","c_PersonNatioShort":"NED","n_TeamNatioGeoID":2201,"c_TeamNatio":"Netherlands","c_TeamNatioShort":"NED","n_ActionReasonID":0,"c_ActionReason":null,"c_ActionInfo":"Left foot","n_SubPersonID":null,"c_SubPerson":"","c_SubPersonShort":"","c_ActionMinute":"90'+1'"},{"n_ActionID":12716048,"n_ActionCode":1048576,"n_ActionCode2":0,"n_ActionCode3":393217,"n_ActionSet":12,"n_ActionSort":111,"c_Action":"Shot on goal","c_ActionShort":"SG","n_PeriodSort":4,"c_Period":"Second half","c_PeriodShort":"2H","n_ActionTime":5450000,"n_HomeGoals":4,"n_AwayGoals":0,"n_HomeOrAway":1,"n_TeamID":11,"c_Team":"PSV","c_TeamShort":"PSV","n_PersonID":603677,"c_Person":"Andrés Guardado","c_PersonSort":"Guardado, Andrés","c_PersonShort":"Guardado","n_PersonNatioGeoID":2228,"c_PersonNatio":"Mexico","c_PersonNatioShort":"MEX","n_TeamNatioGeoID":2201,"c_TeamNatio":"Netherlands","c_TeamNatioShort":"NED","n_ActionReasonID":0,"c_ActionReason":null,"c_ActionInfo":"Left foot","n_SubPersonID":null,"c_SubPerson":"","c_SubPersonShort":"","c_ActionMinute":"90'+1'"},{"n_ActionID":12716053,"n_ActionCode":256,"n_ActionCode2":0,"n_ActionCode3":0,"n_ActionSet":12,"n_ActionSort":112,"c_Action":"Save by goalkeeper","c_ActionShort":"SK","n_PeriodSort":4,"c_Period":"Second half","c_PeriodShort":"2H","n_ActionTime":5453000,"n_HomeGoals":4,"n_AwayGoals":0,"n_HomeOrAway":-1,"n_TeamID":5,"c_Team":"Go Ahead Eagles","c_TeamShort":"GAE","n_PersonID":1070812,"c_Person":"Mickey van der Hart","c_PersonSort":"Van der Hart, Mickey","c_PersonShort":"van der Hart","n_PersonNatioGeoID":2201,"c_PersonNatio":"Netherlands","c_PersonNatioShort":"NED","n_TeamNatioGeoID":2201,"c_TeamNatio":"Netherlands","c_TeamNatioShort":"NED","n_ActionReasonID":131,"c_ActionReason":"Standing\/Blocked","c_ActionInfo":null,"n_SubPersonID":null,"c_SubPerson":"","c_SubPersonShort":"","c_ActionMinute":"90'+1'"},{"n_ActionID":12716028,"n_ActionCode":4,"n_ActionCode2":0,"n_ActionCode3":134348802,"n_ActionSet":1,"n_ActionSort":113,"c_Action":"Goal","c_ActionShort":"G","n_PeriodSort":4,"c_Period":"Second half","c_PeriodShort":"2H","n_ActionTime":5456000,"n_HomeGoals":5,"n_AwayGoals":0,"n_HomeOrAway":1,"n_TeamID":11,"c_Team":"PSV","c_TeamShort":"PSV","n_PersonID":877830,"c_Person":"Florian Jozefzoon","c_PersonSort":"Jozefzoon, Florian","c_PersonShort":"Jozefzoon","n_PersonNatioGeoID":2201,"c_PersonNatio":"Netherlands","c_PersonNatioShort":"NED","n_TeamNatioGeoID":2201,"c_TeamNatio":"Netherlands","c_TeamNatioShort":"NED","n_ActionReasonID":40,"c_ActionReason":"Rebound","c_ActionInfo":"Right foot","n_SubPersonID":null,"c_SubPerson":"","c_SubPersonShort":"","c_ActionMinute":"90'+1'"},{"n_ActionID":12716059,"n_ActionCode":0,"n_ActionCode2":2048,"n_ActionCode3":0,"n_ActionSet":16,"n_ActionSort":114,"c_Action":"End of period","c_ActionShort":"End","n_PeriodSort":4,"c_Period":"Second half","c_PeriodShort":"2H","n_ActionTime":5540000,"n_HomeGoals":5,"n_AwayGoals":0,"n_HomeOrAway":0,"n_TeamID":0,"c_Team":"","c_TeamShort":"","n_PersonID":0,"c_Person":"","c_PersonSort":"","c_PersonShort":"","n_PersonNatioGeoID":0,"c_PersonNatio":null,"c_PersonNatioShort":null,"n_TeamNatioGeoID":null,"c_TeamNatio":null,"c_TeamNatioShort":null,"n_ActionReasonID":0,"c_ActionReason":null,"c_ActionInfo":null,"n_SubPersonID":null,"c_SubPerson":"","c_SubPersonShort":"","c_ActionMinute":"90'+3'"}]