﻿[{"n_ActionID":12798800,"n_ActionCode":2048,"n_ActionCode2":0,"n_ActionCode3":0,"n_ActionSet":3,"n_ActionSort":1,"c_Action":"Geel","c_ActionShort":"G","n_PeriodSort":8,"c_Period":"Tweede verlenging","c_PeriodShort":"2V","n_ActionTime":6900000,"n_HomeGoals":3,"n_AwayGoals":2,"n_HomeOrAway":-1,"n_TeamID":11,"c_Team":"PSV","c_TeamShort":"PSV","n_PersonID":603677,"c_Person":"Andrés Guardado","c_PersonSort":"Guardado, Andrés","c_PersonShort":"Guardado","n_PersonNatioGeoID":2228,"c_PersonNatio":"Mexico","c_PersonNatioShort":"MEX","n_TeamNatioGeoID":2201,"c_TeamNatio":"Nederland","c_TeamNatioShort":"NED","n_ActionReasonID":0,"c_ActionReason":null,"c_ActionInfo":null,"n_SubPersonID":null,"c_SubPerson":null,"c_SubPersonShort":null,"c_ActionMinute":"115'"},{"n_ActionID":12798802,"n_ActionCode":2048,"n_ActionCode2":0,"n_ActionCode3":0,"n_ActionSet":3,"n_ActionSort":2,"c_Action":"Geel","c_ActionShort":"G","n_PeriodSort":8,"c_Period":"Tweede verlenging","c_PeriodShort":"2V","n_ActionTime":7080000,"n_HomeGoals":3,"n_AwayGoals":2,"n_HomeOrAway":1,"n_TeamID":13,"c_Team":"Roda JC Kerkrade","c_TeamShort":"RJC","n_PersonID":789050,"c_Person":"Tom Van Hyfte","c_PersonSort":"Van Hyfte, Tom","c_PersonShort":"Van Hyfte","n_PersonNatioGeoID":2205,"c_PersonNatio":"België","c_PersonNatioShort":"BEL","n_TeamNatioGeoID":2201,"c_TeamNatio":"Nederland","c_TeamNatioShort":"NED","n_ActionReasonID":0,"c_ActionReason":null,"c_ActionInfo":null,"n_SubPersonID":null,"c_SubPerson":null,"c_SubPersonShort":null,"c_ActionMinute":"118'"}]