﻿[{"n_ActionID":12445237,"n_ActionCode":2048,"n_ActionCode2":0,"n_ActionCode3":0,"n_ActionSet":3,"n_ActionSort":1,"c_Action":"Yellow","c_ActionShort":"Y","n_PeriodSort":2,"c_Period":"First half","c_PeriodShort":"1H","n_ActionTime":2640000,"n_HomeGoals":1,"n_AwayGoals":1,"n_HomeOrAway":1,"n_TeamID":114221,"c_Team":"Almere City FC","c_TeamShort":"ALM","n_PersonID":604639,"c_Person":"Cees Toet","c_PersonSort":"Toet, Cees","c_PersonShort":"Toet","n_PersonNatioGeoID":2201,"c_PersonNatio":"Netherlands","c_PersonNatioShort":"NED","n_TeamNatioGeoID":2201,"c_TeamNatio":"Netherlands","c_TeamNatioShort":"NED","n_ActionReasonID":0,"c_ActionReason":null,"c_ActionInfo":null,"n_SubPersonID":null,"c_SubPerson":null,"c_SubPersonShort":null,"c_ActionMinute":"44'"}]