﻿[{"n_EditionID":21402,"n_MatchDayStart":20140701,"n_MatchDayEnd":20140701,"d_MatchDayStart":"\/Date(1404165600000+0200)\/","d_MatchDayEnd":"\/Date(1404165600000+0200)\/","b_Current":false,"n_WeekID":20140701},{"n_EditionID":21402,"n_MatchDayStart":20140702,"n_MatchDayEnd":20140702,"d_MatchDayStart":"\/Date(1404252000000+0200)\/","d_MatchDayEnd":"\/Date(1404252000000+0200)\/","b_Current":false,"n_WeekID":20140701},{"n_EditionID":21402,"n_MatchDayStart":20140708,"n_MatchDayEnd":20140708,"d_MatchDayStart":"\/Date(1404770400000+0200)\/","d_MatchDayEnd":"\/Date(1404770400000+0200)\/","b_Current":false,"n_WeekID":20140708},{"n_EditionID":21402,"n_MatchDayStart":20140715,"n_MatchDayEnd":20140715,"d_MatchDayStart":"\/Date(1405375200000+0200)\/","d_MatchDayEnd":"\/Date(1405375200000+0200)\/","b_Current":false,"n_WeekID":20140715},{"n_EditionID":21402,"n_MatchDayStart":20140716,"n_MatchDayEnd":20140716,"d_MatchDayStart":"\/Date(1405461600000+0200)\/","d_MatchDayEnd":"\/Date(1405461600000+0200)\/","b_Current":false,"n_WeekID":20140715},{"n_EditionID":21402,"n_MatchDayStart":20140722,"n_MatchDayEnd":20140722,"d_MatchDayStart":"\/Date(1405980000000+0200)\/","d_MatchDayEnd":"\/Date(1405980000000+0200)\/","b_Current":false,"n_WeekID":20140722},{"n_EditionID":21402,"n_MatchDayStart":20140723,"n_MatchDayEnd":20140723,"d_MatchDayStart":"\/Date(1406066400000+0200)\/","d_MatchDayEnd":"\/Date(1406066400000+0200)\/","b_Current":false,"n_WeekID":20140722},{"n_EditionID":21402,"n_MatchDayStart":20140729,"n_MatchDayEnd":20140729,"d_MatchDayStart":"\/Date(1406584800000+0200)\/","d_MatchDayEnd":"\/Date(1406584800000+0200)\/","b_Current":false,"n_WeekID":20140729},{"n_EditionID":21402,"n_MatchDayStart":20140730,"n_MatchDayEnd":20140730,"d_MatchDayStart":"\/Date(1406671200000+0200)\/","d_MatchDayEnd":"\/Date(1406671200000+0200)\/","b_Current":false,"n_WeekID":20140729},{"n_EditionID":21402,"n_MatchDayStart":20140805,"n_MatchDayEnd":20140805,"d_MatchDayStart":"\/Date(1407189600000+0200)\/","d_MatchDayEnd":"\/Date(1407189600000+0200)\/","b_Current":false,"n_WeekID":20140805},{"n_EditionID":21402,"n_MatchDayStart":20140806,"n_MatchDayEnd":20140806,"d_MatchDayStart":"\/Date(1407276000000+0200)\/","d_MatchDayEnd":"\/Date(1407276000000+0200)\/","b_Current":false,"n_WeekID":20140805},{"n_EditionID":21402,"n_MatchDayStart":20140819,"n_MatchDayEnd":20140819,"d_MatchDayStart":"\/Date(1408399200000+0200)\/","d_MatchDayEnd":"\/Date(1408399200000+0200)\/","b_Current":false,"n_WeekID":20140819},{"n_EditionID":21402,"n_MatchDayStart":20140820,"n_MatchDayEnd":20140820,"d_MatchDayStart":"\/Date(1408485600000+0200)\/","d_MatchDayEnd":"\/Date(1408485600000+0200)\/","b_Current":false,"n_WeekID":20140819},{"n_EditionID":21402,"n_MatchDayStart":20140826,"n_MatchDayEnd":20140826,"d_MatchDayStart":"\/Date(1409004000000+0200)\/","d_MatchDayEnd":"\/Date(1409004000000+0200)\/","b_Current":false,"n_WeekID":20140826},{"n_EditionID":21402,"n_MatchDayStart":20140827,"n_MatchDayEnd":20140827,"d_MatchDayStart":"\/Date(1409090400000+0200)\/","d_MatchDayEnd":"\/Date(1409090400000+0200)\/","b_Current":false,"n_WeekID":20140826},{"n_EditionID":21402,"n_MatchDayStart":20140916,"n_MatchDayEnd":20140916,"d_MatchDayStart":"\/Date(1410818400000+0200)\/","d_MatchDayEnd":"\/Date(1410818400000+0200)\/","b_Current":false,"n_WeekID":20140916},{"n_EditionID":21402,"n_MatchDayStart":20140917,"n_MatchDayEnd":20140917,"d_MatchDayStart":"\/Date(1410904800000+0200)\/","d_MatchDayEnd":"\/Date(1410904800000+0200)\/","b_Current":false,"n_WeekID":20140916},{"n_EditionID":21402,"n_MatchDayStart":20140930,"n_MatchDayEnd":20140930,"d_MatchDayStart":"\/Date(1412028000000+0200)\/","d_MatchDayEnd":"\/Date(1412028000000+0200)\/","b_Current":false,"n_WeekID":20140930},{"n_EditionID":21402,"n_MatchDayStart":20141001,"n_MatchDayEnd":20141001,"d_MatchDayStart":"\/Date(1412114400000+0200)\/","d_MatchDayEnd":"\/Date(1412114400000+0200)\/","b_Current":false,"n_WeekID":20140930},{"n_EditionID":21402,"n_MatchDayStart":20141021,"n_MatchDayEnd":20141021,"d_MatchDayStart":"\/Date(1413842400000+0200)\/","d_MatchDayEnd":"\/Date(1413842400000+0200)\/","b_Current":false,"n_WeekID":20141021},{"n_EditionID":21402,"n_MatchDayStart":20141022,"n_MatchDayEnd":20141022,"d_MatchDayStart":"\/Date(1413928800000+0200)\/","d_MatchDayEnd":"\/Date(1413928800000+0200)\/","b_Current":false,"n_WeekID":20141021},{"n_EditionID":21402,"n_MatchDayStart":20141104,"n_MatchDayEnd":20141104,"d_MatchDayStart":"\/Date(1415055600000+0100)\/","d_MatchDayEnd":"\/Date(1415055600000+0100)\/","b_Current":false,"n_WeekID":20141104},{"n_EditionID":21402,"n_MatchDayStart":20141105,"n_MatchDayEnd":20141105,"d_MatchDayStart":"\/Date(1415142000000+0100)\/","d_MatchDayEnd":"\/Date(1415142000000+0100)\/","b_Current":false,"n_WeekID":20141104},{"n_EditionID":21402,"n_MatchDayStart":20141125,"n_MatchDayEnd":20141125,"d_MatchDayStart":"\/Date(1416870000000+0100)\/","d_MatchDayEnd":"\/Date(1416870000000+0100)\/","b_Current":false,"n_WeekID":20141125},{"n_EditionID":21402,"n_MatchDayStart":20141126,"n_MatchDayEnd":20141126,"d_MatchDayStart":"\/Date(1416956400000+0100)\/","d_MatchDayEnd":"\/Date(1416956400000+0100)\/","b_Current":false,"n_WeekID":20141125},{"n_EditionID":21402,"n_MatchDayStart":20141209,"n_MatchDayEnd":20141209,"d_MatchDayStart":"\/Date(1418079600000+0100)\/","d_MatchDayEnd":"\/Date(1418079600000+0100)\/","b_Current":false,"n_WeekID":20141209},{"n_EditionID":21402,"n_MatchDayStart":20141210,"n_MatchDayEnd":20141210,"d_MatchDayStart":"\/Date(1418166000000+0100)\/","d_MatchDayEnd":"\/Date(1418166000000+0100)\/","b_Current":false,"n_WeekID":20141209},{"n_EditionID":21402,"n_MatchDayStart":20150217,"n_MatchDayEnd":20150217,"d_MatchDayStart":"\/Date(1424127600000+0100)\/","d_MatchDayEnd":"\/Date(1424127600000+0100)\/","b_Current":true,"n_WeekID":20150217},{"n_EditionID":21402,"n_MatchDayStart":20150218,"n_MatchDayEnd":20150218,"d_MatchDayStart":"\/Date(1424214000000+0100)\/","d_MatchDayEnd":"\/Date(1424214000000+0100)\/","b_Current":false,"n_WeekID":20150217},{"n_EditionID":21402,"n_MatchDayStart":20150224,"n_MatchDayEnd":20150224,"d_MatchDayStart":"\/Date(1424732400000+0100)\/","d_MatchDayEnd":"\/Date(1424732400000+0100)\/","b_Current":false,"n_WeekID":20150224},{"n_EditionID":21402,"n_MatchDayStart":20150225,"n_MatchDayEnd":20150225,"d_MatchDayStart":"\/Date(1424818800000+0100)\/","d_MatchDayEnd":"\/Date(1424818800000+0100)\/","b_Current":false,"n_WeekID":20150224},{"n_EditionID":21402,"n_MatchDayStart":20150310,"n_MatchDayEnd":20150310,"d_MatchDayStart":"\/Date(1425942000000+0100)\/","d_MatchDayEnd":"\/Date(1425942000000+0100)\/","b_Current":false,"n_WeekID":20150310},{"n_EditionID":21402,"n_MatchDayStart":20150311,"n_MatchDayEnd":20150311,"d_MatchDayStart":"\/Date(1426028400000+0100)\/","d_MatchDayEnd":"\/Date(1426028400000+0100)\/","b_Current":false,"n_WeekID":20150310},{"n_EditionID":21402,"n_MatchDayStart":20150317,"n_MatchDayEnd":20150317,"d_MatchDayStart":"\/Date(1426546800000+0100)\/","d_MatchDayEnd":"\/Date(1426546800000+0100)\/","b_Current":false,"n_WeekID":20150317},{"n_EditionID":21402,"n_MatchDayStart":20150318,"n_MatchDayEnd":20150318,"d_MatchDayStart":"\/Date(1426633200000+0100)\/","d_MatchDayEnd":"\/Date(1426633200000+0100)\/","b_Current":false,"n_WeekID":20150317},{"n_EditionID":21402,"n_MatchDayStart":20150414,"n_MatchDayEnd":20150414,"d_MatchDayStart":"\/Date(1428962400000+0200)\/","d_MatchDayEnd":"\/Date(1428962400000+0200)\/","b_Current":false,"n_WeekID":20150414},{"n_EditionID":21402,"n_MatchDayStart":20150422,"n_MatchDayEnd":20150422,"d_MatchDayStart":"\/Date(1429653600000+0200)\/","d_MatchDayEnd":"\/Date(1429653600000+0200)\/","b_Current":false,"n_WeekID":20150421},{"n_EditionID":21402,"n_MatchDayStart":20150505,"n_MatchDayEnd":20150505,"d_MatchDayStart":"\/Date(1430776800000+0200)\/","d_MatchDayEnd":"\/Date(1430776800000+0200)\/","b_Current":false,"n_WeekID":20150505},{"n_EditionID":21402,"n_MatchDayStart":20150513,"n_MatchDayEnd":20150513,"d_MatchDayStart":"\/Date(1431468000000+0200)\/","d_MatchDayEnd":"\/Date(1431468000000+0200)\/","b_Current":false,"n_WeekID":20150512},{"n_EditionID":21402,"n_MatchDayStart":20150606,"n_MatchDayEnd":20150606,"d_MatchDayStart":"\/Date(1433541600000+0200)\/","d_MatchDayEnd":"\/Date(1433541600000+0200)\/","b_Current":false,"n_WeekID":20150602}]