﻿[{"n_ActionID":12431086,"n_ActionCode":2048,"n_ActionCode2":0,"n_ActionCode3":0,"n_ActionSet":3,"n_ActionSort":1,"c_Action":"Yellow","c_ActionShort":"Y","n_PeriodSort":2,"c_Period":"First half","c_PeriodShort":"1H","n_ActionTime":101000,"n_HomeGoals":0,"n_AwayGoals":0,"n_HomeOrAway":1,"n_TeamID":16,"c_Team":"FC Utrecht","c_TeamShort":"UTR","n_PersonID":924566,"c_Person":"Anouar Kali","c_PersonSort":"Kali, Anouar","c_PersonShort":"Kali","n_PersonNatioGeoID":2201,"c_PersonNatio":"Netherlands","c_PersonNatioShort":"NED","n_TeamNatioGeoID":2201,"c_TeamNatio":"Netherlands","c_TeamNatioShort":"NED","n_ActionReasonID":49,"c_ActionReason":"Tackle","c_ActionInfo":null,"n_SubPersonID":null,"c_SubPerson":null,"c_SubPersonShort":null,"c_ActionMinute":"2'"},{"n_ActionID":12431284,"n_ActionCode":2048,"n_ActionCode2":0,"n_ActionCode3":0,"n_ActionSet":3,"n_ActionSort":2,"c_Action":"Yellow","c_ActionShort":"Y","n_PeriodSort":2,"c_Period":"First half","c_PeriodShort":"1H","n_ActionTime":901000,"n_HomeGoals":0,"n_AwayGoals":1,"n_HomeOrAway":-1,"n_TeamID":11,"c_Team":"PSV","c_TeamShort":"PSV","n_PersonID":911639,"c_Person":"Jetro Willems","c_PersonSort":"Willems, Jetro","c_PersonShort":"Willems","n_PersonNatioGeoID":2201,"c_PersonNatio":"Netherlands","c_PersonNatioShort":"NED","n_TeamNatioGeoID":2201,"c_TeamNatio":"Netherlands","c_TeamNatioShort":"NED","n_ActionReasonID":52,"c_ActionReason":"Rough play","c_ActionInfo":null,"n_SubPersonID":null,"c_SubPerson":null,"c_SubPersonShort":null,"c_ActionMinute":"16'"},{"n_ActionID":12431321,"n_ActionCode":2048,"n_ActionCode2":0,"n_ActionCode3":0,"n_ActionSet":3,"n_ActionSort":3,"c_Action":"Yellow","c_ActionShort":"Y","n_PeriodSort":2,"c_Period":"First half","c_PeriodShort":"1H","n_ActionTime":1049000,"n_HomeGoals":0,"n_AwayGoals":1,"n_HomeOrAway":1,"n_TeamID":16,"c_Team":"FC Utrecht","c_TeamShort":"UTR","n_PersonID":713982,"c_Person":"Mark van der Maarel","c_PersonSort":"Van der Maarel, Mark","c_PersonShort":"van der Maarel","n_PersonNatioGeoID":2201,"c_PersonNatio":"Netherlands","c_PersonNatioShort":"NED","n_TeamNatioGeoID":2201,"c_TeamNatio":"Netherlands","c_TeamNatioShort":"NED","n_ActionReasonID":49,"c_ActionReason":"Tackle","c_ActionInfo":null,"n_SubPersonID":null,"c_SubPerson":null,"c_SubPersonShort":null,"c_ActionMinute":"18'"},{"n_ActionID":12431409,"n_ActionCode":4096,"n_ActionCode2":0,"n_ActionCode3":0,"n_ActionSet":3,"n_ActionSort":4,"c_Action":"Red (2 yellow)","c_ActionShort":"R2Y","n_PeriodSort":2,"c_Period":"First half","c_PeriodShort":"1H","n_ActionTime":1287000,"n_HomeGoals":0,"n_AwayGoals":1,"n_HomeOrAway":1,"n_TeamID":16,"c_Team":"FC Utrecht","c_TeamShort":"UTR","n_PersonID":713982,"c_Person":"Mark van der Maarel","c_PersonSort":"Van der Maarel, Mark","c_PersonShort":"van der Maarel","n_PersonNatioGeoID":2201,"c_PersonNatio":"Netherlands","c_PersonNatioShort":"NED","n_TeamNatioGeoID":2201,"c_TeamNatio":"Netherlands","c_TeamNatioShort":"NED","n_ActionReasonID":49,"c_ActionReason":"Tackle","c_ActionInfo":null,"n_SubPersonID":null,"c_SubPerson":null,"c_SubPersonShort":null,"c_ActionMinute":"22'"},{"n_ActionID":12432892,"n_ActionCode":2048,"n_ActionCode2":0,"n_ActionCode3":0,"n_ActionSet":3,"n_ActionSort":5,"c_Action":"Yellow","c_ActionShort":"Y","n_PeriodSort":4,"c_Period":"Second half","c_PeriodShort":"2H","n_ActionTime":4484000,"n_HomeGoals":1,"n_AwayGoals":3,"n_HomeOrAway":-1,"n_TeamID":11,"c_Team":"PSV","c_TeamShort":"PSV","n_PersonID":802770,"c_Person":"Jeffrey Bruma","c_PersonSort":"Bruma, Jeffrey","c_PersonShort":"Bruma","n_PersonNatioGeoID":2201,"c_PersonNatio":"Netherlands","c_PersonNatioShort":"NED","n_TeamNatioGeoID":2201,"c_TeamNatio":"Netherlands","c_TeamNatioShort":"NED","n_ActionReasonID":53,"c_ActionReason":"Holding","c_ActionInfo":null,"n_SubPersonID":null,"c_SubPerson":null,"c_SubPersonShort":null,"c_ActionMinute":"75'"}]