﻿[{"n_ActionID":12380009,"n_ActionCode":0,"n_ActionCode2":1024,"n_ActionCode3":0,"n_ActionSet":16,"n_ActionSort":1,"c_Action":"Aftrap","c_ActionShort":"Begin","n_PeriodSort":2,"c_Period":"Eerste helft","c_PeriodShort":"1H","n_ActionTime":0,"n_HomeGoals":0,"n_AwayGoals":0,"n_HomeOrAway":-1,"n_TeamID":61,"c_Team":"AZ","c_TeamShort":"AZ","n_PersonID":0,"c_Person":"","c_PersonSort":"","c_PersonShort":"","n_PersonNatioGeoID":0,"c_PersonNatio":null,"c_PersonNatioShort":null,"n_TeamNatioGeoID":2201,"c_TeamNatio":"Nederland","c_TeamNatioShort":"NED","n_ActionReasonID":0,"c_ActionReason":null,"c_ActionInfo":null,"n_SubPersonID":null,"c_SubPerson":"","c_SubPersonShort":"","c_ActionMinute":"0'"},{"n_ActionID":12380020,"n_ActionCode":65536,"n_ActionCode2":0,"n_ActionCode3":1,"n_ActionSet":12,"n_ActionSort":2,"c_Action":"Schot naast","c_ActionShort":"SN","n_PeriodSort":2,"c_Period":"Eerste helft","c_PeriodShort":"1H","n_ActionTime":40000,"n_HomeGoals":0,"n_AwayGoals":0,"n_HomeOrAway":1,"n_TeamID":11,"c_Team":"PSV","c_TeamShort":"PSV","n_PersonID":868287,"c_Person":"Adam Maher","c_PersonSort":"Maher, Adam","c_PersonShort":"Maher","n_PersonNatioGeoID":2201,"c_PersonNatio":"Nederland","c_PersonNatioShort":"NED","n_TeamNatioGeoID":2201,"c_TeamNatio":"Nederland","c_TeamNatioShort":"NED","n_ActionReasonID":0,"c_ActionReason":null,"c_ActionInfo":"Linkervoet","n_SubPersonID":null,"c_SubPerson":"","c_SubPersonShort":"","c_ActionMinute":"1'"},{"n_ActionID":12380029,"n_ActionCode":16777216,"n_ActionCode2":134217728,"n_ActionCode3":0,"n_ActionSet":15,"n_ActionSort":3,"c_Action":"Doeltrap","c_ActionShort":"DT","n_PeriodSort":2,"c_Period":"Eerste helft","c_PeriodShort":"1H","n_ActionTime":64000,"n_HomeGoals":0,"n_AwayGoals":0,"n_HomeOrAway":-1,"n_TeamID":61,"c_Team":"AZ","c_TeamShort":"AZ","n_PersonID":1287358,"c_Person":"Sergio Rochet","c_PersonSort":"Rochet, Sergio","c_PersonShort":"Rochet","n_PersonNatioGeoID":2787,"c_PersonNatio":"Uruguay","c_PersonNatioShort":"URU","n_TeamNatioGeoID":2201,"c_TeamNatio":"Nederland","c_TeamNatioShort":"NED","n_ActionReasonID":0,"c_ActionReason":null,"c_ActionInfo":null,"n_SubPersonID":null,"c_SubPerson":"","c_SubPersonShort":"","c_ActionMinute":"2'"},{"n_ActionID":12380075,"n_ActionCode":2097152,"n_ActionCode2":0,"n_ActionCode3":0,"n_ActionSet":12,"n_ActionSort":4,"c_Action":"Overtreding","c_ActionShort":"OB","n_PeriodSort":2,"c_Period":"Eerste helft","c_PeriodShort":"1H","n_ActionTime":203000,"n_HomeGoals":0,"n_AwayGoals":0,"n_HomeOrAway":-1,"n_TeamID":61,"c_Team":"AZ","c_TeamShort":"AZ","n_PersonID":1290499,"c_Person":"Derrick Luckassen","c_PersonSort":"Luckassen, Derrick","c_PersonShort":"Luckassen","n_PersonNatioGeoID":2201,"c_PersonNatio":"Nederland","c_PersonNatioShort":"NED","n_TeamNatioGeoID":2201,"c_TeamNatio":"Nederland","c_TeamNatioShort":"NED","n_ActionReasonID":0,"c_ActionReason":null,"c_ActionInfo":null,"n_SubPersonID":877830,"c_SubPerson":"Florian Jozefzoon","c_SubPersonShort":"Jozefzoon","c_ActionMinute":"4'"},{"n_ActionID":12380077,"n_ActionCode":2048,"n_ActionCode2":0,"n_ActionCode3":0,"n_ActionSet":3,"n_ActionSort":5,"c_Action":"Geel","c_ActionShort":"G","n_PeriodSort":2,"c_Period":"Eerste helft","c_PeriodShort":"1H","n_ActionTime":212000,"n_HomeGoals":0,"n_AwayGoals":0,"n_HomeOrAway":-1,"n_TeamID":61,"c_Team":"AZ","c_TeamShort":"AZ","n_PersonID":1290499,"c_Person":"Derrick Luckassen","c_PersonSort":"Luckassen, Derrick","c_PersonShort":"Luckassen","n_PersonNatioGeoID":2201,"c_PersonNatio":"Nederland","c_PersonNatioShort":"NED","n_TeamNatioGeoID":2201,"c_TeamNatio":"Nederland","c_TeamNatioShort":"NED","n_ActionReasonID":52,"c_ActionReason":"Ruw spel","c_ActionInfo":null,"n_SubPersonID":null,"c_SubPerson":"","c_SubPersonShort":"","c_ActionMinute":"4'"},{"n_ActionID":12380084,"n_ActionCode":1024,"n_ActionCode2":0,"n_ActionCode3":1,"n_ActionSet":12,"n_ActionSort":6,"c_Action":"Vrije trap","c_ActionShort":"VT","n_PeriodSort":2,"c_Period":"Eerste helft","c_PeriodShort":"1H","n_ActionTime":236000,"n_HomeGoals":0,"n_AwayGoals":0,"n_HomeOrAway":1,"n_TeamID":11,"c_Team":"PSV","c_TeamShort":"PSV","n_PersonID":911639,"c_Person":"Jetro Willems","c_PersonSort":"Willems, Jetro","c_PersonShort":"Willems","n_PersonNatioGeoID":2201,"c_PersonNatio":"Nederland","c_PersonNatioShort":"NED","n_TeamNatioGeoID":2201,"c_TeamNatio":"Nederland","c_TeamNatioShort":"NED","n_ActionReasonID":0,"c_ActionReason":null,"c_ActionInfo":"Linkervoet","n_SubPersonID":null,"c_SubPerson":"","c_SubPersonShort":"","c_ActionMinute":"4'"},{"n_ActionID":12380091,"n_ActionCode":16777216,"n_ActionCode2":134217728,"n_ActionCode3":0,"n_ActionSet":15,"n_ActionSort":7,"c_Action":"Doeltrap","c_ActionShort":"DT","n_PeriodSort":2,"c_Period":"Eerste helft","c_PeriodShort":"1H","n_ActionTime":279000,"n_HomeGoals":0,"n_AwayGoals":0,"n_HomeOrAway":-1,"n_TeamID":61,"c_Team":"AZ","c_TeamShort":"AZ","n_PersonID":1287358,"c_Person":"Sergio Rochet","c_PersonSort":"Rochet, Sergio","c_PersonShort":"Rochet","n_PersonNatioGeoID":2787,"c_PersonNatio":"Uruguay","c_PersonNatioShort":"URU","n_TeamNatioGeoID":2201,"c_TeamNatio":"Nederland","c_TeamNatioShort":"NED","n_ActionReasonID":0,"c_ActionReason":null,"c_ActionInfo":null,"n_SubPersonID":null,"c_SubPerson":"","c_SubPersonShort":"","c_ActionMinute":"5'"},{"n_ActionID":12380096,"n_ActionCode":2097152,"n_ActionCode2":0,"n_ActionCode3":0,"n_ActionSet":12,"n_ActionSort":8,"c_Action":"Overtreding","c_ActionShort":"OB","n_PeriodSort":2,"c_Period":"Eerste helft","c_PeriodShort":"1H","n_ActionTime":288000,"n_HomeGoals":0,"n_AwayGoals":0,"n_HomeOrAway":1,"n_TeamID":11,"c_Team":"PSV","c_TeamShort":"PSV","n_PersonID":970699,"c_Person":"Karim Rekik","c_PersonSort":"Rekik, Karim","c_PersonShort":"Rekik","n_PersonNatioGeoID":2201,"c_PersonNatio":"Nederland","c_PersonNatioShort":"NED","n_TeamNatioGeoID":2201,"c_TeamNatio":"Nederland","c_TeamNatioShort":"NED","n_ActionReasonID":0,"c_ActionReason":null,"c_ActionInfo":null,"n_SubPersonID":954157,"c_SubPerson":"Robert Mühren","c_SubPersonShort":"Mühren","c_ActionMinute":"5'"},{"n_ActionID":12380100,"n_ActionCode":1024,"n_ActionCode2":0,"n_ActionCode3":2,"n_ActionSet":12,"n_ActionSort":9,"c_Action":"Vrije trap","c_ActionShort":"VT","n_PeriodSort":2,"c_Period":"Eerste helft","c_PeriodShort":"1H","n_ActionTime":299000,"n_HomeGoals":0,"n_AwayGoals":0,"n_HomeOrAway":-1,"n_TeamID":61,"c_Team":"AZ","c_TeamShort":"AZ","n_PersonID":917182,"c_Person":"Jeffrey Gouweleeuw","c_PersonSort":"Gouweleeuw, Jeffrey","c_PersonShort":"Gouweleeuw","n_PersonNatioGeoID":2201,"c_PersonNatio":"Nederland","c_PersonNatioShort":"NED","n_TeamNatioGeoID":2201,"c_TeamNatio":"Nederland","c_TeamNatioShort":"NED","n_ActionReasonID":0,"c_ActionReason":null,"c_ActionInfo":"Rechtervoet","n_SubPersonID":null,"c_SubPerson":"","c_SubPersonShort":"","c_ActionMinute":"5'"},{"n_ActionID":12380102,"n_ActionCode":262144,"n_ActionCode2":0,"n_ActionCode3":0,"n_ActionSet":12,"n_ActionSort":10,"c_Action":"Buitenspel","c_ActionShort":"BS","n_PeriodSort":2,"c_Period":"Eerste helft","c_PeriodShort":"1H","n_ActionTime":305000,"n_HomeGoals":0,"n_AwayGoals":0,"n_HomeOrAway":-1,"n_TeamID":61,"c_Team":"AZ","c_TeamShort":"AZ","n_PersonID":954157,"c_Person":"Robert Mühren","c_PersonSort":"Mühren, Robert","c_PersonShort":"Mühren","n_PersonNatioGeoID":2201,"c_PersonNatio":"Nederland","c_PersonNatioShort":"NED","n_TeamNatioGeoID":2201,"c_TeamNatio":"Nederland","c_TeamNatioShort":"NED","n_ActionReasonID":0,"c_ActionReason":null,"c_ActionInfo":null,"n_SubPersonID":null,"c_SubPerson":"","c_SubPersonShort":"","c_ActionMinute":"6'"},{"n_ActionID":12380105,"n_ActionCode":1024,"n_ActionCode2":0,"n_ActionCode3":2,"n_ActionSet":12,"n_ActionSort":11,"c_Action":"Vrije trap","c_ActionShort":"VT","n_PeriodSort":2,"c_Period":"Eerste helft","c_PeriodShort":"1H","n_ActionTime":325000,"n_HomeGoals":0,"n_AwayGoals":0,"n_HomeOrAway":1,"n_TeamID":11,"c_Team":"PSV","c_TeamShort":"PSV","n_PersonID":740537,"c_Person":"Jeroen Zoet","c_PersonSort":"Zoet, Jeroen","c_PersonShort":"Zoet","n_PersonNatioGeoID":2201,"c_PersonNatio":"Nederland","c_PersonNatioShort":"NED","n_TeamNatioGeoID":2201,"c_TeamNatio":"Nederland","c_TeamNatioShort":"NED","n_ActionReasonID":0,"c_ActionReason":null,"c_ActionInfo":"Rechtervoet","n_SubPersonID":null,"c_SubPerson":"","c_SubPersonShort":"","c_ActionMinute":"6'"},{"n_ActionID":12380136,"n_ActionCode":2097152,"n_ActionCode2":0,"n_ActionCode3":0,"n_ActionSet":12,"n_ActionSort":12,"c_Action":"Overtreding","c_ActionShort":"OB","n_PeriodSort":2,"c_Period":"Eerste helft","c_PeriodShort":"1H","n_ActionTime":411000,"n_HomeGoals":0,"n_AwayGoals":0,"n_HomeOrAway":1,"n_TeamID":11,"c_Team":"PSV","c_TeamShort":"PSV","n_PersonID":868287,"c_Person":"Adam Maher","c_PersonSort":"Maher, Adam","c_PersonShort":"Maher","n_PersonNatioGeoID":2201,"c_PersonNatio":"Nederland","c_PersonNatioShort":"NED","n_TeamNatioGeoID":2201,"c_TeamNatio":"Nederland","c_TeamNatioShort":"NED","n_ActionReasonID":0,"c_ActionReason":null,"c_ActionInfo":null,"n_SubPersonID":807475,"c_SubPerson":"Celso Ortíz","c_SubPersonShort":"Ortíz","c_ActionMinute":"7'"},{"n_ActionID":12380139,"n_ActionCode":1024,"n_ActionCode2":0,"n_ActionCode3":1,"n_ActionSet":12,"n_ActionSort":13,"c_Action":"Vrije trap","c_ActionShort":"VT","n_PeriodSort":2,"c_Period":"Eerste helft","c_PeriodShort":"1H","n_ActionTime":424000,"n_HomeGoals":0,"n_AwayGoals":0,"n_HomeOrAway":-1,"n_TeamID":61,"c_Team":"AZ","c_TeamShort":"AZ","n_PersonID":1193468,"c_Person":"Wesley Hoedt","c_PersonSort":"Hoedt, Wesley","c_PersonShort":"Hoedt","n_PersonNatioGeoID":2201,"c_PersonNatio":"Nederland","c_PersonNatioShort":"NED","n_TeamNatioGeoID":2201,"c_TeamNatio":"Nederland","c_TeamNatioShort":"NED","n_ActionReasonID":0,"c_ActionReason":null,"c_ActionInfo":"Linkervoet","n_SubPersonID":null,"c_SubPerson":"","c_SubPersonShort":"","c_ActionMinute":"8'"},{"n_ActionID":12380173,"n_ActionCode":16777216,"n_ActionCode2":134217728,"n_ActionCode3":0,"n_ActionSet":15,"n_ActionSort":14,"c_Action":"Doeltrap","c_ActionShort":"DT","n_PeriodSort":2,"c_Period":"Eerste helft","c_PeriodShort":"1H","n_ActionTime":513000,"n_HomeGoals":0,"n_AwayGoals":0,"n_HomeOrAway":1,"n_TeamID":11,"c_Team":"PSV","c_TeamShort":"PSV","n_PersonID":740537,"c_Person":"Jeroen Zoet","c_PersonSort":"Zoet, Jeroen","c_PersonShort":"Zoet","n_PersonNatioGeoID":2201,"c_PersonNatio":"Nederland","c_PersonNatioShort":"NED","n_TeamNatioGeoID":2201,"c_TeamNatio":"Nederland","c_TeamNatioShort":"NED","n_ActionReasonID":0,"c_ActionReason":null,"c_ActionInfo":null,"n_SubPersonID":null,"c_SubPerson":"","c_SubPersonShort":"","c_ActionMinute":"9'"},{"n_ActionID":12380283,"n_ActionCode":536870912,"n_ActionCode2":0,"n_ActionCode3":0,"n_ActionSet":15,"n_ActionSort":15,"c_Action":"Geblokt Schot Door","c_ActionShort":"Gebl. Sch. Door","n_PeriodSort":2,"c_Period":"Eerste helft","c_PeriodShort":"1H","n_ActionTime":521000,"n_HomeGoals":0,"n_AwayGoals":0,"n_HomeOrAway":1,"n_TeamID":11,"c_Team":"PSV","c_TeamShort":"PSV","n_PersonID":850175,"c_Person":"Nicolas Isimat Mirin","c_PersonSort":"Isimat Mirin, Nicolas","c_PersonShort":"Isimat Mirin","n_PersonNatioGeoID":2202,"c_PersonNatio":"Frankrijk","c_PersonNatioShort":"FRA","n_TeamNatioGeoID":2201,"c_TeamNatio":"Nederland","c_TeamNatioShort":"NED","n_ActionReasonID":0,"c_ActionReason":null,"c_ActionInfo":null,"n_SubPersonID":null,"c_SubPerson":"","c_SubPersonShort":"","c_ActionMinute":"9'"},{"n_ActionID":12380284,"n_ActionCode":4194304,"n_ActionCode2":0,"n_ActionCode3":2,"n_ActionSet":15,"n_ActionSort":16,"c_Action":"Geblokt schot","c_ActionShort":"Gebl. Sch.","n_PeriodSort":2,"c_Period":"Eerste helft","c_PeriodShort":"1H","n_ActionTime":521000,"n_HomeGoals":0,"n_AwayGoals":0,"n_HomeOrAway":-1,"n_TeamID":61,"c_Team":"AZ","c_TeamShort":"AZ","n_PersonID":1078336,"c_Person":"Thom Haye","c_PersonSort":"Haye, Thom","c_PersonShort":"Haye","n_PersonNatioGeoID":2201,"c_PersonNatio":"Nederland","c_PersonNatioShort":"NED","n_TeamNatioGeoID":2201,"c_TeamNatio":"Nederland","c_TeamNatioShort":"NED","n_ActionReasonID":0,"c_ActionReason":null,"c_ActionInfo":"Rechtervoet","n_SubPersonID":null,"c_SubPerson":"","c_SubPersonShort":"","c_ActionMinute":"9'"},{"n_ActionID":12380196,"n_ActionCode":512,"n_ActionCode2":8388608,"n_ActionCode3":1,"n_ActionSet":12,"n_ActionSort":17,"c_Action":"Hoekschop","c_ActionShort":"HS","n_PeriodSort":2,"c_Period":"Eerste helft","c_PeriodShort":"1H","n_ActionTime":561000,"n_HomeGoals":0,"n_AwayGoals":0,"n_HomeOrAway":-1,"n_TeamID":61,"c_Team":"AZ","c_TeamShort":"AZ","n_PersonID":807475,"c_Person":"Celso Ortíz","c_PersonSort":"Ortíz, Celso","c_PersonShort":"Ortíz","n_PersonNatioGeoID":4370,"c_PersonNatio":"Paraguay","c_PersonNatioShort":"PAR","n_TeamNatioGeoID":2201,"c_TeamNatio":"Nederland","c_TeamNatioShort":"NED","n_ActionReasonID":0,"c_ActionReason":null,"c_ActionInfo":"Linkervoet","n_SubPersonID":null,"c_SubPerson":"","c_SubPersonShort":"","c_ActionMinute":"10'"},{"n_ActionID":12380213,"n_ActionCode":262144,"n_ActionCode2":0,"n_ActionCode3":0,"n_ActionSet":12,"n_ActionSort":18,"c_Action":"Buitenspel","c_ActionShort":"BS","n_PeriodSort":2,"c_Period":"Eerste helft","c_PeriodShort":"1H","n_ActionTime":581000,"n_HomeGoals":0,"n_AwayGoals":0,"n_HomeOrAway":-1,"n_TeamID":61,"c_Team":"AZ","c_TeamShort":"AZ","n_PersonID":917182,"c_Person":"Jeffrey Gouweleeuw","c_PersonSort":"Gouweleeuw, Jeffrey","c_PersonShort":"Gouweleeuw","n_PersonNatioGeoID":2201,"c_PersonNatio":"Nederland","c_PersonNatioShort":"NED","n_TeamNatioGeoID":2201,"c_TeamNatio":"Nederland","c_TeamNatioShort":"NED","n_ActionReasonID":0,"c_ActionReason":null,"c_ActionInfo":null,"n_SubPersonID":null,"c_SubPerson":"","c_SubPersonShort":"","c_ActionMinute":"10'"},{"n_ActionID":12380216,"n_ActionCode":1024,"n_ActionCode2":0,"n_ActionCode3":2,"n_ActionSet":12,"n_ActionSort":19,"c_Action":"Vrije trap","c_ActionShort":"VT","n_PeriodSort":2,"c_Period":"Eerste helft","c_PeriodShort":"1H","n_ActionTime":597000,"n_HomeGoals":0,"n_AwayGoals":0,"n_HomeOrAway":1,"n_TeamID":11,"c_Team":"PSV","c_TeamShort":"PSV","n_PersonID":970699,"c_Person":"Karim Rekik","c_PersonSort":"Rekik, Karim","c_PersonShort":"Rekik","n_PersonNatioGeoID":2201,"c_PersonNatio":"Nederland","c_PersonNatioShort":"NED","n_TeamNatioGeoID":2201,"c_TeamNatio":"Nederland","c_TeamNatioShort":"NED","n_ActionReasonID":0,"c_ActionReason":null,"c_ActionInfo":"Rechtervoet","n_SubPersonID":null,"c_SubPerson":"","c_SubPersonShort":"","c_ActionMinute":"10'"},{"n_ActionID":12380225,"n_ActionCode":65536,"n_ActionCode2":0,"n_ActionCode3":2,"n_ActionSet":12,"n_ActionSort":20,"c_Action":"Schot naast","c_ActionShort":"SN","n_PeriodSort":2,"c_Period":"Eerste helft","c_PeriodShort":"1H","n_ActionTime":620000,"n_HomeGoals":0,"n_AwayGoals":0,"n_HomeOrAway":-1,"n_TeamID":61,"c_Team":"AZ","c_TeamShort":"AZ","n_PersonID":796858,"c_Person":"Nemanja Gudelj","c_PersonSort":"Gudelj, Nemanja","c_PersonShort":"Gudelj","n_PersonNatioGeoID":6944,"c_PersonNatio":"Servië","c_PersonNatioShort":"SER","n_TeamNatioGeoID":2201,"c_TeamNatio":"Nederland","c_TeamNatioShort":"NED","n_ActionReasonID":0,"c_ActionReason":null,"c_ActionInfo":"Rechtervoet","n_SubPersonID":null,"c_SubPerson":"","c_SubPersonShort":"","c_ActionMinute":"11'"},{"n_ActionID":12380229,"n_ActionCode":16777216,"n_ActionCode2":134217728,"n_ActionCode3":0,"n_ActionSet":15,"n_ActionSort":21,"c_Action":"Doeltrap","c_ActionShort":"DT","n_PeriodSort":2,"c_Period":"Eerste helft","c_PeriodShort":"1H","n_ActionTime":646000,"n_HomeGoals":0,"n_AwayGoals":0,"n_HomeOrAway":1,"n_TeamID":11,"c_Team":"PSV","c_TeamShort":"PSV","n_PersonID":740537,"c_Person":"Jeroen Zoet","c_PersonSort":"Zoet, Jeroen","c_PersonShort":"Zoet","n_PersonNatioGeoID":2201,"c_PersonNatio":"Nederland","c_PersonNatioShort":"NED","n_TeamNatioGeoID":2201,"c_TeamNatio":"Nederland","c_TeamNatioShort":"NED","n_ActionReasonID":0,"c_ActionReason":null,"c_ActionInfo":null,"n_SubPersonID":null,"c_SubPerson":"","c_SubPersonShort":"","c_ActionMinute":"11'"},{"n_ActionID":12380326,"n_ActionCode":512,"n_ActionCode2":16777216,"n_ActionCode3":2,"n_ActionSet":12,"n_ActionSort":22,"c_Action":"Hoekschop","c_ActionShort":"HS","n_PeriodSort":2,"c_Period":"Eerste helft","c_PeriodShort":"1H","n_ActionTime":963000,"n_HomeGoals":0,"n_AwayGoals":0,"n_HomeOrAway":-1,"n_TeamID":61,"c_Team":"AZ","c_TeamShort":"AZ","n_PersonID":1078336,"c_Person":"Thom Haye","c_PersonSort":"Haye, Thom","c_PersonShort":"Haye","n_PersonNatioGeoID":2201,"c_PersonNatio":"Nederland","c_PersonNatioShort":"NED","n_TeamNatioGeoID":2201,"c_TeamNatio":"Nederland","c_TeamNatioShort":"NED","n_ActionReasonID":0,"c_ActionReason":null,"c_ActionInfo":"Rechtervoet","n_SubPersonID":null,"c_SubPerson":"","c_SubPersonShort":"","c_ActionMinute":"17'"},{"n_ActionID":12380332,"n_ActionCode":2097152,"n_ActionCode2":0,"n_ActionCode3":0,"n_ActionSet":12,"n_ActionSort":23,"c_Action":"Overtreding","c_ActionShort":"OB","n_PeriodSort":2,"c_Period":"Eerste helft","c_PeriodShort":"1H","n_ActionTime":973000,"n_HomeGoals":0,"n_AwayGoals":0,"n_HomeOrAway":1,"n_TeamID":11,"c_Team":"PSV","c_TeamShort":"PSV","n_PersonID":603677,"c_Person":"Andrés Guardado","c_PersonSort":"Guardado, Andrés","c_PersonShort":"Guardado","n_PersonNatioGeoID":2228,"c_PersonNatio":"Mexico","c_PersonNatioShort":"MEX","n_TeamNatioGeoID":2201,"c_TeamNatio":"Nederland","c_TeamNatioShort":"NED","n_ActionReasonID":0,"c_ActionReason":null,"c_ActionInfo":null,"n_SubPersonID":608456,"c_SubPerson":"Viktor Elm","c_SubPersonShort":"V. Elm","c_ActionMinute":"17'"},{"n_ActionID":12380343,"n_ActionCode":1024,"n_ActionCode2":0,"n_ActionCode3":1,"n_ActionSet":12,"n_ActionSort":24,"c_Action":"Vrije trap","c_ActionShort":"VT","n_PeriodSort":2,"c_Period":"Eerste helft","c_PeriodShort":"1H","n_ActionTime":996000,"n_HomeGoals":0,"n_AwayGoals":0,"n_HomeOrAway":-1,"n_TeamID":61,"c_Team":"AZ","c_TeamShort":"AZ","n_PersonID":1078336,"c_Person":"Thom Haye","c_PersonSort":"Haye, Thom","c_PersonShort":"Haye","n_PersonNatioGeoID":2201,"c_PersonNatio":"Nederland","c_PersonNatioShort":"NED","n_TeamNatioGeoID":2201,"c_TeamNatio":"Nederland","c_TeamNatioShort":"NED","n_ActionReasonID":0,"c_ActionReason":null,"c_ActionInfo":"Linkervoet","n_SubPersonID":null,"c_SubPerson":"","c_SubPersonShort":"","c_ActionMinute":"17'"},{"n_ActionID":12380370,"n_ActionCode":1048576,"n_ActionCode2":0,"n_ActionCode3":67108866,"n_ActionSet":12,"n_ActionSort":25,"c_Action":"Schot op doel","c_ActionShort":"SD","n_PeriodSort":2,"c_Period":"Eerste helft","c_PeriodShort":"1H","n_ActionTime":1074000,"n_HomeGoals":0,"n_AwayGoals":0,"n_HomeOrAway":-1,"n_TeamID":61,"c_Team":"AZ","c_TeamShort":"AZ","n_PersonID":954157,"c_Person":"Robert Mühren","c_PersonSort":"Mühren, Robert","c_PersonShort":"Mühren","n_PersonNatioGeoID":2201,"c_PersonNatio":"Nederland","c_PersonNatioShort":"NED","n_TeamNatioGeoID":2201,"c_TeamNatio":"Nederland","c_TeamNatioShort":"NED","n_ActionReasonID":0,"c_ActionReason":null,"c_ActionInfo":"Rechtervoet","n_SubPersonID":null,"c_SubPerson":"","c_SubPersonShort":"","c_ActionMinute":"18'"},{"n_ActionID":12380371,"n_ActionCode":256,"n_ActionCode2":0,"n_ActionCode3":0,"n_ActionSet":12,"n_ActionSort":26,"c_Action":"Redding keeper","c_ActionShort":"RG","n_PeriodSort":2,"c_Period":"Eerste helft","c_PeriodShort":"1H","n_ActionTime":1091000,"n_HomeGoals":0,"n_AwayGoals":0,"n_HomeOrAway":1,"n_TeamID":11,"c_Team":"PSV","c_TeamShort":"PSV","n_PersonID":740537,"c_Person":"Jeroen Zoet","c_PersonSort":"Zoet, Jeroen","c_PersonShort":"Zoet","n_PersonNatioGeoID":2201,"c_PersonNatio":"Nederland","c_PersonNatioShort":"NED","n_TeamNatioGeoID":2201,"c_TeamNatio":"Nederland","c_TeamNatioShort":"NED","n_ActionReasonID":130,"c_ActionReason":null,"c_ActionInfo":null,"n_SubPersonID":null,"c_SubPerson":"","c_SubPersonShort":"","c_ActionMinute":"19'"},{"n_ActionID":12380386,"n_ActionCode":4,"n_ActionCode2":0,"n_ActionCode3":67239938,"n_ActionSet":1,"n_ActionSort":27,"c_Action":"Doelpunt","c_ActionShort":"D","n_PeriodSort":2,"c_Period":"Eerste helft","c_PeriodShort":"1H","n_ActionTime":1154000,"n_HomeGoals":1,"n_AwayGoals":0,"n_HomeOrAway":1,"n_TeamID":11,"c_Team":"PSV","c_TeamShort":"PSV","n_PersonID":753369,"c_Person":"Luciano Narsingh","c_PersonSort":"Narsingh, Luciano","c_PersonShort":"Narsingh","n_PersonNatioGeoID":2201,"c_PersonNatio":"Nederland","c_PersonNatioShort":"NED","n_TeamNatioGeoID":2201,"c_TeamNatio":"Nederland","c_TeamNatioShort":"NED","n_ActionReasonID":37,"c_ActionReason":"Assist","c_ActionInfo":"Rechtervoet","n_SubPersonID":911639,"c_SubPerson":"Jetro Willems","c_SubPersonShort":"Willems","c_ActionMinute":"20'"},{"n_ActionID":12380400,"n_ActionCode":0,"n_ActionCode2":17408,"n_ActionCode3":0,"n_ActionSet":15,"n_ActionSort":28,"c_Action":"Aftrap","c_ActionShort":"AT","n_PeriodSort":2,"c_Period":"Eerste helft","c_PeriodShort":"1H","n_ActionTime":1200000,"n_HomeGoals":1,"n_AwayGoals":0,"n_HomeOrAway":-1,"n_TeamID":61,"c_Team":"AZ","c_TeamShort":"AZ","n_PersonID":954157,"c_Person":"Robert Mühren","c_PersonSort":"Mühren, Robert","c_PersonShort":"Mühren","n_PersonNatioGeoID":2201,"c_PersonNatio":"Nederland","c_PersonNatioShort":"NED","n_TeamNatioGeoID":2201,"c_TeamNatio":"Nederland","c_TeamNatioShort":"NED","n_ActionReasonID":0,"c_ActionReason":null,"c_ActionInfo":null,"n_SubPersonID":null,"c_SubPerson":"","c_SubPersonShort":"","c_ActionMinute":"20'"},{"n_ActionID":12380450,"n_ActionCode":512,"n_ActionCode2":16777216,"n_ActionCode3":2,"n_ActionSet":12,"n_ActionSort":29,"c_Action":"Hoekschop","c_ActionShort":"HS","n_PeriodSort":2,"c_Period":"Eerste helft","c_PeriodShort":"1H","n_ActionTime":1402000,"n_HomeGoals":1,"n_AwayGoals":0,"n_HomeOrAway":-1,"n_TeamID":61,"c_Team":"AZ","c_TeamShort":"AZ","n_PersonID":1078336,"c_Person":"Thom Haye","c_PersonSort":"Haye, Thom","c_PersonShort":"Haye","n_PersonNatioGeoID":2201,"c_PersonNatio":"Nederland","c_PersonNatioShort":"NED","n_TeamNatioGeoID":2201,"c_TeamNatio":"Nederland","c_TeamNatioShort":"NED","n_ActionReasonID":0,"c_ActionReason":null,"c_ActionInfo":"Rechtervoet","n_SubPersonID":null,"c_SubPerson":"","c_SubPersonShort":"","c_ActionMinute":"24'"},{"n_ActionID":12380463,"n_ActionCode":2097152,"n_ActionCode2":0,"n_ActionCode3":0,"n_ActionSet":12,"n_ActionSort":30,"c_Action":"Overtreding","c_ActionShort":"OB","n_PeriodSort":2,"c_Period":"Eerste helft","c_PeriodShort":"1H","n_ActionTime":1451000,"n_HomeGoals":1,"n_AwayGoals":0,"n_HomeOrAway":1,"n_TeamID":11,"c_Team":"PSV","c_TeamShort":"PSV","n_PersonID":850175,"c_Person":"Nicolas Isimat Mirin","c_PersonSort":"Isimat Mirin, Nicolas","c_PersonShort":"Isimat Mirin","n_PersonNatioGeoID":2202,"c_PersonNatio":"Frankrijk","c_PersonNatioShort":"FRA","n_TeamNatioGeoID":2201,"c_TeamNatio":"Nederland","c_TeamNatioShort":"NED","n_ActionReasonID":0,"c_ActionReason":null,"c_ActionInfo":null,"n_SubPersonID":608456,"c_SubPerson":"Viktor Elm","c_SubPersonShort":"V. Elm","c_ActionMinute":"25'"},{"n_ActionID":12380469,"n_ActionCode":1024,"n_ActionCode2":0,"n_ActionCode3":2,"n_ActionSet":12,"n_ActionSort":31,"c_Action":"Vrije trap","c_ActionShort":"VT","n_PeriodSort":2,"c_Period":"Eerste helft","c_PeriodShort":"1H","n_ActionTime":1498000,"n_HomeGoals":1,"n_AwayGoals":0,"n_HomeOrAway":-1,"n_TeamID":61,"c_Team":"AZ","c_TeamShort":"AZ","n_PersonID":796858,"c_Person":"Nemanja Gudelj","c_PersonSort":"Gudelj, Nemanja","c_PersonShort":"Gudelj","n_PersonNatioGeoID":6944,"c_PersonNatio":"Servië","c_PersonNatioShort":"SER","n_TeamNatioGeoID":2201,"c_TeamNatio":"Nederland","c_TeamNatioShort":"NED","n_ActionReasonID":0,"c_ActionReason":null,"c_ActionInfo":"Rechtervoet","n_SubPersonID":null,"c_SubPerson":"","c_SubPersonShort":"","c_ActionMinute":"25'"},{"n_ActionID":12380476,"n_ActionCode":0,"n_ActionCode2":0,"n_ActionCode3":131072,"n_ActionSet":15,"n_ActionSort":32,"c_Action":"Scoringskans","c_ActionShort":"Kans","n_PeriodSort":2,"c_Period":"Eerste helft","c_PeriodShort":"1H","n_ActionTime":1524000,"n_HomeGoals":1,"n_AwayGoals":0,"n_HomeOrAway":1,"n_TeamID":11,"c_Team":"PSV","c_TeamShort":"PSV","n_PersonID":877830,"c_Person":"Florian Jozefzoon","c_PersonSort":"Jozefzoon, Florian","c_PersonShort":"Jozefzoon","n_PersonNatioGeoID":2201,"c_PersonNatio":"Nederland","c_PersonNatioShort":"NED","n_TeamNatioGeoID":2201,"c_TeamNatio":"Nederland","c_TeamNatioShort":"NED","n_ActionReasonID":126,"c_ActionReason":null,"c_ActionInfo":null,"n_SubPersonID":null,"c_SubPerson":"","c_SubPersonShort":"","c_ActionMinute":"26'"},{"n_ActionID":12381080,"n_ActionCode":2097152,"n_ActionCode2":0,"n_ActionCode3":0,"n_ActionSet":12,"n_ActionSort":33,"c_Action":"Overtreding","c_ActionShort":"OB","n_PeriodSort":2,"c_Period":"Eerste helft","c_PeriodShort":"1H","n_ActionTime":1590000,"n_HomeGoals":1,"n_AwayGoals":0,"n_HomeOrAway":1,"n_TeamID":11,"c_Team":"PSV","c_TeamShort":"PSV","n_PersonID":868287,"c_Person":"Adam Maher","c_PersonSort":"Maher, Adam","c_PersonShort":"Maher","n_PersonNatioGeoID":2201,"c_PersonNatio":"Nederland","c_PersonNatioShort":"NED","n_TeamNatioGeoID":2201,"c_TeamNatio":"Nederland","c_TeamNatioShort":"NED","n_ActionReasonID":0,"c_ActionReason":null,"c_ActionInfo":null,"n_SubPersonID":796858,"c_SubPerson":"Nemanja Gudelj","c_SubPersonShort":"Gudelj","c_ActionMinute":"27'"},{"n_ActionID":12381107,"n_ActionCode":1024,"n_ActionCode2":0,"n_ActionCode3":2,"n_ActionSet":12,"n_ActionSort":34,"c_Action":"Vrije trap","c_ActionShort":"VT","n_PeriodSort":2,"c_Period":"Eerste helft","c_PeriodShort":"1H","n_ActionTime":1600000,"n_HomeGoals":1,"n_AwayGoals":0,"n_HomeOrAway":-1,"n_TeamID":61,"c_Team":"AZ","c_TeamShort":"AZ","n_PersonID":1290499,"c_Person":"Derrick Luckassen","c_PersonSort":"Luckassen, Derrick","c_PersonShort":"Luckassen","n_PersonNatioGeoID":2201,"c_PersonNatio":"Nederland","c_PersonNatioShort":"NED","n_TeamNatioGeoID":2201,"c_TeamNatio":"Nederland","c_TeamNatioShort":"NED","n_ActionReasonID":0,"c_ActionReason":null,"c_ActionInfo":"Rechtervoet","n_SubPersonID":null,"c_SubPerson":"","c_SubPersonShort":"","c_ActionMinute":"27'"},{"n_ActionID":12380494,"n_ActionCode":262144,"n_ActionCode2":0,"n_ActionCode3":0,"n_ActionSet":12,"n_ActionSort":35,"c_Action":"Buitenspel","c_ActionShort":"BS","n_PeriodSort":2,"c_Period":"Eerste helft","c_PeriodShort":"1H","n_ActionTime":1620000,"n_HomeGoals":1,"n_AwayGoals":0,"n_HomeOrAway":-1,"n_TeamID":61,"c_Team":"AZ","c_TeamShort":"AZ","n_PersonID":954157,"c_Person":"Robert Mühren","c_PersonSort":"Mühren, Robert","c_PersonShort":"Mühren","n_PersonNatioGeoID":2201,"c_PersonNatio":"Nederland","c_PersonNatioShort":"NED","n_TeamNatioGeoID":2201,"c_TeamNatio":"Nederland","c_TeamNatioShort":"NED","n_ActionReasonID":0,"c_ActionReason":null,"c_ActionInfo":null,"n_SubPersonID":null,"c_SubPerson":"","c_SubPersonShort":"","c_ActionMinute":"27'"},{"n_ActionID":12380483,"n_ActionCode":1024,"n_ActionCode2":0,"n_ActionCode3":2,"n_ActionSet":12,"n_ActionSort":36,"c_Action":"Vrije trap","c_ActionShort":"VT","n_PeriodSort":2,"c_Period":"Eerste helft","c_PeriodShort":"1H","n_ActionTime":1637000,"n_HomeGoals":1,"n_AwayGoals":0,"n_HomeOrAway":1,"n_TeamID":11,"c_Team":"PSV","c_TeamShort":"PSV","n_PersonID":850175,"c_Person":"Nicolas Isimat Mirin","c_PersonSort":"Isimat Mirin, Nicolas","c_PersonShort":"Isimat Mirin","n_PersonNatioGeoID":2202,"c_PersonNatio":"Frankrijk","c_PersonNatioShort":"FRA","n_TeamNatioGeoID":2201,"c_TeamNatio":"Nederland","c_TeamNatioShort":"NED","n_ActionReasonID":0,"c_ActionReason":null,"c_ActionInfo":"Rechtervoet","n_SubPersonID":null,"c_SubPerson":"","c_SubPersonShort":"","c_ActionMinute":"28'"},{"n_ActionID":12380501,"n_ActionCode":4,"n_ActionCode2":0,"n_ActionCode3":134348802,"n_ActionSet":1,"n_ActionSort":37,"c_Action":"Doelpunt","c_ActionShort":"D","n_PeriodSort":2,"c_Period":"Eerste helft","c_PeriodShort":"1H","n_ActionTime":1700000,"n_HomeGoals":2,"n_AwayGoals":0,"n_HomeOrAway":1,"n_TeamID":11,"c_Team":"PSV","c_TeamShort":"PSV","n_PersonID":868287,"c_Person":"Adam Maher","c_PersonSort":"Maher, Adam","c_PersonShort":"Maher","n_PersonNatioGeoID":2201,"c_PersonNatio":"Nederland","c_PersonNatioShort":"NED","n_TeamNatioGeoID":2201,"c_TeamNatio":"Nederland","c_TeamNatioShort":"NED","n_ActionReasonID":41,"c_ActionReason":"Onderschepping","c_ActionInfo":"Rechtervoet","n_SubPersonID":null,"c_SubPerson":"","c_SubPersonShort":"","c_ActionMinute":"29'"},{"n_ActionID":12380523,"n_ActionCode":0,"n_ActionCode2":17408,"n_ActionCode3":0,"n_ActionSet":15,"n_ActionSort":38,"c_Action":"Aftrap","c_ActionShort":"AT","n_PeriodSort":2,"c_Period":"Eerste helft","c_PeriodShort":"1H","n_ActionTime":1751000,"n_HomeGoals":2,"n_AwayGoals":0,"n_HomeOrAway":-1,"n_TeamID":61,"c_Team":"AZ","c_TeamShort":"AZ","n_PersonID":796858,"c_Person":"Nemanja Gudelj","c_PersonSort":"Gudelj, Nemanja","c_PersonShort":"Gudelj","n_PersonNatioGeoID":6944,"c_PersonNatio":"Servië","c_PersonNatioShort":"SER","n_TeamNatioGeoID":2201,"c_TeamNatio":"Nederland","c_TeamNatioShort":"NED","n_ActionReasonID":0,"c_ActionReason":null,"c_ActionInfo":null,"n_SubPersonID":null,"c_SubPerson":"","c_SubPersonShort":"","c_ActionMinute":"30'"},{"n_ActionID":12380537,"n_ActionCode":512,"n_ActionCode2":16777216,"n_ActionCode3":2,"n_ActionSet":12,"n_ActionSort":39,"c_Action":"Hoekschop","c_ActionShort":"HS","n_PeriodSort":2,"c_Period":"Eerste helft","c_PeriodShort":"1H","n_ActionTime":1822000,"n_HomeGoals":2,"n_AwayGoals":0,"n_HomeOrAway":-1,"n_TeamID":61,"c_Team":"AZ","c_TeamShort":"AZ","n_PersonID":1078336,"c_Person":"Thom Haye","c_PersonSort":"Haye, Thom","c_PersonShort":"Haye","n_PersonNatioGeoID":2201,"c_PersonNatio":"Nederland","c_PersonNatioShort":"NED","n_TeamNatioGeoID":2201,"c_TeamNatio":"Nederland","c_TeamNatioShort":"NED","n_ActionReasonID":0,"c_ActionReason":null,"c_ActionInfo":"Rechtervoet","n_SubPersonID":null,"c_SubPerson":"","c_SubPersonShort":"","c_ActionMinute":"31'"},{"n_ActionID":12380665,"n_ActionCode":2097152,"n_ActionCode2":0,"n_ActionCode3":0,"n_ActionSet":12,"n_ActionSort":40,"c_Action":"Overtreding","c_ActionShort":"OB","n_PeriodSort":2,"c_Period":"Eerste helft","c_PeriodShort":"1H","n_ActionTime":1987000,"n_HomeGoals":2,"n_AwayGoals":0,"n_HomeOrAway":1,"n_TeamID":11,"c_Team":"PSV","c_TeamShort":"PSV","n_PersonID":740670,"c_Person":"Luuk de Jong","c_PersonSort":"De Jong, Luuk","c_PersonShort":"L. de Jong","n_PersonNatioGeoID":2201,"c_PersonNatio":"Nederland","c_PersonNatioShort":"NED","n_TeamNatioGeoID":2201,"c_TeamNatio":"Nederland","c_TeamNatioShort":"NED","n_ActionReasonID":0,"c_ActionReason":null,"c_ActionInfo":null,"n_SubPersonID":608456,"c_SubPerson":"Viktor Elm","c_SubPersonShort":"V. Elm","c_ActionMinute":"34'"},{"n_ActionID":12380669,"n_ActionCode":1024,"n_ActionCode2":0,"n_ActionCode3":2,"n_ActionSet":12,"n_ActionSort":41,"c_Action":"Vrije trap","c_ActionShort":"VT","n_PeriodSort":2,"c_Period":"Eerste helft","c_PeriodShort":"1H","n_ActionTime":1993000,"n_HomeGoals":2,"n_AwayGoals":0,"n_HomeOrAway":-1,"n_TeamID":61,"c_Team":"AZ","c_TeamShort":"AZ","n_PersonID":807475,"c_Person":"Celso Ortíz","c_PersonSort":"Ortíz, Celso","c_PersonShort":"Ortíz","n_PersonNatioGeoID":4370,"c_PersonNatio":"Paraguay","c_PersonNatioShort":"PAR","n_TeamNatioGeoID":2201,"c_TeamNatio":"Nederland","c_TeamNatioShort":"NED","n_ActionReasonID":0,"c_ActionReason":null,"c_ActionInfo":"Rechtervoet","n_SubPersonID":null,"c_SubPerson":"","c_SubPersonShort":"","c_ActionMinute":"34'"},{"n_ActionID":12380647,"n_ActionCode":65536,"n_ActionCode2":0,"n_ActionCode3":2,"n_ActionSet":12,"n_ActionSort":42,"c_Action":"Schot naast","c_ActionShort":"SN","n_PeriodSort":2,"c_Period":"Eerste helft","c_PeriodShort":"1H","n_ActionTime":2017000,"n_HomeGoals":2,"n_AwayGoals":0,"n_HomeOrAway":1,"n_TeamID":11,"c_Team":"PSV","c_TeamShort":"PSV","n_PersonID":877830,"c_Person":"Florian Jozefzoon","c_PersonSort":"Jozefzoon, Florian","c_PersonShort":"Jozefzoon","n_PersonNatioGeoID":2201,"c_PersonNatio":"Nederland","c_PersonNatioShort":"NED","n_TeamNatioGeoID":2201,"c_TeamNatio":"Nederland","c_TeamNatioShort":"NED","n_ActionReasonID":0,"c_ActionReason":null,"c_ActionInfo":"Rechtervoet","n_SubPersonID":null,"c_SubPerson":"","c_SubPersonShort":"","c_ActionMinute":"34'"},{"n_ActionID":12380808,"n_ActionCode":536870912,"n_ActionCode2":0,"n_ActionCode3":0,"n_ActionSet":15,"n_ActionSort":43,"c_Action":"Geblokt Schot Door","c_ActionShort":"Gebl. Sch. Door","n_PeriodSort":2,"c_Period":"Eerste helft","c_PeriodShort":"1H","n_ActionTime":2115000,"n_HomeGoals":2,"n_AwayGoals":0,"n_HomeOrAway":-1,"n_TeamID":61,"c_Team":"AZ","c_TeamShort":"AZ","n_PersonID":1193468,"c_Person":"Wesley Hoedt","c_PersonSort":"Hoedt, Wesley","c_PersonShort":"Hoedt","n_PersonNatioGeoID":2201,"c_PersonNatio":"Nederland","c_PersonNatioShort":"NED","n_TeamNatioGeoID":2201,"c_TeamNatio":"Nederland","c_TeamNatioShort":"NED","n_ActionReasonID":0,"c_ActionReason":null,"c_ActionInfo":null,"n_SubPersonID":null,"c_SubPerson":"","c_SubPersonShort":"","c_ActionMinute":"36'"},{"n_ActionID":12380809,"n_ActionCode":4194304,"n_ActionCode2":0,"n_ActionCode3":2,"n_ActionSet":15,"n_ActionSort":44,"c_Action":"Geblokt schot","c_ActionShort":"Gebl. Sch.","n_PeriodSort":2,"c_Period":"Eerste helft","c_PeriodShort":"1H","n_ActionTime":2115000,"n_HomeGoals":2,"n_AwayGoals":0,"n_HomeOrAway":1,"n_TeamID":11,"c_Team":"PSV","c_TeamShort":"PSV","n_PersonID":868287,"c_Person":"Adam Maher","c_PersonSort":"Maher, Adam","c_PersonShort":"Maher","n_PersonNatioGeoID":2201,"c_PersonNatio":"Nederland","c_PersonNatioShort":"NED","n_TeamNatioGeoID":2201,"c_TeamNatio":"Nederland","c_TeamNatioShort":"NED","n_ActionReasonID":0,"c_ActionReason":null,"c_ActionInfo":"Rechtervoet","n_SubPersonID":null,"c_SubPerson":"","c_SubPersonShort":"","c_ActionMinute":"36'"},{"n_ActionID":12380680,"n_ActionCode":2097152,"n_ActionCode2":0,"n_ActionCode3":0,"n_ActionSet":12,"n_ActionSort":45,"c_Action":"Overtreding","c_ActionShort":"OB","n_PeriodSort":2,"c_Period":"Eerste helft","c_PeriodShort":"1H","n_ActionTime":2125000,"n_HomeGoals":2,"n_AwayGoals":0,"n_HomeOrAway":1,"n_TeamID":11,"c_Team":"PSV","c_TeamShort":"PSV","n_PersonID":1115087,"c_Person":"Jorrit Hendrix","c_PersonSort":"Hendrix, Jorrit","c_PersonShort":"Hendrix","n_PersonNatioGeoID":2201,"c_PersonNatio":"Nederland","c_PersonNatioShort":"NED","n_TeamNatioGeoID":2201,"c_TeamNatio":"Nederland","c_TeamNatioShort":"NED","n_ActionReasonID":0,"c_ActionReason":null,"c_ActionInfo":null,"n_SubPersonID":796858,"c_SubPerson":"Nemanja Gudelj","c_SubPersonShort":"Gudelj","c_ActionMinute":"36'"},{"n_ActionID":12380690,"n_ActionCode":1024,"n_ActionCode2":0,"n_ActionCode3":1,"n_ActionSet":12,"n_ActionSort":46,"c_Action":"Vrije trap","c_ActionShort":"VT","n_PeriodSort":2,"c_Period":"Eerste helft","c_PeriodShort":"1H","n_ActionTime":2147000,"n_HomeGoals":2,"n_AwayGoals":0,"n_HomeOrAway":-1,"n_TeamID":61,"c_Team":"AZ","c_TeamShort":"AZ","n_PersonID":1193468,"c_Person":"Wesley Hoedt","c_PersonSort":"Hoedt, Wesley","c_PersonShort":"Hoedt","n_PersonNatioGeoID":2201,"c_PersonNatio":"Nederland","c_PersonNatioShort":"NED","n_TeamNatioGeoID":2201,"c_TeamNatio":"Nederland","c_TeamNatioShort":"NED","n_ActionReasonID":0,"c_ActionReason":null,"c_ActionInfo":"Linkervoet","n_SubPersonID":null,"c_SubPerson":"","c_SubPersonShort":"","c_ActionMinute":"36'"},{"n_ActionID":12380718,"n_ActionCode":512,"n_ActionCode2":8388608,"n_ActionCode3":1,"n_ActionSet":12,"n_ActionSort":47,"c_Action":"Hoekschop","c_ActionShort":"HS","n_PeriodSort":2,"c_Period":"Eerste helft","c_PeriodShort":"1H","n_ActionTime":2207000,"n_HomeGoals":2,"n_AwayGoals":0,"n_HomeOrAway":1,"n_TeamID":11,"c_Team":"PSV","c_TeamShort":"PSV","n_PersonID":911639,"c_Person":"Jetro Willems","c_PersonSort":"Willems, Jetro","c_PersonShort":"Willems","n_PersonNatioGeoID":2201,"c_PersonNatio":"Nederland","c_PersonNatioShort":"NED","n_TeamNatioGeoID":2201,"c_TeamNatio":"Nederland","c_TeamNatioShort":"NED","n_ActionReasonID":0,"c_ActionReason":null,"c_ActionInfo":"Linkervoet","n_SubPersonID":null,"c_SubPerson":"","c_SubPersonShort":"","c_ActionMinute":"37'"},{"n_ActionID":12380811,"n_ActionCode":4,"n_ActionCode2":2097152,"n_ActionCode3":131585,"n_ActionSet":1,"n_ActionSort":48,"c_Action":"Doelpunt","c_ActionShort":"D","n_PeriodSort":2,"c_Period":"Eerste helft","c_PeriodShort":"1H","n_ActionTime":2455000,"n_HomeGoals":3,"n_AwayGoals":0,"n_HomeOrAway":1,"n_TeamID":11,"c_Team":"PSV","c_TeamShort":"PSV","n_PersonID":868287,"c_Person":"Adam Maher","c_PersonSort":"Maher, Adam","c_PersonShort":"Maher","n_PersonNatioGeoID":2201,"c_PersonNatio":"Nederland","c_PersonNatioShort":"NED","n_TeamNatioGeoID":2201,"c_TeamNatio":"Nederland","c_TeamNatioShort":"NED","n_ActionReasonID":37,"c_ActionReason":"Assist","c_ActionInfo":"Linkervoet","n_SubPersonID":857345,"c_SubPerson":"Santiago Arias","c_SubPersonShort":"Arias","c_ActionMinute":"41'"},{"n_ActionID":12380835,"n_ActionCode":0,"n_ActionCode2":17408,"n_ActionCode3":0,"n_ActionSet":15,"n_ActionSort":49,"c_Action":"Aftrap","c_ActionShort":"AT","n_PeriodSort":2,"c_Period":"Eerste helft","c_PeriodShort":"1H","n_ActionTime":2510000,"n_HomeGoals":3,"n_AwayGoals":0,"n_HomeOrAway":-1,"n_TeamID":61,"c_Team":"AZ","c_TeamShort":"AZ","n_PersonID":796858,"c_Person":"Nemanja Gudelj","c_PersonSort":"Gudelj, Nemanja","c_PersonShort":"Gudelj","n_PersonNatioGeoID":6944,"c_PersonNatio":"Servië","c_PersonNatioShort":"SER","n_TeamNatioGeoID":2201,"c_TeamNatio":"Nederland","c_TeamNatioShort":"NED","n_ActionReasonID":0,"c_ActionReason":null,"c_ActionInfo":null,"n_SubPersonID":null,"c_SubPerson":"","c_SubPersonShort":"","c_ActionMinute":"42'"},{"n_ActionID":12380881,"n_ActionCode":2097152,"n_ActionCode2":0,"n_ActionCode3":0,"n_ActionSet":12,"n_ActionSort":50,"c_Action":"Overtreding","c_ActionShort":"OB","n_PeriodSort":2,"c_Period":"Eerste helft","c_PeriodShort":"1H","n_ActionTime":2590000,"n_HomeGoals":3,"n_AwayGoals":0,"n_HomeOrAway":-1,"n_TeamID":61,"c_Team":"AZ","c_TeamShort":"AZ","n_PersonID":1193468,"c_Person":"Wesley Hoedt","c_PersonSort":"Hoedt, Wesley","c_PersonShort":"Hoedt","n_PersonNatioGeoID":2201,"c_PersonNatio":"Nederland","c_PersonNatioShort":"NED","n_TeamNatioGeoID":2201,"c_TeamNatio":"Nederland","c_TeamNatioShort":"NED","n_ActionReasonID":0,"c_ActionReason":null,"c_ActionInfo":null,"n_SubPersonID":740670,"c_SubPerson":"Luuk de Jong","c_SubPersonShort":"L. de Jong","c_ActionMinute":"44'"},{"n_ActionID":12380882,"n_ActionCode":1024,"n_ActionCode2":0,"n_ActionCode3":2,"n_ActionSet":12,"n_ActionSort":51,"c_Action":"Vrije trap","c_ActionShort":"VT","n_PeriodSort":2,"c_Period":"Eerste helft","c_PeriodShort":"1H","n_ActionTime":2604000,"n_HomeGoals":3,"n_AwayGoals":0,"n_HomeOrAway":1,"n_TeamID":11,"c_Team":"PSV","c_TeamShort":"PSV","n_PersonID":868287,"c_Person":"Adam Maher","c_PersonSort":"Maher, Adam","c_PersonShort":"Maher","n_PersonNatioGeoID":2201,"c_PersonNatio":"Nederland","c_PersonNatioShort":"NED","n_TeamNatioGeoID":2201,"c_TeamNatio":"Nederland","c_TeamNatioShort":"NED","n_ActionReasonID":0,"c_ActionReason":null,"c_ActionInfo":"Rechtervoet","n_SubPersonID":null,"c_SubPerson":"","c_SubPersonShort":"","c_ActionMinute":"44'"},{"n_ActionID":12380915,"n_ActionCode":0,"n_ActionCode2":2048,"n_ActionCode3":0,"n_ActionSet":16,"n_ActionSort":52,"c_Action":"Einde periode","c_ActionShort":"Einde","n_PeriodSort":2,"c_Period":"Eerste helft","c_PeriodShort":"1H","n_ActionTime":2707000,"n_HomeGoals":3,"n_AwayGoals":0,"n_HomeOrAway":0,"n_TeamID":0,"c_Team":"","c_TeamShort":"","n_PersonID":0,"c_Person":"","c_PersonSort":"","c_PersonShort":"","n_PersonNatioGeoID":0,"c_PersonNatio":null,"c_PersonNatioShort":null,"n_TeamNatioGeoID":null,"c_TeamNatio":null,"c_TeamNatioShort":null,"n_ActionReasonID":0,"c_ActionReason":null,"c_ActionInfo":null,"n_SubPersonID":null,"c_SubPerson":"","c_SubPersonShort":"","c_ActionMinute":"45'+1'"},{"n_ActionID":12381307,"n_ActionCode":16384,"n_ActionCode2":0,"n_ActionCode3":0,"n_ActionSet":5,"n_ActionSort":53,"c_Action":"Wissel","c_ActionShort":"Wis","n_PeriodSort":3,"c_Period":"Rust","c_PeriodShort":"R","n_ActionTime":2760000,"n_HomeGoals":null,"n_AwayGoals":null,"n_HomeOrAway":-1,"n_TeamID":61,"c_Team":"AZ","c_TeamShort":"AZ","n_PersonID":725462,"c_Person":"Mattias Johansson","c_PersonSort":"Johansson, Mattias","c_PersonShort":"Johansson","n_PersonNatioGeoID":2222,"c_PersonNatio":"Zweden","c_PersonNatioShort":"ZWE","n_TeamNatioGeoID":2201,"c_TeamNatio":"Nederland","c_TeamNatioShort":"NED","n_ActionReasonID":0,"c_ActionReason":null,"c_ActionInfo":null,"n_SubPersonID":1290499,"c_SubPerson":"Derrick Luckassen","c_SubPersonShort":"Luckassen","c_ActionMinute":"46'"},{"n_ActionID":12381295,"n_ActionCode":0,"n_ActionCode2":1024,"n_ActionCode3":0,"n_ActionSet":16,"n_ActionSort":54,"c_Action":"Aftrap","c_ActionShort":"Begin","n_PeriodSort":4,"c_Period":"Tweede helft","c_PeriodShort":"2H","n_ActionTime":2700000,"n_HomeGoals":3,"n_AwayGoals":0,"n_HomeOrAway":1,"n_TeamID":11,"c_Team":"PSV","c_TeamShort":"PSV","n_PersonID":0,"c_Person":"","c_PersonSort":"","c_PersonShort":"","n_PersonNatioGeoID":0,"c_PersonNatio":null,"c_PersonNatioShort":null,"n_TeamNatioGeoID":2201,"c_TeamNatio":"Nederland","c_TeamNatioShort":"NED","n_ActionReasonID":0,"c_ActionReason":null,"c_ActionInfo":null,"n_SubPersonID":null,"c_SubPerson":"","c_SubPersonShort":"","c_ActionMinute":"45'"},{"n_ActionID":12381318,"n_ActionCode":2097152,"n_ActionCode2":0,"n_ActionCode3":0,"n_ActionSet":12,"n_ActionSort":55,"c_Action":"Overtreding","c_ActionShort":"OB","n_PeriodSort":4,"c_Period":"Tweede helft","c_PeriodShort":"2H","n_ActionTime":2740000,"n_HomeGoals":3,"n_AwayGoals":0,"n_HomeOrAway":-1,"n_TeamID":61,"c_Team":"AZ","c_TeamShort":"AZ","n_PersonID":807475,"c_Person":"Celso Ortíz","c_PersonSort":"Ortíz, Celso","c_PersonShort":"Ortíz","n_PersonNatioGeoID":4370,"c_PersonNatio":"Paraguay","c_PersonNatioShort":"PAR","n_TeamNatioGeoID":2201,"c_TeamNatio":"Nederland","c_TeamNatioShort":"NED","n_ActionReasonID":0,"c_ActionReason":null,"c_ActionInfo":null,"n_SubPersonID":603677,"c_SubPerson":"Andrés Guardado","c_SubPersonShort":"Guardado","c_ActionMinute":"46'"},{"n_ActionID":12381330,"n_ActionCode":1024,"n_ActionCode2":0,"n_ActionCode3":2,"n_ActionSet":12,"n_ActionSort":56,"c_Action":"Vrije trap","c_ActionShort":"VT","n_PeriodSort":4,"c_Period":"Tweede helft","c_PeriodShort":"2H","n_ActionTime":2758000,"n_HomeGoals":3,"n_AwayGoals":0,"n_HomeOrAway":1,"n_TeamID":11,"c_Team":"PSV","c_TeamShort":"PSV","n_PersonID":970699,"c_Person":"Karim Rekik","c_PersonSort":"Rekik, Karim","c_PersonShort":"Rekik","n_PersonNatioGeoID":2201,"c_PersonNatio":"Nederland","c_PersonNatioShort":"NED","n_TeamNatioGeoID":2201,"c_TeamNatio":"Nederland","c_TeamNatioShort":"NED","n_ActionReasonID":0,"c_ActionReason":null,"c_ActionInfo":"Rechtervoet","n_SubPersonID":null,"c_SubPerson":"","c_SubPersonShort":"","c_ActionMinute":"46'"},{"n_ActionID":12381339,"n_ActionCode":2097152,"n_ActionCode2":0,"n_ActionCode3":0,"n_ActionSet":12,"n_ActionSort":57,"c_Action":"Overtreding","c_ActionShort":"OB","n_PeriodSort":4,"c_Period":"Tweede helft","c_PeriodShort":"2H","n_ActionTime":2779000,"n_HomeGoals":3,"n_AwayGoals":0,"n_HomeOrAway":-1,"n_TeamID":61,"c_Team":"AZ","c_TeamShort":"AZ","n_PersonID":608456,"c_Person":"Viktor Elm","c_PersonSort":"Elm, Viktor","c_PersonShort":"V. Elm","n_PersonNatioGeoID":2222,"c_PersonNatio":"Zweden","c_PersonNatioShort":"ZWE","n_TeamNatioGeoID":2201,"c_TeamNatio":"Nederland","c_TeamNatioShort":"NED","n_ActionReasonID":0,"c_ActionReason":null,"c_ActionInfo":null,"n_SubPersonID":1115087,"c_SubPerson":"Jorrit Hendrix","c_SubPersonShort":"Hendrix","c_ActionMinute":"47'"},{"n_ActionID":12381342,"n_ActionCode":2048,"n_ActionCode2":0,"n_ActionCode3":0,"n_ActionSet":3,"n_ActionSort":58,"c_Action":"Geel","c_ActionShort":"G","n_PeriodSort":4,"c_Period":"Tweede helft","c_PeriodShort":"2H","n_ActionTime":2783000,"n_HomeGoals":3,"n_AwayGoals":0,"n_HomeOrAway":-1,"n_TeamID":61,"c_Team":"AZ","c_TeamShort":"AZ","n_PersonID":608456,"c_Person":"Viktor Elm","c_PersonSort":"Elm, Viktor","c_PersonShort":"V. Elm","n_PersonNatioGeoID":2222,"c_PersonNatio":"Zweden","c_PersonNatioShort":"ZWE","n_TeamNatioGeoID":2201,"c_TeamNatio":"Nederland","c_TeamNatioShort":"NED","n_ActionReasonID":52,"c_ActionReason":"Ruw spel","c_ActionInfo":null,"n_SubPersonID":null,"c_SubPerson":"","c_SubPersonShort":"","c_ActionMinute":"47'"},{"n_ActionID":12381353,"n_ActionCode":1024,"n_ActionCode2":0,"n_ActionCode3":2,"n_ActionSet":12,"n_ActionSort":59,"c_Action":"Vrije trap","c_ActionShort":"VT","n_PeriodSort":4,"c_Period":"Tweede helft","c_PeriodShort":"2H","n_ActionTime":2801000,"n_HomeGoals":3,"n_AwayGoals":0,"n_HomeOrAway":1,"n_TeamID":11,"c_Team":"PSV","c_TeamShort":"PSV","n_PersonID":850175,"c_Person":"Nicolas Isimat Mirin","c_PersonSort":"Isimat Mirin, Nicolas","c_PersonShort":"Isimat Mirin","n_PersonNatioGeoID":2202,"c_PersonNatio":"Frankrijk","c_PersonNatioShort":"FRA","n_TeamNatioGeoID":2201,"c_TeamNatio":"Nederland","c_TeamNatioShort":"NED","n_ActionReasonID":0,"c_ActionReason":null,"c_ActionInfo":"Rechtervoet","n_SubPersonID":null,"c_SubPerson":"","c_SubPersonShort":"","c_ActionMinute":"47'"},{"n_ActionID":12381370,"n_ActionCode":2097152,"n_ActionCode2":0,"n_ActionCode3":0,"n_ActionSet":12,"n_ActionSort":60,"c_Action":"Overtreding","c_ActionShort":"OB","n_PeriodSort":4,"c_Period":"Tweede helft","c_PeriodShort":"2H","n_ActionTime":2814000,"n_HomeGoals":3,"n_AwayGoals":0,"n_HomeOrAway":-1,"n_TeamID":61,"c_Team":"AZ","c_TeamShort":"AZ","n_PersonID":796858,"c_Person":"Nemanja Gudelj","c_PersonSort":"Gudelj, Nemanja","c_PersonShort":"Gudelj","n_PersonNatioGeoID":6944,"c_PersonNatio":"Servië","c_PersonNatioShort":"SER","n_TeamNatioGeoID":2201,"c_TeamNatio":"Nederland","c_TeamNatioShort":"NED","n_ActionReasonID":0,"c_ActionReason":null,"c_ActionInfo":null,"n_SubPersonID":868287,"c_SubPerson":"Adam Maher","c_SubPersonShort":"Maher","c_ActionMinute":"47'"},{"n_ActionID":12381374,"n_ActionCode":1024,"n_ActionCode2":0,"n_ActionCode3":2,"n_ActionSet":12,"n_ActionSort":61,"c_Action":"Vrije trap","c_ActionShort":"VT","n_PeriodSort":4,"c_Period":"Tweede helft","c_PeriodShort":"2H","n_ActionTime":2829000,"n_HomeGoals":3,"n_AwayGoals":0,"n_HomeOrAway":1,"n_TeamID":11,"c_Team":"PSV","c_TeamShort":"PSV","n_PersonID":868287,"c_Person":"Adam Maher","c_PersonSort":"Maher, Adam","c_PersonShort":"Maher","n_PersonNatioGeoID":2201,"c_PersonNatio":"Nederland","c_PersonNatioShort":"NED","n_TeamNatioGeoID":2201,"c_TeamNatio":"Nederland","c_TeamNatioShort":"NED","n_ActionReasonID":0,"c_ActionReason":null,"c_ActionInfo":"Rechtervoet","n_SubPersonID":null,"c_SubPerson":"","c_SubPersonShort":"","c_ActionMinute":"48'"},{"n_ActionID":12381419,"n_ActionCode":65536,"n_ActionCode2":0,"n_ActionCode3":131076,"n_ActionSet":12,"n_ActionSort":62,"c_Action":"Schot naast","c_ActionShort":"SN","n_PeriodSort":4,"c_Period":"Tweede helft","c_PeriodShort":"2H","n_ActionTime":2931000,"n_HomeGoals":3,"n_AwayGoals":0,"n_HomeOrAway":1,"n_TeamID":11,"c_Team":"PSV","c_TeamShort":"PSV","n_PersonID":753369,"c_Person":"Luciano Narsingh","c_PersonSort":"Narsingh, Luciano","c_PersonShort":"Narsingh","n_PersonNatioGeoID":2201,"c_PersonNatio":"Nederland","c_PersonNatioShort":"NED","n_TeamNatioGeoID":2201,"c_TeamNatio":"Nederland","c_TeamNatioShort":"NED","n_ActionReasonID":87,"c_ActionReason":"Lat","c_ActionInfo":"Kopbal","n_SubPersonID":null,"c_SubPerson":"","c_SubPersonShort":"","c_ActionMinute":"49'"},{"n_ActionID":12381421,"n_ActionCode":67108864,"n_ActionCode2":256,"n_ActionCode3":0,"n_ActionSet":12,"n_ActionSort":63,"c_Action":"Lat","c_ActionShort":"SL","n_PeriodSort":4,"c_Period":"Tweede helft","c_PeriodShort":"2H","n_ActionTime":2932000,"n_HomeGoals":3,"n_AwayGoals":0,"n_HomeOrAway":1,"n_TeamID":11,"c_Team":"PSV","c_TeamShort":"PSV","n_PersonID":753369,"c_Person":"Luciano Narsingh","c_PersonSort":"Narsingh, Luciano","c_PersonShort":"Narsingh","n_PersonNatioGeoID":2201,"c_PersonNatio":"Nederland","c_PersonNatioShort":"NED","n_TeamNatioGeoID":2201,"c_TeamNatio":"Nederland","c_TeamNatioShort":"NED","n_ActionReasonID":0,"c_ActionReason":null,"c_ActionInfo":null,"n_SubPersonID":null,"c_SubPerson":"","c_SubPersonShort":"","c_ActionMinute":"49'"},{"n_ActionID":12381426,"n_ActionCode":1048576,"n_ActionCode2":0,"n_ActionCode3":134217730,"n_ActionSet":12,"n_ActionSort":64,"c_Action":"Schot op doel","c_ActionShort":"SD","n_PeriodSort":4,"c_Period":"Tweede helft","c_PeriodShort":"2H","n_ActionTime":2934000,"n_HomeGoals":3,"n_AwayGoals":0,"n_HomeOrAway":1,"n_TeamID":11,"c_Team":"PSV","c_TeamShort":"PSV","n_PersonID":877830,"c_Person":"Florian Jozefzoon","c_PersonSort":"Jozefzoon, Florian","c_PersonShort":"Jozefzoon","n_PersonNatioGeoID":2201,"c_PersonNatio":"Nederland","c_PersonNatioShort":"NED","n_TeamNatioGeoID":2201,"c_TeamNatio":"Nederland","c_TeamNatioShort":"NED","n_ActionReasonID":0,"c_ActionReason":null,"c_ActionInfo":"Rechtervoet","n_SubPersonID":null,"c_SubPerson":"","c_SubPersonShort":"","c_ActionMinute":"49'"},{"n_ActionID":12381430,"n_ActionCode":256,"n_ActionCode2":0,"n_ActionCode3":0,"n_ActionSet":12,"n_ActionSort":65,"c_Action":"Redding keeper","c_ActionShort":"RG","n_PeriodSort":4,"c_Period":"Tweede helft","c_PeriodShort":"2H","n_ActionTime":2935000,"n_HomeGoals":3,"n_AwayGoals":0,"n_HomeOrAway":-1,"n_TeamID":61,"c_Team":"AZ","c_TeamShort":"AZ","n_PersonID":1287358,"c_Person":"Sergio Rochet","c_PersonSort":"Rochet, Sergio","c_PersonShort":"Rochet","n_PersonNatioGeoID":2787,"c_PersonNatio":"Uruguay","c_PersonNatioShort":"URU","n_TeamNatioGeoID":2201,"c_TeamNatio":"Nederland","c_TeamNatioShort":"NED","n_ActionReasonID":131,"c_ActionReason":null,"c_ActionInfo":null,"n_SubPersonID":null,"c_SubPerson":"","c_SubPersonShort":"","c_ActionMinute":"49'"},{"n_ActionID":12381432,"n_ActionCode":1048576,"n_ActionCode2":0,"n_ActionCode3":134217730,"n_ActionSet":12,"n_ActionSort":66,"c_Action":"Schot op doel","c_ActionShort":"SD","n_PeriodSort":4,"c_Period":"Tweede helft","c_PeriodShort":"2H","n_ActionTime":2937000,"n_HomeGoals":3,"n_AwayGoals":0,"n_HomeOrAway":1,"n_TeamID":11,"c_Team":"PSV","c_TeamShort":"PSV","n_PersonID":877830,"c_Person":"Florian Jozefzoon","c_PersonSort":"Jozefzoon, Florian","c_PersonShort":"Jozefzoon","n_PersonNatioGeoID":2201,"c_PersonNatio":"Nederland","c_PersonNatioShort":"NED","n_TeamNatioGeoID":2201,"c_TeamNatio":"Nederland","c_TeamNatioShort":"NED","n_ActionReasonID":0,"c_ActionReason":null,"c_ActionInfo":"Rechtervoet","n_SubPersonID":null,"c_SubPerson":"","c_SubPersonShort":"","c_ActionMinute":"49'"},{"n_ActionID":12381433,"n_ActionCode":256,"n_ActionCode2":0,"n_ActionCode3":0,"n_ActionSet":12,"n_ActionSort":67,"c_Action":"Redding keeper","c_ActionShort":"RG","n_PeriodSort":4,"c_Period":"Tweede helft","c_PeriodShort":"2H","n_ActionTime":2938000,"n_HomeGoals":3,"n_AwayGoals":0,"n_HomeOrAway":-1,"n_TeamID":61,"c_Team":"AZ","c_TeamShort":"AZ","n_PersonID":1287358,"c_Person":"Sergio Rochet","c_PersonSort":"Rochet, Sergio","c_PersonShort":"Rochet","n_PersonNatioGeoID":2787,"c_PersonNatio":"Uruguay","c_PersonNatioShort":"URU","n_TeamNatioGeoID":2201,"c_TeamNatio":"Nederland","c_TeamNatioShort":"NED","n_ActionReasonID":129,"c_ActionReason":null,"c_ActionInfo":null,"n_SubPersonID":null,"c_SubPerson":"","c_SubPersonShort":"","c_ActionMinute":"49'"},{"n_ActionID":12381473,"n_ActionCode":2097152,"n_ActionCode2":0,"n_ActionCode3":0,"n_ActionSet":12,"n_ActionSort":68,"c_Action":"Overtreding","c_ActionShort":"OB","n_PeriodSort":4,"c_Period":"Tweede helft","c_PeriodShort":"2H","n_ActionTime":3083000,"n_HomeGoals":3,"n_AwayGoals":0,"n_HomeOrAway":1,"n_TeamID":11,"c_Team":"PSV","c_TeamShort":"PSV","n_PersonID":911639,"c_Person":"Jetro Willems","c_PersonSort":"Willems, Jetro","c_PersonShort":"Willems","n_PersonNatioGeoID":2201,"c_PersonNatio":"Nederland","c_PersonNatioShort":"NED","n_TeamNatioGeoID":2201,"c_TeamNatio":"Nederland","c_TeamNatioShort":"NED","n_ActionReasonID":0,"c_ActionReason":null,"c_ActionInfo":null,"n_SubPersonID":779351,"c_SubPerson":"Guus Hupperts","c_SubPersonShort":"Hupperts","c_ActionMinute":"52'"},{"n_ActionID":12381480,"n_ActionCode":1024,"n_ActionCode2":0,"n_ActionCode3":2,"n_ActionSet":12,"n_ActionSort":69,"c_Action":"Vrije trap","c_ActionShort":"VT","n_PeriodSort":4,"c_Period":"Tweede helft","c_PeriodShort":"2H","n_ActionTime":3095000,"n_HomeGoals":3,"n_AwayGoals":0,"n_HomeOrAway":-1,"n_TeamID":61,"c_Team":"AZ","c_TeamShort":"AZ","n_PersonID":917182,"c_Person":"Jeffrey Gouweleeuw","c_PersonSort":"Gouweleeuw, Jeffrey","c_PersonShort":"Gouweleeuw","n_PersonNatioGeoID":2201,"c_PersonNatio":"Nederland","c_PersonNatioShort":"NED","n_TeamNatioGeoID":2201,"c_TeamNatio":"Nederland","c_TeamNatioShort":"NED","n_ActionReasonID":0,"c_ActionReason":null,"c_ActionInfo":"Rechtervoet","n_SubPersonID":null,"c_SubPerson":"","c_SubPersonShort":"","c_ActionMinute":"52'"},{"n_ActionID":12381547,"n_ActionCode":2097152,"n_ActionCode2":0,"n_ActionCode3":0,"n_ActionSet":12,"n_ActionSort":70,"c_Action":"Overtreding","c_ActionShort":"OB","n_PeriodSort":4,"c_Period":"Tweede helft","c_PeriodShort":"2H","n_ActionTime":3281000,"n_HomeGoals":3,"n_AwayGoals":0,"n_HomeOrAway":-1,"n_TeamID":61,"c_Team":"AZ","c_TeamShort":"AZ","n_PersonID":725462,"c_Person":"Mattias Johansson","c_PersonSort":"Johansson, Mattias","c_PersonShort":"Johansson","n_PersonNatioGeoID":2222,"c_PersonNatio":"Zweden","c_PersonNatioShort":"ZWE","n_TeamNatioGeoID":2201,"c_TeamNatio":"Nederland","c_TeamNatioShort":"NED","n_ActionReasonID":0,"c_ActionReason":null,"c_ActionInfo":null,"n_SubPersonID":877830,"c_SubPerson":"Florian Jozefzoon","c_SubPersonShort":"Jozefzoon","c_ActionMinute":"55'"},{"n_ActionID":12381556,"n_ActionCode":1024,"n_ActionCode2":0,"n_ActionCode3":1,"n_ActionSet":12,"n_ActionSort":71,"c_Action":"Vrije trap","c_ActionShort":"VT","n_PeriodSort":4,"c_Period":"Tweede helft","c_PeriodShort":"2H","n_ActionTime":3328000,"n_HomeGoals":3,"n_AwayGoals":0,"n_HomeOrAway":1,"n_TeamID":11,"c_Team":"PSV","c_TeamShort":"PSV","n_PersonID":911639,"c_Person":"Jetro Willems","c_PersonSort":"Willems, Jetro","c_PersonShort":"Willems","n_PersonNatioGeoID":2201,"c_PersonNatio":"Nederland","c_PersonNatioShort":"NED","n_TeamNatioGeoID":2201,"c_TeamNatio":"Nederland","c_TeamNatioShort":"NED","n_ActionReasonID":0,"c_ActionReason":null,"c_ActionInfo":"Linkervoet","n_SubPersonID":null,"c_SubPerson":"","c_SubPersonShort":"","c_ActionMinute":"56'"},{"n_ActionID":12381560,"n_ActionCode":65536,"n_ActionCode2":0,"n_ActionCode3":1,"n_ActionSet":12,"n_ActionSort":72,"c_Action":"Schot naast","c_ActionShort":"SN","n_PeriodSort":4,"c_Period":"Tweede helft","c_PeriodShort":"2H","n_ActionTime":3331000,"n_HomeGoals":3,"n_AwayGoals":0,"n_HomeOrAway":1,"n_TeamID":11,"c_Team":"PSV","c_TeamShort":"PSV","n_PersonID":911639,"c_Person":"Jetro Willems","c_PersonSort":"Willems, Jetro","c_PersonShort":"Willems","n_PersonNatioGeoID":2201,"c_PersonNatio":"Nederland","c_PersonNatioShort":"NED","n_TeamNatioGeoID":2201,"c_TeamNatio":"Nederland","c_TeamNatioShort":"NED","n_ActionReasonID":0,"c_ActionReason":null,"c_ActionInfo":"Linkervoet","n_SubPersonID":null,"c_SubPerson":"","c_SubPersonShort":"","c_ActionMinute":"56'"},{"n_ActionID":12381564,"n_ActionCode":16777216,"n_ActionCode2":134217728,"n_ActionCode3":0,"n_ActionSet":15,"n_ActionSort":73,"c_Action":"Doeltrap","c_ActionShort":"DT","n_PeriodSort":4,"c_Period":"Tweede helft","c_PeriodShort":"2H","n_ActionTime":3363000,"n_HomeGoals":3,"n_AwayGoals":0,"n_HomeOrAway":-1,"n_TeamID":61,"c_Team":"AZ","c_TeamShort":"AZ","n_PersonID":1287358,"c_Person":"Sergio Rochet","c_PersonSort":"Rochet, Sergio","c_PersonShort":"Rochet","n_PersonNatioGeoID":2787,"c_PersonNatio":"Uruguay","c_PersonNatioShort":"URU","n_TeamNatioGeoID":2201,"c_TeamNatio":"Nederland","c_TeamNatioShort":"NED","n_ActionReasonID":0,"c_ActionReason":null,"c_ActionInfo":null,"n_SubPersonID":null,"c_SubPerson":"","c_SubPersonShort":"","c_ActionMinute":"57'"},{"n_ActionID":12381578,"n_ActionCode":512,"n_ActionCode2":33554432,"n_ActionCode3":1,"n_ActionSet":12,"n_ActionSort":74,"c_Action":"Hoekschop","c_ActionShort":"HS","n_PeriodSort":4,"c_Period":"Tweede helft","c_PeriodShort":"2H","n_ActionTime":3442000,"n_HomeGoals":3,"n_AwayGoals":0,"n_HomeOrAway":-1,"n_TeamID":61,"c_Team":"AZ","c_TeamShort":"AZ","n_PersonID":807475,"c_Person":"Celso Ortíz","c_PersonSort":"Ortíz, Celso","c_PersonShort":"Ortíz","n_PersonNatioGeoID":4370,"c_PersonNatio":"Paraguay","c_PersonNatioShort":"PAR","n_TeamNatioGeoID":2201,"c_TeamNatio":"Nederland","c_TeamNatioShort":"NED","n_ActionReasonID":0,"c_ActionReason":null,"c_ActionInfo":"Linkervoet","n_SubPersonID":null,"c_SubPerson":"","c_SubPersonShort":"","c_ActionMinute":"58'"},{"n_ActionID":12379435,"n_ActionCode":16384,"n_ActionCode2":0,"n_ActionCode3":0,"n_ActionSet":5,"n_ActionSort":75,"c_Action":"Wissel","c_ActionShort":"Wis","n_PeriodSort":4,"c_Period":"Tweede helft","c_PeriodShort":"2H","n_ActionTime":3509000,"n_HomeGoals":null,"n_AwayGoals":null,"n_HomeOrAway":-1,"n_TeamID":61,"c_Team":"AZ","c_TeamShort":"AZ","n_PersonID":926163,"c_Person":"Muamer Tankovic","c_PersonSort":"Tankovic, Muamer","c_PersonShort":"Tankovic","n_PersonNatioGeoID":2222,"c_PersonNatio":"Zweden","c_PersonNatioShort":"ZWE","n_TeamNatioGeoID":2201,"c_TeamNatio":"Nederland","c_TeamNatioShort":"NED","n_ActionReasonID":0,"c_ActionReason":null,"c_ActionInfo":null,"n_SubPersonID":954157,"c_SubPerson":"Robert Mühren","c_SubPersonShort":"Mühren","c_ActionMinute":"59'"},{"n_ActionID":12381599,"n_ActionCode":2097152,"n_ActionCode2":0,"n_ActionCode3":0,"n_ActionSet":12,"n_ActionSort":76,"c_Action":"Overtreding","c_ActionShort":"OB","n_PeriodSort":4,"c_Period":"Tweede helft","c_PeriodShort":"2H","n_ActionTime":3545000,"n_HomeGoals":3,"n_AwayGoals":0,"n_HomeOrAway":1,"n_TeamID":11,"c_Team":"PSV","c_TeamShort":"PSV","n_PersonID":868287,"c_Person":"Adam Maher","c_PersonSort":"Maher, Adam","c_PersonShort":"Maher","n_PersonNatioGeoID":2201,"c_PersonNatio":"Nederland","c_PersonNatioShort":"NED","n_TeamNatioGeoID":2201,"c_TeamNatio":"Nederland","c_TeamNatioShort":"NED","n_ActionReasonID":0,"c_ActionReason":null,"c_ActionInfo":null,"n_SubPersonID":608456,"c_SubPerson":"Viktor Elm","c_SubPersonShort":"V. Elm","c_ActionMinute":"60'"},{"n_ActionID":12381614,"n_ActionCode":1024,"n_ActionCode2":0,"n_ActionCode3":1,"n_ActionSet":12,"n_ActionSort":77,"c_Action":"Vrije trap","c_ActionShort":"VT","n_PeriodSort":4,"c_Period":"Tweede helft","c_PeriodShort":"2H","n_ActionTime":3597000,"n_HomeGoals":3,"n_AwayGoals":0,"n_HomeOrAway":-1,"n_TeamID":61,"c_Team":"AZ","c_TeamShort":"AZ","n_PersonID":807475,"c_Person":"Celso Ortíz","c_PersonSort":"Ortíz, Celso","c_PersonShort":"Ortíz","n_PersonNatioGeoID":4370,"c_PersonNatio":"Paraguay","c_PersonNatioShort":"PAR","n_TeamNatioGeoID":2201,"c_TeamNatio":"Nederland","c_TeamNatioShort":"NED","n_ActionReasonID":93,"c_ActionReason":null,"c_ActionInfo":"Linkervoet","n_SubPersonID":null,"c_SubPerson":"","c_SubPersonShort":"","c_ActionMinute":"60'"},{"n_ActionID":12381617,"n_ActionCode":536870912,"n_ActionCode2":0,"n_ActionCode3":0,"n_ActionSet":15,"n_ActionSort":78,"c_Action":"Geblokt Schot Door","c_ActionShort":"Gebl. Sch. Door","n_PeriodSort":4,"c_Period":"Tweede helft","c_PeriodShort":"2H","n_ActionTime":3600000,"n_HomeGoals":3,"n_AwayGoals":0,"n_HomeOrAway":1,"n_TeamID":11,"c_Team":"PSV","c_TeamShort":"PSV","n_PersonID":740670,"c_Person":"Luuk de Jong","c_PersonSort":"De Jong, Luuk","c_PersonShort":"L. de Jong","n_PersonNatioGeoID":2201,"c_PersonNatio":"Nederland","c_PersonNatioShort":"NED","n_TeamNatioGeoID":2201,"c_TeamNatio":"Nederland","c_TeamNatioShort":"NED","n_ActionReasonID":0,"c_ActionReason":null,"c_ActionInfo":null,"n_SubPersonID":null,"c_SubPerson":"","c_SubPersonShort":"","c_ActionMinute":"60'"},{"n_ActionID":12381618,"n_ActionCode":4194304,"n_ActionCode2":0,"n_ActionCode3":1,"n_ActionSet":15,"n_ActionSort":79,"c_Action":"Geblokt schot","c_ActionShort":"Gebl. Sch.","n_PeriodSort":4,"c_Period":"Tweede helft","c_PeriodShort":"2H","n_ActionTime":3600000,"n_HomeGoals":3,"n_AwayGoals":0,"n_HomeOrAway":-1,"n_TeamID":61,"c_Team":"AZ","c_TeamShort":"AZ","n_PersonID":807475,"c_Person":"Celso Ortíz","c_PersonSort":"Ortíz, Celso","c_PersonShort":"Ortíz","n_PersonNatioGeoID":4370,"c_PersonNatio":"Paraguay","c_PersonNatioShort":"PAR","n_TeamNatioGeoID":2201,"c_TeamNatio":"Nederland","c_TeamNatioShort":"NED","n_ActionReasonID":0,"c_ActionReason":null,"c_ActionInfo":"Linkervoet","n_SubPersonID":null,"c_SubPerson":"","c_SubPersonShort":"","c_ActionMinute":"60'"},{"n_ActionID":12381663,"n_ActionCode":2097152,"n_ActionCode2":0,"n_ActionCode3":0,"n_ActionSet":12,"n_ActionSort":80,"c_Action":"Overtreding","c_ActionShort":"OB","n_PeriodSort":4,"c_Period":"Tweede helft","c_PeriodShort":"2H","n_ActionTime":3724000,"n_HomeGoals":3,"n_AwayGoals":0,"n_HomeOrAway":1,"n_TeamID":11,"c_Team":"PSV","c_TeamShort":"PSV","n_PersonID":850175,"c_Person":"Nicolas Isimat Mirin","c_PersonSort":"Isimat Mirin, Nicolas","c_PersonShort":"Isimat Mirin","n_PersonNatioGeoID":2202,"c_PersonNatio":"Frankrijk","c_PersonNatioShort":"FRA","n_TeamNatioGeoID":2201,"c_TeamNatio":"Nederland","c_TeamNatioShort":"NED","n_ActionReasonID":0,"c_ActionReason":null,"c_ActionInfo":null,"n_SubPersonID":926163,"c_SubPerson":"Muamer Tankovic","c_SubPersonShort":"Tankovic","c_ActionMinute":"63'"},{"n_ActionID":12381671,"n_ActionCode":1024,"n_ActionCode2":0,"n_ActionCode3":2,"n_ActionSet":12,"n_ActionSort":81,"c_Action":"Vrije trap","c_ActionShort":"VT","n_PeriodSort":4,"c_Period":"Tweede helft","c_PeriodShort":"2H","n_ActionTime":3749000,"n_HomeGoals":3,"n_AwayGoals":0,"n_HomeOrAway":-1,"n_TeamID":61,"c_Team":"AZ","c_TeamShort":"AZ","n_PersonID":796858,"c_Person":"Nemanja Gudelj","c_PersonSort":"Gudelj, Nemanja","c_PersonShort":"Gudelj","n_PersonNatioGeoID":6944,"c_PersonNatio":"Servië","c_PersonNatioShort":"SER","n_TeamNatioGeoID":2201,"c_TeamNatio":"Nederland","c_TeamNatioShort":"NED","n_ActionReasonID":0,"c_ActionReason":null,"c_ActionInfo":"Rechtervoet","n_SubPersonID":null,"c_SubPerson":"","c_SubPersonShort":"","c_ActionMinute":"63'"},{"n_ActionID":12381677,"n_ActionCode":512,"n_ActionCode2":8388608,"n_ActionCode3":2,"n_ActionSet":12,"n_ActionSort":82,"c_Action":"Hoekschop","c_ActionShort":"HS","n_PeriodSort":4,"c_Period":"Tweede helft","c_PeriodShort":"2H","n_ActionTime":3777000,"n_HomeGoals":3,"n_AwayGoals":0,"n_HomeOrAway":-1,"n_TeamID":61,"c_Team":"AZ","c_TeamShort":"AZ","n_PersonID":1078336,"c_Person":"Thom Haye","c_PersonSort":"Haye, Thom","c_PersonShort":"Haye","n_PersonNatioGeoID":2201,"c_PersonNatio":"Nederland","c_PersonNatioShort":"NED","n_TeamNatioGeoID":2201,"c_TeamNatio":"Nederland","c_TeamNatioShort":"NED","n_ActionReasonID":0,"c_ActionReason":null,"c_ActionInfo":"Rechtervoet","n_SubPersonID":null,"c_SubPerson":"","c_SubPersonShort":"","c_ActionMinute":"63'"},{"n_ActionID":12381691,"n_ActionCode":2097152,"n_ActionCode2":0,"n_ActionCode3":0,"n_ActionSet":12,"n_ActionSort":83,"c_Action":"Overtreding","c_ActionShort":"OB","n_PeriodSort":4,"c_Period":"Tweede helft","c_PeriodShort":"2H","n_ActionTime":3812000,"n_HomeGoals":3,"n_AwayGoals":0,"n_HomeOrAway":1,"n_TeamID":11,"c_Team":"PSV","c_TeamShort":"PSV","n_PersonID":911639,"c_Person":"Jetro Willems","c_PersonSort":"Willems, Jetro","c_PersonShort":"Willems","n_PersonNatioGeoID":2201,"c_PersonNatio":"Nederland","c_PersonNatioShort":"NED","n_TeamNatioGeoID":2201,"c_TeamNatio":"Nederland","c_TeamNatioShort":"NED","n_ActionReasonID":0,"c_ActionReason":null,"c_ActionInfo":null,"n_SubPersonID":551360,"c_SubPerson":"Simon Poulsen","c_SubPersonShort":"S. Poulsen","c_ActionMinute":"64'"},{"n_ActionID":12381696,"n_ActionCode":1024,"n_ActionCode2":0,"n_ActionCode3":2,"n_ActionSet":12,"n_ActionSort":84,"c_Action":"Vrije trap","c_ActionShort":"VT","n_PeriodSort":4,"c_Period":"Tweede helft","c_PeriodShort":"2H","n_ActionTime":3827000,"n_HomeGoals":3,"n_AwayGoals":0,"n_HomeOrAway":-1,"n_TeamID":61,"c_Team":"AZ","c_TeamShort":"AZ","n_PersonID":1287358,"c_Person":"Sergio Rochet","c_PersonSort":"Rochet, Sergio","c_PersonShort":"Rochet","n_PersonNatioGeoID":2787,"c_PersonNatio":"Uruguay","c_PersonNatioShort":"URU","n_TeamNatioGeoID":2201,"c_TeamNatio":"Nederland","c_TeamNatioShort":"NED","n_ActionReasonID":0,"c_ActionReason":null,"c_ActionInfo":"Rechtervoet","n_SubPersonID":null,"c_SubPerson":"","c_SubPersonShort":"","c_ActionMinute":"64'"},{"n_ActionID":12381729,"n_ActionCode":65536,"n_ActionCode2":0,"n_ActionCode3":1,"n_ActionSet":12,"n_ActionSort":85,"c_Action":"Schot naast","c_ActionShort":"SN","n_PeriodSort":4,"c_Period":"Tweede helft","c_PeriodShort":"2H","n_ActionTime":3924000,"n_HomeGoals":3,"n_AwayGoals":0,"n_HomeOrAway":-1,"n_TeamID":61,"c_Team":"AZ","c_TeamShort":"AZ","n_PersonID":926163,"c_Person":"Muamer Tankovic","c_PersonSort":"Tankovic, Muamer","c_PersonShort":"Tankovic","n_PersonNatioGeoID":2222,"c_PersonNatio":"Zweden","c_PersonNatioShort":"ZWE","n_TeamNatioGeoID":2201,"c_TeamNatio":"Nederland","c_TeamNatioShort":"NED","n_ActionReasonID":0,"c_ActionReason":null,"c_ActionInfo":"Linkervoet","n_SubPersonID":null,"c_SubPerson":"","c_SubPersonShort":"","c_ActionMinute":"66'"},{"n_ActionID":12379440,"n_ActionCode":16384,"n_ActionCode2":0,"n_ActionCode3":0,"n_ActionSet":5,"n_ActionSort":86,"c_Action":"Wissel","c_ActionShort":"Wis","n_PeriodSort":4,"c_Period":"Tweede helft","c_PeriodShort":"2H","n_ActionTime":3943000,"n_HomeGoals":null,"n_AwayGoals":null,"n_HomeOrAway":-1,"n_TeamID":61,"c_Team":"AZ","c_TeamShort":"AZ","n_PersonID":796838,"c_Person":"Mikhail Rosheuvel","c_PersonSort":"Rosheuvel, Mikhail","c_PersonShort":"Rosheuvel","n_PersonNatioGeoID":2201,"c_PersonNatio":"Nederland","c_PersonNatioShort":"NED","n_TeamNatioGeoID":2201,"c_TeamNatio":"Nederland","c_TeamNatioShort":"NED","n_ActionReasonID":0,"c_ActionReason":null,"c_ActionInfo":null,"n_SubPersonID":779351,"c_SubPerson":"Guus Hupperts","c_SubPersonShort":"Hupperts","c_ActionMinute":"66'"},{"n_ActionID":12381764,"n_ActionCode":16777216,"n_ActionCode2":134217728,"n_ActionCode3":0,"n_ActionSet":15,"n_ActionSort":87,"c_Action":"Doeltrap","c_ActionShort":"DT","n_PeriodSort":4,"c_Period":"Tweede helft","c_PeriodShort":"2H","n_ActionTime":3958000,"n_HomeGoals":3,"n_AwayGoals":0,"n_HomeOrAway":1,"n_TeamID":11,"c_Team":"PSV","c_TeamShort":"PSV","n_PersonID":740537,"c_Person":"Jeroen Zoet","c_PersonSort":"Zoet, Jeroen","c_PersonShort":"Zoet","n_PersonNatioGeoID":2201,"c_PersonNatio":"Nederland","c_PersonNatioShort":"NED","n_TeamNatioGeoID":2201,"c_TeamNatio":"Nederland","c_TeamNatioShort":"NED","n_ActionReasonID":0,"c_ActionReason":null,"c_ActionInfo":null,"n_SubPersonID":null,"c_SubPerson":"","c_SubPersonShort":"","c_ActionMinute":"66'"},{"n_ActionID":12381791,"n_ActionCode":65536,"n_ActionCode2":0,"n_ActionCode3":2,"n_ActionSet":12,"n_ActionSort":88,"c_Action":"Schot naast","c_ActionShort":"SN","n_PeriodSort":4,"c_Period":"Tweede helft","c_PeriodShort":"2H","n_ActionTime":3993000,"n_HomeGoals":3,"n_AwayGoals":0,"n_HomeOrAway":-1,"n_TeamID":61,"c_Team":"AZ","c_TeamShort":"AZ","n_PersonID":926163,"c_Person":"Muamer Tankovic","c_PersonSort":"Tankovic, Muamer","c_PersonShort":"Tankovic","n_PersonNatioGeoID":2222,"c_PersonNatio":"Zweden","c_PersonNatioShort":"ZWE","n_TeamNatioGeoID":2201,"c_TeamNatio":"Nederland","c_TeamNatioShort":"NED","n_ActionReasonID":0,"c_ActionReason":null,"c_ActionInfo":"Rechtervoet","n_SubPersonID":null,"c_SubPerson":"","c_SubPersonShort":"","c_ActionMinute":"67'"},{"n_ActionID":12381793,"n_ActionCode":16777216,"n_ActionCode2":134217728,"n_ActionCode3":0,"n_ActionSet":15,"n_ActionSort":89,"c_Action":"Doeltrap","c_ActionShort":"DT","n_PeriodSort":4,"c_Period":"Tweede helft","c_PeriodShort":"2H","n_ActionTime":4011000,"n_HomeGoals":3,"n_AwayGoals":0,"n_HomeOrAway":1,"n_TeamID":11,"c_Team":"PSV","c_TeamShort":"PSV","n_PersonID":740537,"c_Person":"Jeroen Zoet","c_PersonSort":"Zoet, Jeroen","c_PersonShort":"Zoet","n_PersonNatioGeoID":2201,"c_PersonNatio":"Nederland","c_PersonNatioShort":"NED","n_TeamNatioGeoID":2201,"c_TeamNatio":"Nederland","c_TeamNatioShort":"NED","n_ActionReasonID":0,"c_ActionReason":null,"c_ActionInfo":null,"n_SubPersonID":null,"c_SubPerson":"","c_SubPersonShort":"","c_ActionMinute":"67'"},{"n_ActionID":12381777,"n_ActionCode":65536,"n_ActionCode2":0,"n_ActionCode3":4,"n_ActionSet":12,"n_ActionSort":90,"c_Action":"Schot naast","c_ActionShort":"SN","n_PeriodSort":4,"c_Period":"Tweede helft","c_PeriodShort":"2H","n_ActionTime":4072000,"n_HomeGoals":3,"n_AwayGoals":0,"n_HomeOrAway":1,"n_TeamID":11,"c_Team":"PSV","c_TeamShort":"PSV","n_PersonID":740670,"c_Person":"Luuk de Jong","c_PersonSort":"De Jong, Luuk","c_PersonShort":"L. de Jong","n_PersonNatioGeoID":2201,"c_PersonNatio":"Nederland","c_PersonNatioShort":"NED","n_TeamNatioGeoID":2201,"c_TeamNatio":"Nederland","c_TeamNatioShort":"NED","n_ActionReasonID":0,"c_ActionReason":null,"c_ActionInfo":"Kopbal","n_SubPersonID":null,"c_SubPerson":"","c_SubPersonShort":"","c_ActionMinute":"68'"},{"n_ActionID":12381789,"n_ActionCode":512,"n_ActionCode2":8388608,"n_ActionCode3":2,"n_ActionSet":12,"n_ActionSort":91,"c_Action":"Hoekschop","c_ActionShort":"HS","n_PeriodSort":4,"c_Period":"Tweede helft","c_PeriodShort":"2H","n_ActionTime":4108000,"n_HomeGoals":3,"n_AwayGoals":0,"n_HomeOrAway":1,"n_TeamID":11,"c_Team":"PSV","c_TeamShort":"PSV","n_PersonID":868287,"c_Person":"Adam Maher","c_PersonSort":"Maher, Adam","c_PersonShort":"Maher","n_PersonNatioGeoID":2201,"c_PersonNatio":"Nederland","c_PersonNatioShort":"NED","n_TeamNatioGeoID":2201,"c_TeamNatio":"Nederland","c_TeamNatioShort":"NED","n_ActionReasonID":0,"c_ActionReason":null,"c_ActionInfo":"Rechtervoet","n_SubPersonID":null,"c_SubPerson":"","c_SubPersonShort":"","c_ActionMinute":"69'"},{"n_ActionID":12378965,"n_ActionCode":16384,"n_ActionCode2":0,"n_ActionCode3":0,"n_ActionSet":5,"n_ActionSort":92,"c_Action":"Wissel","c_ActionShort":"Wis","n_PeriodSort":4,"c_Period":"Tweede helft","c_PeriodShort":"2H","n_ActionTime":4250000,"n_HomeGoals":null,"n_AwayGoals":null,"n_HomeOrAway":1,"n_TeamID":11,"c_Team":"PSV","c_TeamShort":"PSV","n_PersonID":801376,"c_Person":"Marcel Ritzmaier","c_PersonSort":"Ritzmaier, Marcel","c_PersonShort":"Ritzmaier","n_PersonNatioGeoID":2219,"c_PersonNatio":"Oostenrijk","c_PersonNatioShort":"OOS","n_TeamNatioGeoID":2201,"c_TeamNatio":"Nederland","c_TeamNatioShort":"NED","n_ActionReasonID":0,"c_ActionReason":null,"c_ActionInfo":null,"n_SubPersonID":603677,"c_SubPerson":"Andrés Guardado","c_SubPersonShort":"Guardado","c_ActionMinute":"71'"},{"n_ActionID":12381804,"n_ActionCode":16777216,"n_ActionCode2":134217728,"n_ActionCode3":0,"n_ActionSet":15,"n_ActionSort":93,"c_Action":"Doeltrap","c_ActionShort":"DT","n_PeriodSort":4,"c_Period":"Tweede helft","c_PeriodShort":"2H","n_ActionTime":4267000,"n_HomeGoals":3,"n_AwayGoals":0,"n_HomeOrAway":-1,"n_TeamID":61,"c_Team":"AZ","c_TeamShort":"AZ","n_PersonID":1287358,"c_Person":"Sergio Rochet","c_PersonSort":"Rochet, Sergio","c_PersonShort":"Rochet","n_PersonNatioGeoID":2787,"c_PersonNatio":"Uruguay","c_PersonNatioShort":"URU","n_TeamNatioGeoID":2201,"c_TeamNatio":"Nederland","c_TeamNatioShort":"NED","n_ActionReasonID":0,"c_ActionReason":null,"c_ActionInfo":null,"n_SubPersonID":null,"c_SubPerson":"","c_SubPersonShort":"","c_ActionMinute":"72'"},{"n_ActionID":12381832,"n_ActionCode":65536,"n_ActionCode2":0,"n_ActionCode3":1,"n_ActionSet":12,"n_ActionSort":94,"c_Action":"Schot naast","c_ActionShort":"SN","n_PeriodSort":4,"c_Period":"Tweede helft","c_PeriodShort":"2H","n_ActionTime":4374000,"n_HomeGoals":3,"n_AwayGoals":0,"n_HomeOrAway":1,"n_TeamID":11,"c_Team":"PSV","c_TeamShort":"PSV","n_PersonID":801376,"c_Person":"Marcel Ritzmaier","c_PersonSort":"Ritzmaier, Marcel","c_PersonShort":"Ritzmaier","n_PersonNatioGeoID":2219,"c_PersonNatio":"Oostenrijk","c_PersonNatioShort":"OOS","n_TeamNatioGeoID":2201,"c_TeamNatio":"Nederland","c_TeamNatioShort":"NED","n_ActionReasonID":0,"c_ActionReason":null,"c_ActionInfo":"Linkervoet","n_SubPersonID":null,"c_SubPerson":"","c_SubPersonShort":"","c_ActionMinute":"73'"},{"n_ActionID":12381834,"n_ActionCode":16777216,"n_ActionCode2":134217728,"n_ActionCode3":0,"n_ActionSet":15,"n_ActionSort":95,"c_Action":"Doeltrap","c_ActionShort":"DT","n_PeriodSort":4,"c_Period":"Tweede helft","c_PeriodShort":"2H","n_ActionTime":4391000,"n_HomeGoals":3,"n_AwayGoals":0,"n_HomeOrAway":-1,"n_TeamID":61,"c_Team":"AZ","c_TeamShort":"AZ","n_PersonID":1287358,"c_Person":"Sergio Rochet","c_PersonSort":"Rochet, Sergio","c_PersonShort":"Rochet","n_PersonNatioGeoID":2787,"c_PersonNatio":"Uruguay","c_PersonNatioShort":"URU","n_TeamNatioGeoID":2201,"c_TeamNatio":"Nederland","c_TeamNatioShort":"NED","n_ActionReasonID":0,"c_ActionReason":null,"c_ActionInfo":null,"n_SubPersonID":null,"c_SubPerson":"","c_SubPersonShort":"","c_ActionMinute":"74'"},{"n_ActionID":12382492,"n_ActionCode":2097152,"n_ActionCode2":0,"n_ActionCode3":0,"n_ActionSet":12,"n_ActionSort":96,"c_Action":"Overtreding","c_ActionShort":"OB","n_PeriodSort":4,"c_Period":"Tweede helft","c_PeriodShort":"2H","n_ActionTime":4448000,"n_HomeGoals":3,"n_AwayGoals":0,"n_HomeOrAway":1,"n_TeamID":11,"c_Team":"PSV","c_TeamShort":"PSV","n_PersonID":801376,"c_Person":"Marcel Ritzmaier","c_PersonSort":"Ritzmaier, Marcel","c_PersonShort":"Ritzmaier","n_PersonNatioGeoID":2219,"c_PersonNatio":"Oostenrijk","c_PersonNatioShort":"OOS","n_TeamNatioGeoID":2201,"c_TeamNatio":"Nederland","c_TeamNatioShort":"NED","n_ActionReasonID":0,"c_ActionReason":null,"c_ActionInfo":null,"n_SubPersonID":807475,"c_SubPerson":"Celso Ortíz","c_SubPersonShort":"Ortíz","c_ActionMinute":"75'"},{"n_ActionID":12382504,"n_ActionCode":1024,"n_ActionCode2":0,"n_ActionCode3":1,"n_ActionSet":12,"n_ActionSort":97,"c_Action":"Vrije trap","c_ActionShort":"VT","n_PeriodSort":4,"c_Period":"Tweede helft","c_PeriodShort":"2H","n_ActionTime":4456000,"n_HomeGoals":3,"n_AwayGoals":0,"n_HomeOrAway":-1,"n_TeamID":61,"c_Team":"AZ","c_TeamShort":"AZ","n_PersonID":807475,"c_Person":"Celso Ortíz","c_PersonSort":"Ortíz, Celso","c_PersonShort":"Ortíz","n_PersonNatioGeoID":4370,"c_PersonNatio":"Paraguay","c_PersonNatioShort":"PAR","n_TeamNatioGeoID":2201,"c_TeamNatio":"Nederland","c_TeamNatioShort":"NED","n_ActionReasonID":0,"c_ActionReason":null,"c_ActionInfo":"Linkervoet","n_SubPersonID":null,"c_SubPerson":"","c_SubPersonShort":"","c_ActionMinute":"75'"},{"n_ActionID":12381864,"n_ActionCode":65536,"n_ActionCode2":0,"n_ActionCode3":2,"n_ActionSet":12,"n_ActionSort":98,"c_Action":"Schot naast","c_ActionShort":"SN","n_PeriodSort":4,"c_Period":"Tweede helft","c_PeriodShort":"2H","n_ActionTime":4498000,"n_HomeGoals":3,"n_AwayGoals":0,"n_HomeOrAway":-1,"n_TeamID":61,"c_Team":"AZ","c_TeamShort":"AZ","n_PersonID":796858,"c_Person":"Nemanja Gudelj","c_PersonSort":"Gudelj, Nemanja","c_PersonShort":"Gudelj","n_PersonNatioGeoID":6944,"c_PersonNatio":"Servië","c_PersonNatioShort":"SER","n_TeamNatioGeoID":2201,"c_TeamNatio":"Nederland","c_TeamNatioShort":"NED","n_ActionReasonID":0,"c_ActionReason":null,"c_ActionInfo":"Rechtervoet","n_SubPersonID":null,"c_SubPerson":"","c_SubPersonShort":"","c_ActionMinute":"75'"},{"n_ActionID":12381867,"n_ActionCode":16777216,"n_ActionCode2":268435456,"n_ActionCode3":0,"n_ActionSet":15,"n_ActionSort":99,"c_Action":"Doeltrap","c_ActionShort":"DT","n_PeriodSort":4,"c_Period":"Tweede helft","c_PeriodShort":"2H","n_ActionTime":4512000,"n_HomeGoals":3,"n_AwayGoals":0,"n_HomeOrAway":1,"n_TeamID":11,"c_Team":"PSV","c_TeamShort":"PSV","n_PersonID":740537,"c_Person":"Jeroen Zoet","c_PersonSort":"Zoet, Jeroen","c_PersonShort":"Zoet","n_PersonNatioGeoID":2201,"c_PersonNatio":"Nederland","c_PersonNatioShort":"NED","n_TeamNatioGeoID":2201,"c_TeamNatio":"Nederland","c_TeamNatioShort":"NED","n_ActionReasonID":0,"c_ActionReason":null,"c_ActionInfo":null,"n_SubPersonID":null,"c_SubPerson":"","c_SubPersonShort":"","c_ActionMinute":"76'"},{"n_ActionID":12381880,"n_ActionCode":1048576,"n_ActionCode2":0,"n_ActionCode3":67108866,"n_ActionSet":12,"n_ActionSort":100,"c_Action":"Schot op doel","c_ActionShort":"SD","n_PeriodSort":4,"c_Period":"Tweede helft","c_PeriodShort":"2H","n_ActionTime":4532000,"n_HomeGoals":3,"n_AwayGoals":0,"n_HomeOrAway":1,"n_TeamID":11,"c_Team":"PSV","c_TeamShort":"PSV","n_PersonID":753369,"c_Person":"Luciano Narsingh","c_PersonSort":"Narsingh, Luciano","c_PersonShort":"Narsingh","n_PersonNatioGeoID":2201,"c_PersonNatio":"Nederland","c_PersonNatioShort":"NED","n_TeamNatioGeoID":2201,"c_TeamNatio":"Nederland","c_TeamNatioShort":"NED","n_ActionReasonID":0,"c_ActionReason":null,"c_ActionInfo":"Rechtervoet","n_SubPersonID":null,"c_SubPerson":"","c_SubPersonShort":"","c_ActionMinute":"76'"},{"n_ActionID":12381881,"n_ActionCode":256,"n_ActionCode2":0,"n_ActionCode3":0,"n_ActionSet":12,"n_ActionSort":101,"c_Action":"Redding keeper","c_ActionShort":"RG","n_PeriodSort":4,"c_Period":"Tweede helft","c_PeriodShort":"2H","n_ActionTime":4547000,"n_HomeGoals":3,"n_AwayGoals":0,"n_HomeOrAway":-1,"n_TeamID":61,"c_Team":"AZ","c_TeamShort":"AZ","n_PersonID":1287358,"c_Person":"Sergio Rochet","c_PersonSort":"Rochet, Sergio","c_PersonShort":"Rochet","n_PersonNatioGeoID":2787,"c_PersonNatio":"Uruguay","c_PersonNatioShort":"URU","n_TeamNatioGeoID":2201,"c_TeamNatio":"Nederland","c_TeamNatioShort":"NED","n_ActionReasonID":129,"c_ActionReason":null,"c_ActionInfo":null,"n_SubPersonID":null,"c_SubPerson":"","c_SubPersonShort":"","c_ActionMinute":"76'"},{"n_ActionID":12381889,"n_ActionCode":512,"n_ActionCode2":8388608,"n_ActionCode3":1,"n_ActionSet":12,"n_ActionSort":102,"c_Action":"Hoekschop","c_ActionShort":"HS","n_PeriodSort":4,"c_Period":"Tweede helft","c_PeriodShort":"2H","n_ActionTime":4564000,"n_HomeGoals":3,"n_AwayGoals":0,"n_HomeOrAway":1,"n_TeamID":11,"c_Team":"PSV","c_TeamShort":"PSV","n_PersonID":801376,"c_Person":"Marcel Ritzmaier","c_PersonSort":"Ritzmaier, Marcel","c_PersonShort":"Ritzmaier","n_PersonNatioGeoID":2219,"c_PersonNatio":"Oostenrijk","c_PersonNatioShort":"OOS","n_TeamNatioGeoID":2201,"c_TeamNatio":"Nederland","c_TeamNatioShort":"NED","n_ActionReasonID":0,"c_ActionReason":null,"c_ActionInfo":"Linkervoet","n_SubPersonID":null,"c_SubPerson":"","c_SubPersonShort":"","c_ActionMinute":"77'"},{"n_ActionID":12382390,"n_ActionCode":512,"n_ActionCode2":4194304,"n_ActionCode3":2,"n_ActionSet":12,"n_ActionSort":103,"c_Action":"Hoekschop","c_ActionShort":"HS","n_PeriodSort":4,"c_Period":"Tweede helft","c_PeriodShort":"2H","n_ActionTime":4600000,"n_HomeGoals":3,"n_AwayGoals":0,"n_HomeOrAway":1,"n_TeamID":11,"c_Team":"PSV","c_TeamShort":"PSV","n_PersonID":868287,"c_Person":"Adam Maher","c_PersonSort":"Maher, Adam","c_PersonShort":"Maher","n_PersonNatioGeoID":2201,"c_PersonNatio":"Nederland","c_PersonNatioShort":"NED","n_TeamNatioGeoID":2201,"c_TeamNatio":"Nederland","c_TeamNatioShort":"NED","n_ActionReasonID":0,"c_ActionReason":null,"c_ActionInfo":"Rechtervoet","n_SubPersonID":null,"c_SubPerson":"","c_SubPersonShort":"","c_ActionMinute":"77'"},{"n_ActionID":12381939,"n_ActionCode":512,"n_ActionCode2":8388608,"n_ActionCode3":1,"n_ActionSet":12,"n_ActionSort":104,"c_Action":"Hoekschop","c_ActionShort":"HS","n_PeriodSort":4,"c_Period":"Tweede helft","c_PeriodShort":"2H","n_ActionTime":4656000,"n_HomeGoals":3,"n_AwayGoals":0,"n_HomeOrAway":1,"n_TeamID":11,"c_Team":"PSV","c_TeamShort":"PSV","n_PersonID":801376,"c_Person":"Marcel Ritzmaier","c_PersonSort":"Ritzmaier, Marcel","c_PersonShort":"Ritzmaier","n_PersonNatioGeoID":2219,"c_PersonNatio":"Oostenrijk","c_PersonNatioShort":"OOS","n_TeamNatioGeoID":2201,"c_TeamNatio":"Nederland","c_TeamNatioShort":"NED","n_ActionReasonID":0,"c_ActionReason":null,"c_ActionInfo":"Linkervoet","n_SubPersonID":null,"c_SubPerson":"","c_SubPersonShort":"","c_ActionMinute":"78'"},{"n_ActionID":12378962,"n_ActionCode":16384,"n_ActionCode2":0,"n_ActionCode3":0,"n_ActionSet":5,"n_ActionSort":105,"c_Action":"Wissel","c_ActionShort":"Wis","n_PeriodSort":4,"c_Period":"Tweede helft","c_PeriodShort":"2H","n_ActionTime":4728000,"n_HomeGoals":null,"n_AwayGoals":null,"n_HomeOrAway":1,"n_TeamID":11,"c_Team":"PSV","c_TeamShort":"PSV","n_PersonID":970689,"c_Person":"Jürgen Locadia","c_PersonSort":"Locadia, Jürgen","c_PersonShort":"Locadia","n_PersonNatioGeoID":2201,"c_PersonNatio":"Nederland","c_PersonNatioShort":"NED","n_TeamNatioGeoID":2201,"c_TeamNatio":"Nederland","c_TeamNatioShort":"NED","n_ActionReasonID":0,"c_ActionReason":null,"c_ActionInfo":null,"n_SubPersonID":740670,"c_SubPerson":"Luuk de Jong","c_SubPersonShort":"L. de Jong","c_ActionMinute":"79'"},{"n_ActionID":12382042,"n_ActionCode":2097152,"n_ActionCode2":0,"n_ActionCode3":0,"n_ActionSet":12,"n_ActionSort":106,"c_Action":"Overtreding","c_ActionShort":"OB","n_PeriodSort":4,"c_Period":"Tweede helft","c_PeriodShort":"2H","n_ActionTime":4777000,"n_HomeGoals":3,"n_AwayGoals":0,"n_HomeOrAway":1,"n_TeamID":11,"c_Team":"PSV","c_TeamShort":"PSV","n_PersonID":801376,"c_Person":"Marcel Ritzmaier","c_PersonSort":"Ritzmaier, Marcel","c_PersonShort":"Ritzmaier","n_PersonNatioGeoID":2219,"c_PersonNatio":"Oostenrijk","c_PersonNatioShort":"OOS","n_TeamNatioGeoID":2201,"c_TeamNatio":"Nederland","c_TeamNatioShort":"NED","n_ActionReasonID":0,"c_ActionReason":null,"c_ActionInfo":null,"n_SubPersonID":807475,"c_SubPerson":"Celso Ortíz","c_SubPersonShort":"Ortíz","c_ActionMinute":"80'"},{"n_ActionID":12382045,"n_ActionCode":1024,"n_ActionCode2":0,"n_ActionCode3":2,"n_ActionSet":12,"n_ActionSort":107,"c_Action":"Vrije trap","c_ActionShort":"VT","n_PeriodSort":4,"c_Period":"Tweede helft","c_PeriodShort":"2H","n_ActionTime":4789000,"n_HomeGoals":3,"n_AwayGoals":0,"n_HomeOrAway":-1,"n_TeamID":61,"c_Team":"AZ","c_TeamShort":"AZ","n_PersonID":926163,"c_Person":"Muamer Tankovic","c_PersonSort":"Tankovic, Muamer","c_PersonShort":"Tankovic","n_PersonNatioGeoID":2222,"c_PersonNatio":"Zweden","c_PersonNatioShort":"ZWE","n_TeamNatioGeoID":2201,"c_TeamNatio":"Nederland","c_TeamNatioShort":"NED","n_ActionReasonID":0,"c_ActionReason":null,"c_ActionInfo":"Rechtervoet","n_SubPersonID":null,"c_SubPerson":"","c_SubPersonShort":"","c_ActionMinute":"80'"},{"n_ActionID":12382098,"n_ActionCode":512,"n_ActionCode2":16777216,"n_ActionCode3":2,"n_ActionSet":12,"n_ActionSort":108,"c_Action":"Hoekschop","c_ActionShort":"HS","n_PeriodSort":4,"c_Period":"Tweede helft","c_PeriodShort":"2H","n_ActionTime":4901000,"n_HomeGoals":3,"n_AwayGoals":0,"n_HomeOrAway":1,"n_TeamID":11,"c_Team":"PSV","c_TeamShort":"PSV","n_PersonID":868287,"c_Person":"Adam Maher","c_PersonSort":"Maher, Adam","c_PersonShort":"Maher","n_PersonNatioGeoID":2201,"c_PersonNatio":"Nederland","c_PersonNatioShort":"NED","n_TeamNatioGeoID":2201,"c_TeamNatio":"Nederland","c_TeamNatioShort":"NED","n_ActionReasonID":0,"c_ActionReason":null,"c_ActionInfo":"Rechtervoet","n_SubPersonID":null,"c_SubPerson":"","c_SubPersonShort":"","c_ActionMinute":"82'"},{"n_ActionID":12382106,"n_ActionCode":65536,"n_ActionCode2":0,"n_ActionCode3":2,"n_ActionSet":12,"n_ActionSort":109,"c_Action":"Schot naast","c_ActionShort":"SN","n_PeriodSort":4,"c_Period":"Tweede helft","c_PeriodShort":"2H","n_ActionTime":4930000,"n_HomeGoals":3,"n_AwayGoals":0,"n_HomeOrAway":1,"n_TeamID":11,"c_Team":"PSV","c_TeamShort":"PSV","n_PersonID":753369,"c_Person":"Luciano Narsingh","c_PersonSort":"Narsingh, Luciano","c_PersonShort":"Narsingh","n_PersonNatioGeoID":2201,"c_PersonNatio":"Nederland","c_PersonNatioShort":"NED","n_TeamNatioGeoID":2201,"c_TeamNatio":"Nederland","c_TeamNatioShort":"NED","n_ActionReasonID":0,"c_ActionReason":null,"c_ActionInfo":"Rechtervoet","n_SubPersonID":null,"c_SubPerson":"","c_SubPersonShort":"","c_ActionMinute":"83'"},{"n_ActionID":12382193,"n_ActionCode":512,"n_ActionCode2":16777216,"n_ActionCode3":1,"n_ActionSet":12,"n_ActionSort":110,"c_Action":"Hoekschop","c_ActionShort":"HS","n_PeriodSort":4,"c_Period":"Tweede helft","c_PeriodShort":"2H","n_ActionTime":5187000,"n_HomeGoals":3,"n_AwayGoals":0,"n_HomeOrAway":1,"n_TeamID":11,"c_Team":"PSV","c_TeamShort":"PSV","n_PersonID":801376,"c_Person":"Marcel Ritzmaier","c_PersonSort":"Ritzmaier, Marcel","c_PersonShort":"Ritzmaier","n_PersonNatioGeoID":2219,"c_PersonNatio":"Oostenrijk","c_PersonNatioShort":"OOS","n_TeamNatioGeoID":2201,"c_TeamNatio":"Nederland","c_TeamNatioShort":"NED","n_ActionReasonID":0,"c_ActionReason":null,"c_ActionInfo":"Linkervoet","n_SubPersonID":null,"c_SubPerson":"","c_SubPersonShort":"","c_ActionMinute":"87'"},{"n_ActionID":12382210,"n_ActionCode":65536,"n_ActionCode2":0,"n_ActionCode3":4,"n_ActionSet":12,"n_ActionSort":111,"c_Action":"Schot naast","c_ActionShort":"SN","n_PeriodSort":4,"c_Period":"Tweede helft","c_PeriodShort":"2H","n_ActionTime":5201000,"n_HomeGoals":3,"n_AwayGoals":0,"n_HomeOrAway":1,"n_TeamID":11,"c_Team":"PSV","c_TeamShort":"PSV","n_PersonID":970689,"c_Person":"Jürgen Locadia","c_PersonSort":"Locadia, Jürgen","c_PersonShort":"Locadia","n_PersonNatioGeoID":2201,"c_PersonNatio":"Nederland","c_PersonNatioShort":"NED","n_TeamNatioGeoID":2201,"c_TeamNatio":"Nederland","c_TeamNatioShort":"NED","n_ActionReasonID":0,"c_ActionReason":null,"c_ActionInfo":"Kopbal","n_SubPersonID":null,"c_SubPerson":"","c_SubPersonShort":"","c_ActionMinute":"87'"},{"n_ActionID":12382216,"n_ActionCode":16777216,"n_ActionCode2":134217728,"n_ActionCode3":0,"n_ActionSet":15,"n_ActionSort":112,"c_Action":"Doeltrap","c_ActionShort":"DT","n_PeriodSort":4,"c_Period":"Tweede helft","c_PeriodShort":"2H","n_ActionTime":5219000,"n_HomeGoals":3,"n_AwayGoals":0,"n_HomeOrAway":-1,"n_TeamID":61,"c_Team":"AZ","c_TeamShort":"AZ","n_PersonID":1287358,"c_Person":"Sergio Rochet","c_PersonSort":"Rochet, Sergio","c_PersonShort":"Rochet","n_PersonNatioGeoID":2787,"c_PersonNatio":"Uruguay","c_PersonNatioShort":"URU","n_TeamNatioGeoID":2201,"c_TeamNatio":"Nederland","c_TeamNatioShort":"NED","n_ActionReasonID":0,"c_ActionReason":null,"c_ActionInfo":null,"n_SubPersonID":null,"c_SubPerson":"","c_SubPersonShort":"","c_ActionMinute":"87'"},{"n_ActionID":12382274,"n_ActionCode":2097152,"n_ActionCode2":0,"n_ActionCode3":0,"n_ActionSet":12,"n_ActionSort":113,"c_Action":"Overtreding","c_ActionShort":"OB","n_PeriodSort":4,"c_Period":"Tweede helft","c_PeriodShort":"2H","n_ActionTime":5346000,"n_HomeGoals":3,"n_AwayGoals":0,"n_HomeOrAway":-1,"n_TeamID":61,"c_Team":"AZ","c_TeamShort":"AZ","n_PersonID":796858,"c_Person":"Nemanja Gudelj","c_PersonSort":"Gudelj, Nemanja","c_PersonShort":"Gudelj","n_PersonNatioGeoID":6944,"c_PersonNatio":"Servië","c_PersonNatioShort":"SER","n_TeamNatioGeoID":2201,"c_TeamNatio":"Nederland","c_TeamNatioShort":"NED","n_ActionReasonID":0,"c_ActionReason":null,"c_ActionInfo":null,"n_SubPersonID":857345,"c_SubPerson":"Santiago Arias","c_SubPersonShort":"Arias","c_ActionMinute":"90'"},{"n_ActionID":12382279,"n_ActionCode":1024,"n_ActionCode2":0,"n_ActionCode3":2,"n_ActionSet":12,"n_ActionSort":114,"c_Action":"Vrije trap","c_ActionShort":"VT","n_PeriodSort":4,"c_Period":"Tweede helft","c_PeriodShort":"2H","n_ActionTime":5356000,"n_HomeGoals":3,"n_AwayGoals":0,"n_HomeOrAway":1,"n_TeamID":11,"c_Team":"PSV","c_TeamShort":"PSV","n_PersonID":868287,"c_Person":"Adam Maher","c_PersonSort":"Maher, Adam","c_PersonShort":"Maher","n_PersonNatioGeoID":2201,"c_PersonNatio":"Nederland","c_PersonNatioShort":"NED","n_TeamNatioGeoID":2201,"c_TeamNatio":"Nederland","c_TeamNatioShort":"NED","n_ActionReasonID":0,"c_ActionReason":null,"c_ActionInfo":"Rechtervoet","n_SubPersonID":null,"c_SubPerson":"","c_SubPersonShort":"","c_ActionMinute":"90'"},{"n_ActionID":12382349,"n_ActionCode":0,"n_ActionCode2":32,"n_ActionCode3":0,"n_ActionSet":15,"n_ActionSort":115,"c_Action":"Blessuretijd","c_ActionShort":"BT","n_PeriodSort":4,"c_Period":"Tweede helft","c_PeriodShort":"2H","n_ActionTime":5400000,"n_HomeGoals":3,"n_AwayGoals":0,"n_HomeOrAway":0,"n_TeamID":0,"c_Team":"","c_TeamShort":"","n_PersonID":0,"c_Person":"","c_PersonSort":"","c_PersonShort":"","n_PersonNatioGeoID":0,"c_PersonNatio":null,"c_PersonNatioShort":null,"n_TeamNatioGeoID":null,"c_TeamNatio":null,"c_TeamNatioShort":null,"n_ActionReasonID":0,"c_ActionReason":null,"c_ActionInfo":"120000","n_SubPersonID":null,"c_SubPerson":"","c_SubPersonShort":"","c_ActionMinute":"90'"},{"n_ActionID":12382309,"n_ActionCode":2097152,"n_ActionCode2":0,"n_ActionCode3":0,"n_ActionSet":12,"n_ActionSort":116,"c_Action":"Overtreding","c_ActionShort":"OB","n_PeriodSort":4,"c_Period":"Tweede helft","c_PeriodShort":"2H","n_ActionTime":5410000,"n_HomeGoals":3,"n_AwayGoals":0,"n_HomeOrAway":-1,"n_TeamID":61,"c_Team":"AZ","c_TeamShort":"AZ","n_PersonID":1078336,"c_Person":"Thom Haye","c_PersonSort":"Haye, Thom","c_PersonShort":"Haye","n_PersonNatioGeoID":2201,"c_PersonNatio":"Nederland","c_PersonNatioShort":"NED","n_TeamNatioGeoID":2201,"c_TeamNatio":"Nederland","c_TeamNatioShort":"NED","n_ActionReasonID":45,"c_ActionReason":"Handsbal","c_ActionInfo":null,"n_SubPersonID":null,"c_SubPerson":"","c_SubPersonShort":"","c_ActionMinute":"90'+1'"},{"n_ActionID":12382325,"n_ActionCode":1024,"n_ActionCode2":0,"n_ActionCode3":2,"n_ActionSet":12,"n_ActionSort":117,"c_Action":"Vrije trap","c_ActionShort":"VT","n_PeriodSort":4,"c_Period":"Tweede helft","c_PeriodShort":"2H","n_ActionTime":5446000,"n_HomeGoals":3,"n_AwayGoals":0,"n_HomeOrAway":1,"n_TeamID":11,"c_Team":"PSV","c_TeamShort":"PSV","n_PersonID":868287,"c_Person":"Adam Maher","c_PersonSort":"Maher, Adam","c_PersonShort":"Maher","n_PersonNatioGeoID":2201,"c_PersonNatio":"Nederland","c_PersonNatioShort":"NED","n_TeamNatioGeoID":2201,"c_TeamNatio":"Nederland","c_TeamNatioShort":"NED","n_ActionReasonID":0,"c_ActionReason":null,"c_ActionInfo":"Rechtervoet","n_SubPersonID":null,"c_SubPerson":"","c_SubPersonShort":"","c_ActionMinute":"90'+1'"},{"n_ActionID":12382328,"n_ActionCode":536870912,"n_ActionCode2":0,"n_ActionCode3":0,"n_ActionSet":15,"n_ActionSort":118,"c_Action":"Geblokt Schot Door","c_ActionShort":"Gebl. Sch. Door","n_PeriodSort":4,"c_Period":"Tweede helft","c_PeriodShort":"2H","n_ActionTime":5451000,"n_HomeGoals":3,"n_AwayGoals":0,"n_HomeOrAway":-1,"n_TeamID":61,"c_Team":"AZ","c_TeamShort":"AZ","n_PersonID":1193468,"c_Person":"Wesley Hoedt","c_PersonSort":"Hoedt, Wesley","c_PersonShort":"Hoedt","n_PersonNatioGeoID":2201,"c_PersonNatio":"Nederland","c_PersonNatioShort":"NED","n_TeamNatioGeoID":2201,"c_TeamNatio":"Nederland","c_TeamNatioShort":"NED","n_ActionReasonID":0,"c_ActionReason":null,"c_ActionInfo":null,"n_SubPersonID":null,"c_SubPerson":"","c_SubPersonShort":"","c_ActionMinute":"90'+1'"},{"n_ActionID":12382329,"n_ActionCode":4194304,"n_ActionCode2":0,"n_ActionCode3":1,"n_ActionSet":15,"n_ActionSort":119,"c_Action":"Geblokt schot","c_ActionShort":"Gebl. Sch.","n_PeriodSort":4,"c_Period":"Tweede helft","c_PeriodShort":"2H","n_ActionTime":5451000,"n_HomeGoals":3,"n_AwayGoals":0,"n_HomeOrAway":1,"n_TeamID":11,"c_Team":"PSV","c_TeamShort":"PSV","n_PersonID":801376,"c_Person":"Marcel Ritzmaier","c_PersonSort":"Ritzmaier, Marcel","c_PersonShort":"Ritzmaier","n_PersonNatioGeoID":2219,"c_PersonNatio":"Oostenrijk","c_PersonNatioShort":"OOS","n_TeamNatioGeoID":2201,"c_TeamNatio":"Nederland","c_TeamNatioShort":"NED","n_ActionReasonID":0,"c_ActionReason":null,"c_ActionInfo":"Linkervoet","n_SubPersonID":null,"c_SubPerson":"","c_SubPersonShort":"","c_ActionMinute":"90'+1'"},{"n_ActionID":12382342,"n_ActionCode":536870912,"n_ActionCode2":0,"n_ActionCode3":0,"n_ActionSet":15,"n_ActionSort":120,"c_Action":"Geblokt Schot Door","c_ActionShort":"Gebl. Sch. Door","n_PeriodSort":4,"c_Period":"Tweede helft","c_PeriodShort":"2H","n_ActionTime":5467000,"n_HomeGoals":3,"n_AwayGoals":0,"n_HomeOrAway":-1,"n_TeamID":61,"c_Team":"AZ","c_TeamShort":"AZ","n_PersonID":0,"c_Person":"","c_PersonSort":"","c_PersonShort":"","n_PersonNatioGeoID":0,"c_PersonNatio":null,"c_PersonNatioShort":null,"n_TeamNatioGeoID":2201,"c_TeamNatio":"Nederland","c_TeamNatioShort":"NED","n_ActionReasonID":0,"c_ActionReason":null,"c_ActionInfo":null,"n_SubPersonID":null,"c_SubPerson":"","c_SubPersonShort":"","c_ActionMinute":"90'+2'"},{"n_ActionID":12382343,"n_ActionCode":4194304,"n_ActionCode2":0,"n_ActionCode3":2,"n_ActionSet":15,"n_ActionSort":121,"c_Action":"Geblokt schot","c_ActionShort":"Gebl. Sch.","n_PeriodSort":4,"c_Period":"Tweede helft","c_PeriodShort":"2H","n_ActionTime":5467000,"n_HomeGoals":3,"n_AwayGoals":0,"n_HomeOrAway":1,"n_TeamID":11,"c_Team":"PSV","c_TeamShort":"PSV","n_PersonID":970689,"c_Person":"Jürgen Locadia","c_PersonSort":"Locadia, Jürgen","c_PersonShort":"Locadia","n_PersonNatioGeoID":2201,"c_PersonNatio":"Nederland","c_PersonNatioShort":"NED","n_TeamNatioGeoID":2201,"c_TeamNatio":"Nederland","c_TeamNatioShort":"NED","n_ActionReasonID":0,"c_ActionReason":null,"c_ActionInfo":"Rechtervoet","n_SubPersonID":null,"c_SubPerson":"","c_SubPersonShort":"","c_ActionMinute":"90'+2'"},{"n_ActionID":12382385,"n_ActionCode":16777216,"n_ActionCode2":134217728,"n_ActionCode3":0,"n_ActionSet":15,"n_ActionSort":122,"c_Action":"Doeltrap","c_ActionShort":"DT","n_PeriodSort":4,"c_Period":"Tweede helft","c_PeriodShort":"2H","n_ActionTime":5526000,"n_HomeGoals":3,"n_AwayGoals":0,"n_HomeOrAway":-1,"n_TeamID":61,"c_Team":"AZ","c_TeamShort":"AZ","n_PersonID":1287358,"c_Person":"Sergio Rochet","c_PersonSort":"Rochet, Sergio","c_PersonShort":"Rochet","n_PersonNatioGeoID":2787,"c_PersonNatio":"Uruguay","c_PersonNatioShort":"URU","n_TeamNatioGeoID":2201,"c_TeamNatio":"Nederland","c_TeamNatioShort":"NED","n_ActionReasonID":0,"c_ActionReason":null,"c_ActionInfo":null,"n_SubPersonID":null,"c_SubPerson":"","c_SubPersonShort":"","c_ActionMinute":"90'+3'"},{"n_ActionID":12382395,"n_ActionCode":0,"n_ActionCode2":2048,"n_ActionCode3":0,"n_ActionSet":16,"n_ActionSort":123,"c_Action":"Einde periode","c_ActionShort":"Einde","n_PeriodSort":4,"c_Period":"Tweede helft","c_PeriodShort":"2H","n_ActionTime":5550000,"n_HomeGoals":3,"n_AwayGoals":0,"n_HomeOrAway":0,"n_TeamID":0,"c_Team":"","c_TeamShort":"","n_PersonID":0,"c_Person":"","c_PersonSort":"","c_PersonShort":"","n_PersonNatioGeoID":0,"c_PersonNatio":null,"c_PersonNatioShort":null,"n_TeamNatioGeoID":null,"c_TeamNatio":null,"c_TeamNatioShort":null,"n_ActionReasonID":0,"c_ActionReason":null,"c_ActionInfo":null,"n_SubPersonID":null,"c_SubPerson":"","c_SubPersonShort":"","c_ActionMinute":"90'+3'"}]