﻿[{"n_ActionID":12127003,"n_ActionCode":2048,"n_ActionCode2":0,"n_ActionCode3":0,"n_ActionSet":3,"n_ActionSort":1,"c_Action":"Yellow","c_ActionShort":"Y","n_PeriodSort":4,"c_Period":"Second half","c_PeriodShort":"2H","n_ActionTime":3840000,"n_HomeGoals":0,"n_AwayGoals":0,"n_HomeOrAway":-1,"n_TeamID":11,"c_Team":"PSV","c_TeamShort":"PSV","n_PersonID":1095543,"c_Person":"Joshua Brenet","c_PersonSort":"Brenet, Joshua","c_PersonShort":"Brenet","n_PersonNatioGeoID":2201,"c_PersonNatio":"Netherlands","c_PersonNatioShort":"NED","n_TeamNatioGeoID":2201,"c_TeamNatio":"Netherlands","c_TeamNatioShort":"NED","n_ActionReasonID":0,"c_ActionReason":null,"c_ActionInfo":null,"n_SubPersonID":null,"c_SubPerson":null,"c_SubPersonShort":null,"c_ActionMinute":"64'"},{"n_ActionID":12127010,"n_ActionCode":2048,"n_ActionCode2":0,"n_ActionCode3":0,"n_ActionSet":3,"n_ActionSort":2,"c_Action":"Yellow","c_ActionShort":"Y","n_PeriodSort":4,"c_Period":"Second half","c_PeriodShort":"2H","n_ActionTime":4200000,"n_HomeGoals":0,"n_AwayGoals":0,"n_HomeOrAway":1,"n_TeamID":105130,"c_Team":"Shakhter Soligorsk","c_TeamShort":"SSO","n_PersonID":787413,"c_Person":"Aleksey Rios","c_PersonSort":"Rios, Aleksey","c_PersonShort":"Rios","n_PersonNatioGeoID":4387,"c_PersonNatio":"Belarus","c_PersonNatioShort":"BLR","n_TeamNatioGeoID":4387,"c_TeamNatio":"Belarus","c_TeamNatioShort":"BLR","n_ActionReasonID":0,"c_ActionReason":null,"c_ActionInfo":null,"n_SubPersonID":null,"c_SubPerson":null,"c_SubPersonShort":null,"c_ActionMinute":"70'"},{"n_ActionID":12127058,"n_ActionCode":2048,"n_ActionCode2":0,"n_ActionCode3":0,"n_ActionSet":3,"n_ActionSort":3,"c_Action":"Yellow","c_ActionShort":"Y","n_PeriodSort":4,"c_Period":"Second half","c_PeriodShort":"2H","n_ActionTime":4620000,"n_HomeGoals":0,"n_AwayGoals":0,"n_HomeOrAway":1,"n_TeamID":105130,"c_Team":"Shakhter Soligorsk","c_TeamShort":"SSO","n_PersonID":787481,"c_Person":"Nikolay Yanush","c_PersonSort":"Yanush, Nikolay","c_PersonShort":"Yanush","n_PersonNatioGeoID":4387,"c_PersonNatio":"Belarus","c_PersonNatioShort":"BLR","n_TeamNatioGeoID":4387,"c_TeamNatio":"Belarus","c_TeamNatioShort":"BLR","n_ActionReasonID":0,"c_ActionReason":null,"c_ActionInfo":null,"n_SubPersonID":null,"c_SubPerson":null,"c_SubPersonShort":null,"c_ActionMinute":"77'"}]