﻿[{"n_CompetitionID":2,"n_CompetitionLevel":1,"c_Competition":"Eredivisie","c_CompetitionShort":"Ere","n_CompetitionNatioGeoID":2201,"c_CompetitionNatio":"Netherlands","c_CompetitionNatioShort":"NED","n_EditionID":20864,"c_Season":"2013\/2014","n_MatchID":1787262,"d_Date":"\/Date(1396122300000+0100)\/","d_DateLocal":"\/Date(1396122300000+0100)\/","d_DateUTC":"\/Date(1396118700000+0100)\/","n_RoundNr":30,"n_PhaseID":104155,"n_PhaseLevel":1,"c_Phase":"Regular","c_PhaseShort":null,"n_HomeTeamID":11,"c_HomeTeam":"PSV","c_HomeTeamShort":"PSV","n_HomeTeamNatioGeoID":2201,"c_HomeTeamNatio":"Nederland","c_HomeTeamNatioShort":"NED","n_AwayTeamID":6,"c_AwayTeam":"FC Groningen","c_AwayTeamShort":"GRO","n_AwayTeamNatioGeoID":2201,"c_AwayTeamNatio":"Nederland","c_AwayTeamNatioShort":"NED","n_StadiumGeoID":5067,"c_Stadium":"Philips Stadion","n_CityGeoID":4001,"c_City":"Eindhoven","n_CountryGeoID":2201,"c_Country":"Netherlands","c_CountryShort":"NED","c_Score":"2-3 (2-2) ","c_ScoreSuffix":null,"n_HomeGoals":2,"n_AwayGoals":3,"n_HomeGoalsHalftime":2,"n_AwayGoalsHalftime":2,"n_HomeGoals90mins":null,"n_AwayGoals90mins":null,"n_HomeGoals105mins":null,"n_AwayGoals105mins":null,"n_HomeGoalsShootout":null,"n_AwayGoalsShootout":null,"n_MatchStatusCode":128,"c_MatchStatus":"Full time","c_MatchStatusShort":"FT","n_RefereeID":404327,"c_Referee":"Tom van Sichem","n_RefereeNatioGeoID":2201,"c_RefereeNatio":"Netherlands","c_RefereeNatioShort":"NED","n_Spectators":34100,"n_KnockoutPhaseID":null,"n_Leg":null,"c_ScoreFirstLeg":null,"n_WinnerOnAggregateTeamID":null},{"n_CompetitionID":2,"n_CompetitionLevel":1,"c_Competition":"Eredivisie","c_CompetitionShort":"Ere","n_CompetitionNatioGeoID":2201,"c_CompetitionNatio":"Netherlands","c_CompetitionNatioShort":"NED","n_EditionID":19832,"c_Season":"2012\/2013","n_MatchID":1697414,"d_Date":"\/Date(1367081100000+0200)\/","d_DateLocal":"\/Date(1367081100000+0200)\/","d_DateUTC":"\/Date(1367073900000+0200)\/","n_RoundNr":32,"n_PhaseID":97873,"n_PhaseLevel":1,"c_Phase":"Regular","c_PhaseShort":null,"n_HomeTeamID":11,"c_HomeTeam":"PSV","c_HomeTeamShort":"PSV","n_HomeTeamNatioGeoID":2201,"c_HomeTeamNatio":"Nederland","c_HomeTeamNatioShort":"NED","n_AwayTeamID":6,"c_AwayTeam":"FC Groningen","c_AwayTeamShort":"GRO","n_AwayTeamNatioGeoID":2201,"c_AwayTeamNatio":"Nederland","c_AwayTeamNatioShort":"NED","n_StadiumGeoID":5067,"c_Stadium":"Philips Stadion","n_CityGeoID":4001,"c_City":"Eindhoven","n_CountryGeoID":2201,"c_Country":"Netherlands","c_CountryShort":"NED","c_Score":"5-2 (5-0) ","c_ScoreSuffix":null,"n_HomeGoals":5,"n_AwayGoals":2,"n_HomeGoalsHalftime":5,"n_AwayGoalsHalftime":0,"n_HomeGoals90mins":null,"n_AwayGoals90mins":null,"n_HomeGoals105mins":null,"n_AwayGoals105mins":null,"n_HomeGoalsShootout":null,"n_AwayGoalsShootout":null,"n_MatchStatusCode":128,"c_MatchStatus":"Full time","c_MatchStatusShort":"FT","n_RefereeID":470,"c_Referee":"Ruud Bossen","n_RefereeNatioGeoID":2201,"c_RefereeNatio":"Netherlands","c_RefereeNatioShort":"NED","n_Spectators":34000,"n_KnockoutPhaseID":null,"n_Leg":null,"c_ScoreFirstLeg":null,"n_WinnerOnAggregateTeamID":null},{"n_CompetitionID":2,"n_CompetitionLevel":1,"c_Competition":"Eredivisie","c_CompetitionShort":"Ere","n_CompetitionNatioGeoID":2201,"c_CompetitionNatio":"Netherlands","c_CompetitionNatioShort":"NED","n_EditionID":18803,"c_Season":"2011\/2012","n_MatchID":1621973,"d_Date":"\/Date(1322336700000+0100)\/","d_DateLocal":"\/Date(1322336700000+0100)\/","d_DateUTC":"\/Date(1322333100000+0100)\/","n_RoundNr":14,"n_PhaseID":92852,"n_PhaseLevel":1,"c_Phase":"Regular","c_PhaseShort":null,"n_HomeTeamID":11,"c_HomeTeam":"PSV","c_HomeTeamShort":"PSV","n_HomeTeamNatioGeoID":2201,"c_HomeTeamNatio":"Nederland","c_HomeTeamNatioShort":"NED","n_AwayTeamID":6,"c_AwayTeam":"FC Groningen","c_AwayTeamShort":"GRO","n_AwayTeamNatioGeoID":2201,"c_AwayTeamNatio":"Nederland","c_AwayTeamNatioShort":"NED","n_StadiumGeoID":5067,"c_Stadium":"Philips Stadion","n_CityGeoID":4001,"c_City":"Eindhoven","n_CountryGeoID":2201,"c_Country":"Netherlands","c_CountryShort":"NED","c_Score":"6-1 (3-0) ","c_ScoreSuffix":null,"n_HomeGoals":6,"n_AwayGoals":1,"n_HomeGoalsHalftime":3,"n_AwayGoalsHalftime":0,"n_HomeGoals90mins":null,"n_AwayGoals90mins":null,"n_HomeGoals105mins":null,"n_AwayGoals105mins":null,"n_HomeGoalsShootout":null,"n_AwayGoalsShootout":null,"n_MatchStatusCode":128,"c_MatchStatus":"Full time","c_MatchStatusShort":"FT","n_RefereeID":567975,"c_Referee":"Danny Makkelie","n_RefereeNatioGeoID":2201,"c_RefereeNatio":"Netherlands","c_RefereeNatioShort":"NED","n_Spectators":33200,"n_KnockoutPhaseID":null,"n_Leg":null,"c_ScoreFirstLeg":null,"n_WinnerOnAggregateTeamID":null},{"n_CompetitionID":2,"n_CompetitionLevel":1,"c_Competition":"Eredivisie","c_CompetitionShort":"Ere","n_CompetitionNatioGeoID":2201,"c_CompetitionNatio":"Netherlands","c_CompetitionNatioShort":"NED","n_EditionID":18090,"c_Season":"2010\/2011","n_MatchID":1531271,"d_Date":"\/Date(1285436700000+0200)\/","d_DateLocal":"\/Date(1285436700000+0200)\/","d_DateUTC":"\/Date(1285429500000+0200)\/","n_RoundNr":7,"n_PhaseID":86922,"n_PhaseLevel":1,"c_Phase":"Regular","c_PhaseShort":null,"n_HomeTeamID":11,"c_HomeTeam":"PSV","c_HomeTeamShort":"PSV","n_HomeTeamNatioGeoID":2201,"c_HomeTeamNatio":"Nederland","c_HomeTeamNatioShort":"NED","n_AwayTeamID":6,"c_AwayTeam":"FC Groningen","c_AwayTeamShort":"GRO","n_AwayTeamNatioGeoID":2201,"c_AwayTeamNatio":"Nederland","c_AwayTeamNatioShort":"NED","n_StadiumGeoID":5067,"c_Stadium":"Philips Stadion","n_CityGeoID":4001,"c_City":"Eindhoven","n_CountryGeoID":2201,"c_Country":"Netherlands","c_CountryShort":"NED","c_Score":"1-1 (0-0) ","c_ScoreSuffix":null,"n_HomeGoals":1,"n_AwayGoals":1,"n_HomeGoalsHalftime":0,"n_AwayGoalsHalftime":0,"n_HomeGoals90mins":null,"n_AwayGoals90mins":null,"n_HomeGoals105mins":null,"n_AwayGoals105mins":null,"n_HomeGoalsShootout":null,"n_AwayGoalsShootout":null,"n_MatchStatusCode":128,"c_MatchStatus":"Full time","c_MatchStatusShort":"FT","n_RefereeID":475,"c_Referee":"Jack van Hulten","n_RefereeNatioGeoID":2201,"c_RefereeNatio":"Netherlands","c_RefereeNatioShort":"NED","n_Spectators":33200,"n_KnockoutPhaseID":null,"n_Leg":null,"c_ScoreFirstLeg":null,"n_WinnerOnAggregateTeamID":null},{"n_CompetitionID":2,"n_CompetitionLevel":1,"c_Competition":"Eredivisie","c_CompetitionShort":"Ere","n_CompetitionNatioGeoID":2201,"c_CompetitionNatio":"Netherlands","c_CompetitionNatioShort":"NED","n_EditionID":17234,"c_Season":"2009\/2010","n_MatchID":1410940,"d_Date":"\/Date(1271593800000+0200)\/","d_DateLocal":"\/Date(1271593800000+0200)\/","d_DateUTC":"\/Date(1271586600000+0200)\/","n_RoundNr":33,"n_PhaseID":80834,"n_PhaseLevel":1,"c_Phase":"Regular","c_PhaseShort":null,"n_HomeTeamID":11,"c_HomeTeam":"PSV","c_HomeTeamShort":"PSV","n_HomeTeamNatioGeoID":2201,"c_HomeTeamNatio":"Nederland","c_HomeTeamNatioShort":"NED","n_AwayTeamID":6,"c_AwayTeam":"FC Groningen","c_AwayTeamShort":"GRO","n_AwayTeamNatioGeoID":2201,"c_AwayTeamNatio":"Nederland","c_AwayTeamNatioShort":"NED","n_StadiumGeoID":5067,"c_Stadium":"Philips Stadion","n_CityGeoID":4001,"c_City":"Eindhoven","n_CountryGeoID":2201,"c_Country":"Netherlands","c_CountryShort":"NED","c_Score":"3-1 (1-1) ","c_ScoreSuffix":null,"n_HomeGoals":3,"n_AwayGoals":1,"n_HomeGoalsHalftime":1,"n_AwayGoalsHalftime":1,"n_HomeGoals90mins":null,"n_AwayGoals90mins":null,"n_HomeGoals105mins":null,"n_AwayGoals105mins":null,"n_HomeGoalsShootout":null,"n_AwayGoalsShootout":null,"n_MatchStatusCode":128,"c_MatchStatus":"Full time","c_MatchStatusShort":"FT","n_RefereeID":567975,"c_Referee":"Danny Makkelie","n_RefereeNatioGeoID":2201,"c_RefereeNatio":"Netherlands","c_RefereeNatioShort":"NED","n_Spectators":34100,"n_KnockoutPhaseID":null,"n_Leg":null,"c_ScoreFirstLeg":null,"n_WinnerOnAggregateTeamID":null},{"n_CompetitionID":2,"n_CompetitionLevel":1,"c_Competition":"Eredivisie","c_CompetitionShort":"Ere","n_CompetitionNatioGeoID":2201,"c_CompetitionNatio":"Netherlands","c_CompetitionNatioShort":"NED","n_EditionID":16583,"c_Season":"2008\/2009","n_MatchID":1305027,"d_Date":"\/Date(1228589100000+0100)\/","d_DateLocal":"\/Date(1228589100000+0100)\/","d_DateUTC":"\/Date(1228585500000+0100)\/","n_RoundNr":14,"n_PhaseID":77107,"n_PhaseLevel":1,"c_Phase":"Regular","c_PhaseShort":null,"n_HomeTeamID":11,"c_HomeTeam":"PSV","c_HomeTeamShort":"PSV","n_HomeTeamNatioGeoID":2201,"c_HomeTeamNatio":"Nederland","c_HomeTeamNatioShort":"NED","n_AwayTeamID":6,"c_AwayTeam":"FC Groningen","c_AwayTeamShort":"GRO","n_AwayTeamNatioGeoID":2201,"c_AwayTeamNatio":"Nederland","c_AwayTeamNatioShort":"NED","n_StadiumGeoID":5067,"c_Stadium":"Philips Stadion","n_CityGeoID":4001,"c_City":"Eindhoven","n_CountryGeoID":2201,"c_Country":"Netherlands","c_CountryShort":"NED","c_Score":"4-2 (0-2) ","c_ScoreSuffix":null,"n_HomeGoals":4,"n_AwayGoals":2,"n_HomeGoalsHalftime":0,"n_AwayGoalsHalftime":2,"n_HomeGoals90mins":null,"n_AwayGoals90mins":null,"n_HomeGoals105mins":null,"n_AwayGoals105mins":null,"n_HomeGoalsShootout":null,"n_AwayGoalsShootout":null,"n_MatchStatusCode":128,"c_MatchStatus":"Full time","c_MatchStatusShort":"FT","n_RefereeID":294928,"c_Referee":"Bas Nijhuis","n_RefereeNatioGeoID":2201,"c_RefereeNatio":"Netherlands","c_RefereeNatioShort":"NED","n_Spectators":34000,"n_KnockoutPhaseID":null,"n_Leg":null,"c_ScoreFirstLeg":null,"n_WinnerOnAggregateTeamID":null},{"n_CompetitionID":2,"n_CompetitionLevel":1,"c_Competition":"Eredivisie","c_CompetitionShort":"Ere","n_CompetitionNatioGeoID":2201,"c_CompetitionNatio":"Netherlands","c_CompetitionNatioShort":"NED","n_EditionID":15896,"c_Season":"2007\/2008","n_MatchID":1165890,"d_Date":"\/Date(1206210600000+0100)\/","d_DateLocal":"\/Date(1206210600000+0100)\/","d_DateUTC":"\/Date(1206207000000+0100)\/","n_RoundNr":30,"n_PhaseID":70768,"n_PhaseLevel":1,"c_Phase":"Regular","c_PhaseShort":null,"n_HomeTeamID":11,"c_HomeTeam":"PSV","c_HomeTeamShort":"PSV","n_HomeTeamNatioGeoID":2201,"c_HomeTeamNatio":"Nederland","c_HomeTeamNatioShort":"NED","n_AwayTeamID":6,"c_AwayTeam":"FC Groningen","c_AwayTeamShort":"GRO","n_AwayTeamNatioGeoID":2201,"c_AwayTeamNatio":"Nederland","c_AwayTeamNatioShort":"NED","n_StadiumGeoID":5067,"c_Stadium":"Philips Stadion","n_CityGeoID":4001,"c_City":"Eindhoven","n_CountryGeoID":2201,"c_Country":"Netherlands","c_CountryShort":"NED","c_Score":"3-0 (1-0) ","c_ScoreSuffix":null,"n_HomeGoals":3,"n_AwayGoals":0,"n_HomeGoalsHalftime":1,"n_AwayGoalsHalftime":0,"n_HomeGoals90mins":null,"n_AwayGoals90mins":null,"n_HomeGoals105mins":null,"n_AwayGoals105mins":null,"n_HomeGoalsShootout":null,"n_AwayGoalsShootout":null,"n_MatchStatusCode":128,"c_MatchStatus":"Full time","c_MatchStatusShort":"FT","n_RefereeID":816,"c_Referee":"Pieter Vink","n_RefereeNatioGeoID":2201,"c_RefereeNatio":"Netherlands","c_RefereeNatioShort":"NED","n_Spectators":33200,"n_KnockoutPhaseID":null,"n_Leg":null,"c_ScoreFirstLeg":null,"n_WinnerOnAggregateTeamID":null},{"n_CompetitionID":2,"n_CompetitionLevel":1,"c_Competition":"Eredivisie","c_CompetitionShort":"Ere","n_CompetitionNatioGeoID":2201,"c_CompetitionNatio":"Netherlands","c_CompetitionNatioShort":"NED","n_EditionID":15383,"c_Season":"2006\/2007","n_MatchID":1093810,"d_Date":"\/Date(1172341800000+0100)\/","d_DateLocal":"\/Date(1172341800000+0100)\/","d_DateUTC":"\/Date(1172338200000+0100)\/","n_RoundNr":26,"n_PhaseID":67062,"n_PhaseLevel":1,"c_Phase":"Regular","c_PhaseShort":null,"n_HomeTeamID":11,"c_HomeTeam":"PSV","c_HomeTeamShort":"PSV","n_HomeTeamNatioGeoID":2201,"c_HomeTeamNatio":"Nederland","c_HomeTeamNatioShort":"NED","n_AwayTeamID":6,"c_AwayTeam":"FC Groningen","c_AwayTeamShort":"GRO","n_AwayTeamNatioGeoID":2201,"c_AwayTeamNatio":"Nederland","c_AwayTeamNatioShort":"NED","n_StadiumGeoID":5067,"c_Stadium":"Philips Stadion","n_CityGeoID":4001,"c_City":"Eindhoven","n_CountryGeoID":2201,"c_Country":"Netherlands","c_CountryShort":"NED","c_Score":"1-0 (0-0) ","c_ScoreSuffix":null,"n_HomeGoals":1,"n_AwayGoals":0,"n_HomeGoalsHalftime":0,"n_AwayGoalsHalftime":0,"n_HomeGoals90mins":null,"n_AwayGoals90mins":null,"n_HomeGoals105mins":null,"n_AwayGoals105mins":null,"n_HomeGoalsShootout":null,"n_AwayGoalsShootout":null,"n_MatchStatusCode":128,"c_MatchStatus":"Full time","c_MatchStatusShort":"FT","n_RefereeID":475,"c_Referee":"Jack van Hulten","n_RefereeNatioGeoID":2201,"c_RefereeNatio":"Netherlands","c_RefereeNatioShort":"NED","n_Spectators":33400,"n_KnockoutPhaseID":null,"n_Leg":null,"c_ScoreFirstLeg":null,"n_WinnerOnAggregateTeamID":null},{"n_CompetitionID":2,"n_CompetitionLevel":1,"c_Competition":"Eredivisie","c_CompetitionShort":"Ere","n_CompetitionNatioGeoID":2201,"c_CompetitionNatio":"Netherlands","c_CompetitionNatioShort":"NED","n_EditionID":14502,"c_Season":"2005\/2006","n_MatchID":977169,"d_Date":"\/Date(1144585800000+0200)\/","d_DateLocal":"\/Date(1144585800000+0200)\/","d_DateUTC":"\/Date(1144578600000+0200)\/","n_RoundNr":32,"n_PhaseID":62430,"n_PhaseLevel":1,"c_Phase":"Regular","c_PhaseShort":null,"n_HomeTeamID":11,"c_HomeTeam":"PSV","c_HomeTeamShort":"PSV","n_HomeTeamNatioGeoID":2201,"c_HomeTeamNatio":"Nederland","c_HomeTeamNatioShort":"NED","n_AwayTeamID":6,"c_AwayTeam":"FC Groningen","c_AwayTeamShort":"GRO","n_AwayTeamNatioGeoID":2201,"c_AwayTeamNatio":"Nederland","c_AwayTeamNatioShort":"NED","n_StadiumGeoID":5067,"c_Stadium":"Philips Stadion","n_CityGeoID":4001,"c_City":"Eindhoven","n_CountryGeoID":2201,"c_Country":"Netherlands","c_CountryShort":"NED","c_Score":"1-1 (0-1) ","c_ScoreSuffix":null,"n_HomeGoals":1,"n_AwayGoals":1,"n_HomeGoalsHalftime":0,"n_AwayGoalsHalftime":1,"n_HomeGoals90mins":null,"n_AwayGoals90mins":null,"n_HomeGoals105mins":null,"n_AwayGoals105mins":null,"n_HomeGoalsShootout":null,"n_AwayGoalsShootout":null,"n_MatchStatusCode":128,"c_MatchStatus":"Full time","c_MatchStatusShort":"FT","n_RefereeID":471,"c_Referee":"Dick van Egmond","n_RefereeNatioGeoID":2201,"c_RefereeNatio":"Netherlands","c_RefereeNatioShort":"NED","n_Spectators":33500,"n_KnockoutPhaseID":null,"n_Leg":null,"c_ScoreFirstLeg":null,"n_WinnerOnAggregateTeamID":null},{"n_CompetitionID":2,"n_CompetitionLevel":1,"c_Competition":"Holland Casino Eredivisie","c_CompetitionShort":"HCE","n_CompetitionNatioGeoID":2201,"c_CompetitionNatio":"Netherlands","c_CompetitionNatioShort":"NED","n_EditionID":13469,"c_Season":"2004\/2005","n_MatchID":852703,"d_Date":"\/Date(1096738200000+0200)\/","d_DateLocal":"\/Date(1096738200000+0200)\/","d_DateUTC":"\/Date(1096731000000+0200)\/","n_RoundNr":7,"n_PhaseID":56344,"n_PhaseLevel":1,"c_Phase":"Regular","c_PhaseShort":null,"n_HomeTeamID":11,"c_HomeTeam":"PSV","c_HomeTeamShort":"PSV","n_HomeTeamNatioGeoID":2201,"c_HomeTeamNatio":"Nederland","c_HomeTeamNatioShort":"NED","n_AwayTeamID":6,"c_AwayTeam":"FC Groningen","c_AwayTeamShort":"GRO","n_AwayTeamNatioGeoID":2201,"c_AwayTeamNatio":"Nederland","c_AwayTeamNatioShort":"NED","n_StadiumGeoID":5067,"c_Stadium":"Philips Stadion","n_CityGeoID":4001,"c_City":"Eindhoven","n_CountryGeoID":2201,"c_Country":"Netherlands","c_CountryShort":"NED","c_Score":"3-0 (2-0) ","c_ScoreSuffix":null,"n_HomeGoals":3,"n_AwayGoals":0,"n_HomeGoalsHalftime":2,"n_AwayGoalsHalftime":0,"n_HomeGoals90mins":null,"n_AwayGoals90mins":null,"n_HomeGoals105mins":null,"n_AwayGoals105mins":null,"n_HomeGoalsShootout":null,"n_AwayGoalsShootout":null,"n_MatchStatusCode":128,"c_MatchStatus":"Full time","c_MatchStatusShort":"FT","n_RefereeID":41698,"c_Referee":"Peter van Dongen","n_RefereeNatioGeoID":2201,"c_RefereeNatio":"Netherlands","c_RefereeNatioShort":"NED","n_Spectators":30500,"n_KnockoutPhaseID":null,"n_Leg":null,"c_ScoreFirstLeg":null,"n_WinnerOnAggregateTeamID":null},{"n_CompetitionID":2,"n_CompetitionLevel":1,"c_Competition":"Holland Casino Eredivisie","c_CompetitionShort":"HCE","n_CompetitionNatioGeoID":2201,"c_CompetitionNatio":"Netherlands","c_CompetitionNatioShort":"NED","n_EditionID":12948,"c_Season":"2003\/2004","n_MatchID":697266,"d_Date":"\/Date(1081686600000+0200)\/","d_DateLocal":"\/Date(1081686600000+0200)\/","d_DateUTC":"\/Date(1081679400000+0200)\/","n_RoundNr":29,"n_PhaseID":45944,"n_PhaseLevel":1,"c_Phase":"Regular","c_PhaseShort":null,"n_HomeTeamID":11,"c_HomeTeam":"PSV","c_HomeTeamShort":"PSV","n_HomeTeamNatioGeoID":2201,"c_HomeTeamNatio":"Nederland","c_HomeTeamNatioShort":"NED","n_AwayTeamID":6,"c_AwayTeam":"FC Groningen","c_AwayTeamShort":"GRO","n_AwayTeamNatioGeoID":2201,"c_AwayTeamNatio":"Nederland","c_AwayTeamNatioShort":"NED","n_StadiumGeoID":5067,"c_Stadium":"Philips Stadion","n_CityGeoID":4001,"c_City":"Eindhoven","n_CountryGeoID":2201,"c_Country":"Netherlands","c_CountryShort":"NED","c_Score":"5-0 (2-0) ","c_ScoreSuffix":null,"n_HomeGoals":5,"n_AwayGoals":0,"n_HomeGoalsHalftime":2,"n_AwayGoalsHalftime":0,"n_HomeGoals90mins":null,"n_AwayGoals90mins":null,"n_HomeGoals105mins":null,"n_AwayGoals105mins":null,"n_HomeGoalsShootout":null,"n_AwayGoalsShootout":null,"n_MatchStatusCode":128,"c_MatchStatus":"Full time","c_MatchStatusShort":"FT","n_RefereeID":471,"c_Referee":"Dick van Egmond","n_RefereeNatioGeoID":2201,"c_RefereeNatio":"Netherlands","c_RefereeNatioShort":"NED","n_Spectators":32000,"n_KnockoutPhaseID":null,"n_Leg":null,"c_ScoreFirstLeg":null,"n_WinnerOnAggregateTeamID":null},{"n_CompetitionID":2,"n_CompetitionLevel":1,"c_Competition":"Holland Casino Eredivisie","c_CompetitionShort":"HCE","n_CompetitionNatioGeoID":2201,"c_CompetitionNatio":"Netherlands","c_CompetitionNatioShort":"NED","n_EditionID":12374,"c_Season":"2002\/2003","n_MatchID":640021,"d_Date":"\/Date(1030210800000+0200)\/","d_DateLocal":"\/Date(1030210800000+0200)\/","d_DateUTC":"\/Date(1030203600000+0200)\/","n_RoundNr":2,"n_PhaseID":38586,"n_PhaseLevel":1,"c_Phase":"Regular","c_PhaseShort":null,"n_HomeTeamID":11,"c_HomeTeam":"PSV","c_HomeTeamShort":"PSV","n_HomeTeamNatioGeoID":2201,"c_HomeTeamNatio":"Nederland","c_HomeTeamNatioShort":"NED","n_AwayTeamID":6,"c_AwayTeam":"FC Groningen","c_AwayTeamShort":"GRO","n_AwayTeamNatioGeoID":2201,"c_AwayTeamNatio":"Nederland","c_AwayTeamNatioShort":"NED","n_StadiumGeoID":5067,"c_Stadium":"Philips Stadion","n_CityGeoID":4001,"c_City":"Eindhoven","n_CountryGeoID":2201,"c_Country":"Netherlands","c_CountryShort":"NED","c_Score":"1-0 (0-0) ","c_ScoreSuffix":null,"n_HomeGoals":1,"n_AwayGoals":0,"n_HomeGoalsHalftime":0,"n_AwayGoalsHalftime":0,"n_HomeGoals90mins":null,"n_AwayGoals90mins":null,"n_HomeGoals105mins":null,"n_AwayGoals105mins":null,"n_HomeGoalsShootout":null,"n_AwayGoalsShootout":null,"n_MatchStatusCode":128,"c_MatchStatus":"Full time","c_MatchStatusShort":"FT","n_RefereeID":22007,"c_Referee":"Dick Jol","n_RefereeNatioGeoID":2201,"c_RefereeNatio":"Netherlands","c_RefereeNatioShort":"NED","n_Spectators":30500,"n_KnockoutPhaseID":null,"n_Leg":null,"c_ScoreFirstLeg":null,"n_WinnerOnAggregateTeamID":null},{"n_CompetitionID":2,"n_CompetitionLevel":1,"c_Competition":"KPN Eredivisie","c_CompetitionShort":"KPN","n_CompetitionNatioGeoID":2201,"c_CompetitionNatio":"Netherlands","c_CompetitionNatioShort":"NED","n_EditionID":6642,"c_Season":"2001\/2002","n_MatchID":588071,"d_Date":"\/Date(1009045800000+0100)\/","d_DateLocal":"\/Date(1009045800000+0100)\/","d_DateUTC":"\/Date(1009042200000+0100)\/","n_RoundNr":19,"n_PhaseID":31933,"n_PhaseLevel":1,"c_Phase":"Regular","c_PhaseShort":null,"n_HomeTeamID":11,"c_HomeTeam":"PSV","c_HomeTeamShort":"PSV","n_HomeTeamNatioGeoID":2201,"c_HomeTeamNatio":"Nederland","c_HomeTeamNatioShort":"NED","n_AwayTeamID":6,"c_AwayTeam":"FC Groningen","c_AwayTeamShort":"GRO","n_AwayTeamNatioGeoID":2201,"c_AwayTeamNatio":"Nederland","c_AwayTeamNatioShort":"NED","n_StadiumGeoID":5067,"c_Stadium":"Philips Stadion","n_CityGeoID":4001,"c_City":"Eindhoven","n_CountryGeoID":2201,"c_Country":"Netherlands","c_CountryShort":"NED","c_Score":"8-0 (5-0) ","c_ScoreSuffix":null,"n_HomeGoals":8,"n_AwayGoals":0,"n_HomeGoalsHalftime":5,"n_AwayGoalsHalftime":0,"n_HomeGoals90mins":null,"n_AwayGoals90mins":null,"n_HomeGoals105mins":null,"n_AwayGoals105mins":null,"n_HomeGoalsShootout":null,"n_AwayGoalsShootout":null,"n_MatchStatusCode":128,"c_MatchStatus":null,"c_MatchStatusShort":null,"n_RefereeID":22027,"c_Referee":"Hugo Luijten","n_RefereeNatioGeoID":2201,"c_RefereeNatio":"Netherlands","c_RefereeNatioShort":"NED","n_Spectators":30400,"n_KnockoutPhaseID":null,"n_Leg":null,"c_ScoreFirstLeg":null,"n_WinnerOnAggregateTeamID":null},{"n_CompetitionID":2,"n_CompetitionLevel":1,"c_Competition":"KPN Eredivisie","c_CompetitionShort":"KPN","n_CompetitionNatioGeoID":2201,"c_CompetitionNatio":"Netherlands","c_CompetitionNatioShort":"NED","n_EditionID":3912,"c_Season":"2000\/2001","n_MatchID":487401,"d_Date":"\/Date(980967600000+0100)\/","d_DateLocal":"\/Date(980967600000+0100)\/","d_DateUTC":"\/Date(980964000000+0100)\/","n_RoundNr":18,"n_PhaseID":5044,"n_PhaseLevel":1,"c_Phase":"Regular","c_PhaseShort":null,"n_HomeTeamID":11,"c_HomeTeam":"PSV","c_HomeTeamShort":"PSV","n_HomeTeamNatioGeoID":2201,"c_HomeTeamNatio":"Nederland","c_HomeTeamNatioShort":"NED","n_AwayTeamID":6,"c_AwayTeam":"FC Groningen","c_AwayTeamShort":"GRO","n_AwayTeamNatioGeoID":2201,"c_AwayTeamNatio":"Nederland","c_AwayTeamNatioShort":"NED","n_StadiumGeoID":5067,"c_Stadium":"Philips Stadion","n_CityGeoID":4001,"c_City":"Eindhoven","n_CountryGeoID":2201,"c_Country":"Netherlands","c_CountryShort":"NED","c_Score":"3-0 (2-0) ","c_ScoreSuffix":null,"n_HomeGoals":3,"n_AwayGoals":0,"n_HomeGoalsHalftime":2,"n_AwayGoalsHalftime":0,"n_HomeGoals90mins":null,"n_AwayGoals90mins":null,"n_HomeGoals105mins":null,"n_AwayGoals105mins":null,"n_HomeGoalsShootout":null,"n_AwayGoalsShootout":null,"n_MatchStatusCode":128,"c_MatchStatus":null,"c_MatchStatusShort":null,"n_RefereeID":106640,"c_Referee":"Herman van Dijk","n_RefereeNatioGeoID":2201,"c_RefereeNatio":"Netherlands","c_RefereeNatioShort":"NED","n_Spectators":30000,"n_KnockoutPhaseID":null,"n_Leg":null,"c_ScoreFirstLeg":null,"n_WinnerOnAggregateTeamID":null},{"n_CompetitionID":2,"n_CompetitionLevel":1,"c_Competition":"PTT-Telecompetitie","c_CompetitionShort":"PTT","n_CompetitionNatioGeoID":2201,"c_CompetitionNatio":"Netherlands","c_CompetitionNatioShort":"NED","n_EditionID":744,"c_Season":"1997\/1998","n_MatchID":107026,"d_Date":"\/Date(894146400000+0200)\/","d_DateLocal":"\/Date(894146400000+0200)\/","d_DateUTC":"\/Date(894146400000+0200)\/","n_RoundNr":null,"n_PhaseID":1606,"n_PhaseLevel":1,"c_Phase":"Regular","c_PhaseShort":null,"n_HomeTeamID":11,"c_HomeTeam":"PSV","c_HomeTeamShort":"PSV","n_HomeTeamNatioGeoID":2201,"c_HomeTeamNatio":"Nederland","c_HomeTeamNatioShort":"NED","n_AwayTeamID":6,"c_AwayTeam":"FC Groningen","c_AwayTeamShort":"GRO","n_AwayTeamNatioGeoID":2201,"c_AwayTeamNatio":"Nederland","c_AwayTeamNatioShort":"NED","n_StadiumGeoID":5067,"c_Stadium":"Philips Stadion","n_CityGeoID":4001,"c_City":"Eindhoven","n_CountryGeoID":2201,"c_Country":"Netherlands","c_CountryShort":"NED","c_Score":"6-2 (1-2) ","c_ScoreSuffix":null,"n_HomeGoals":6,"n_AwayGoals":2,"n_HomeGoalsHalftime":1,"n_AwayGoalsHalftime":2,"n_HomeGoals90mins":null,"n_AwayGoals90mins":null,"n_HomeGoals105mins":null,"n_AwayGoals105mins":null,"n_HomeGoalsShootout":null,"n_AwayGoalsShootout":null,"n_MatchStatusCode":128,"c_MatchStatus":null,"c_MatchStatusShort":null,"n_RefereeID":438,"c_Referee":"Jan Wegereef","n_RefereeNatioGeoID":2201,"c_RefereeNatio":"Netherlands","c_RefereeNatioShort":"NED","n_Spectators":28000,"n_KnockoutPhaseID":null,"n_Leg":null,"c_ScoreFirstLeg":null,"n_WinnerOnAggregateTeamID":null},{"n_CompetitionID":2,"n_CompetitionLevel":1,"c_Competition":"PTT-Telecompetitie","c_CompetitionShort":"PTT","n_CompetitionNatioGeoID":2201,"c_CompetitionNatio":"Netherlands","c_CompetitionNatioShort":"NED","n_EditionID":41,"c_Season":"1996\/1997","n_MatchID":19017,"d_Date":"\/Date(840924000000+0200)\/","d_DateLocal":"\/Date(840924000000+0200)\/","d_DateUTC":"\/Date(840924000000+0200)\/","n_RoundNr":2,"n_PhaseID":42,"n_PhaseLevel":1,"c_Phase":"Regular","c_PhaseShort":null,"n_HomeTeamID":11,"c_HomeTeam":"PSV","c_HomeTeamShort":"PSV","n_HomeTeamNatioGeoID":2201,"c_HomeTeamNatio":"Nederland","c_HomeTeamNatioShort":"NED","n_AwayTeamID":6,"c_AwayTeam":"FC Groningen","c_AwayTeamShort":"GRO","n_AwayTeamNatioGeoID":2201,"c_AwayTeamNatio":"Nederland","c_AwayTeamNatioShort":"NED","n_StadiumGeoID":5067,"c_Stadium":"Philips Stadion","n_CityGeoID":4001,"c_City":"Eindhoven","n_CountryGeoID":2201,"c_Country":"Netherlands","c_CountryShort":"NED","c_Score":"4-1 (1-1) ","c_ScoreSuffix":null,"n_HomeGoals":4,"n_AwayGoals":1,"n_HomeGoalsHalftime":1,"n_AwayGoalsHalftime":1,"n_HomeGoals90mins":null,"n_AwayGoals90mins":null,"n_HomeGoals105mins":null,"n_AwayGoals105mins":null,"n_HomeGoalsShootout":null,"n_AwayGoalsShootout":null,"n_MatchStatusCode":128,"c_MatchStatus":null,"c_MatchStatusShort":null,"n_RefereeID":22007,"c_Referee":"Dick Jol","n_RefereeNatioGeoID":2201,"c_RefereeNatio":"Netherlands","c_RefereeNatioShort":"NED","n_Spectators":27500,"n_KnockoutPhaseID":null,"n_Leg":null,"c_ScoreFirstLeg":null,"n_WinnerOnAggregateTeamID":null},{"n_CompetitionID":2,"n_CompetitionLevel":1,"c_Competition":"PTT-Telecompetitie","c_CompetitionShort":"PTT","n_CompetitionNatioGeoID":2201,"c_CompetitionNatio":"Netherlands","c_CompetitionNatioShort":"NED","n_EditionID":40,"c_Season":"1995\/1996","n_MatchID":1779,"d_Date":"\/Date(814226400000+0200)\/","d_DateLocal":"\/Date(814226400000+0200)\/","d_DateUTC":"\/Date(814226400000+0200)\/","n_RoundNr":10,"n_PhaseID":41,"n_PhaseLevel":1,"c_Phase":"Regular","c_PhaseShort":null,"n_HomeTeamID":11,"c_HomeTeam":"PSV","c_HomeTeamShort":"PSV","n_HomeTeamNatioGeoID":2201,"c_HomeTeamNatio":"Nederland","c_HomeTeamNatioShort":"NED","n_AwayTeamID":6,"c_AwayTeam":"FC Groningen","c_AwayTeamShort":"GRO","n_AwayTeamNatioGeoID":2201,"c_AwayTeamNatio":"Nederland","c_AwayTeamNatioShort":"NED","n_StadiumGeoID":5067,"c_Stadium":"Philips Stadion","n_CityGeoID":4001,"c_City":"Eindhoven","n_CountryGeoID":2201,"c_Country":"Netherlands","c_CountryShort":"NED","c_Score":"7-1 (2-1) ","c_ScoreSuffix":null,"n_HomeGoals":7,"n_AwayGoals":1,"n_HomeGoalsHalftime":2,"n_AwayGoalsHalftime":1,"n_HomeGoals90mins":null,"n_AwayGoals90mins":null,"n_HomeGoals105mins":null,"n_AwayGoals105mins":null,"n_HomeGoalsShootout":null,"n_AwayGoalsShootout":null,"n_MatchStatusCode":128,"c_MatchStatus":null,"c_MatchStatusShort":null,"n_RefereeID":22027,"c_Referee":"Hugo Luijten","n_RefereeNatioGeoID":2201,"c_RefereeNatio":"Netherlands","c_RefereeNatioShort":"NED","n_Spectators":24500,"n_KnockoutPhaseID":null,"n_Leg":null,"c_ScoreFirstLeg":null,"n_WinnerOnAggregateTeamID":null},{"n_CompetitionID":2,"n_CompetitionLevel":1,"c_Competition":"PTT-Telecompetitie","c_CompetitionShort":"PTT","n_CompetitionNatioGeoID":2201,"c_CompetitionNatio":"Netherlands","c_CompetitionNatioShort":"NED","n_EditionID":1,"c_Season":"1994\/1995","n_MatchID":14034,"d_Date":"\/Date(783381600000+0200)\/","d_DateLocal":"\/Date(783381600000+0200)\/","d_DateUTC":"\/Date(783381600000+0200)\/","n_RoundNr":10,"n_PhaseID":2,"n_PhaseLevel":1,"c_Phase":"Regular","c_PhaseShort":null,"n_HomeTeamID":11,"c_HomeTeam":"PSV","c_HomeTeamShort":"PSV","n_HomeTeamNatioGeoID":2201,"c_HomeTeamNatio":"Nederland","c_HomeTeamNatioShort":"NED","n_AwayTeamID":6,"c_AwayTeam":"FC Groningen","c_AwayTeamShort":"GRO","n_AwayTeamNatioGeoID":2201,"c_AwayTeamNatio":"Nederland","c_AwayTeamNatioShort":"NED","n_StadiumGeoID":5067,"c_Stadium":"Philips Stadion","n_CityGeoID":4001,"c_City":"Eindhoven","n_CountryGeoID":2201,"c_Country":"Netherlands","c_CountryShort":"NED","c_Score":"5-0 (1-0) ","c_ScoreSuffix":null,"n_HomeGoals":5,"n_AwayGoals":0,"n_HomeGoalsHalftime":1,"n_AwayGoalsHalftime":0,"n_HomeGoals90mins":null,"n_AwayGoals90mins":null,"n_HomeGoals105mins":null,"n_AwayGoals105mins":null,"n_HomeGoalsShootout":null,"n_AwayGoalsShootout":null,"n_MatchStatusCode":128,"c_MatchStatus":"Full time","c_MatchStatusShort":"FT","n_RefereeID":436,"c_Referee":"Jaap Uilenberg","n_RefereeNatioGeoID":2201,"c_RefereeNatio":"Netherlands","c_RefereeNatioShort":"NED","n_Spectators":23900,"n_KnockoutPhaseID":null,"n_Leg":null,"c_ScoreFirstLeg":null,"n_WinnerOnAggregateTeamID":null},{"n_CompetitionID":2,"n_CompetitionLevel":1,"c_Competition":"PTT-Telecompetitie","c_CompetitionShort":"PTT","n_CompetitionNatioGeoID":2201,"c_CompetitionNatio":"Netherlands","c_CompetitionNatioShort":"NED","n_EditionID":2,"c_Season":"1993\/1994","n_MatchID":238,"d_Date":"\/Date(756169200000+0100)\/","d_DateLocal":"\/Date(756169200000+0100)\/","d_DateUTC":"\/Date(756169200000+0100)\/","n_RoundNr":18,"n_PhaseID":3,"n_PhaseLevel":1,"c_Phase":"Regular","c_PhaseShort":null,"n_HomeTeamID":11,"c_HomeTeam":"PSV","c_HomeTeamShort":"PSV","n_HomeTeamNatioGeoID":2201,"c_HomeTeamNatio":"Nederland","c_HomeTeamNatioShort":"NED","n_AwayTeamID":6,"c_AwayTeam":"FC Groningen","c_AwayTeamShort":"GRO","n_AwayTeamNatioGeoID":2201,"c_AwayTeamNatio":"Nederland","c_AwayTeamNatioShort":"NED","n_StadiumGeoID":5067,"c_Stadium":"Philips Stadion","n_CityGeoID":4001,"c_City":"Eindhoven","n_CountryGeoID":2201,"c_Country":"Netherlands","c_CountryShort":"NED","c_Score":"1-1 (1-1) ","c_ScoreSuffix":null,"n_HomeGoals":1,"n_AwayGoals":1,"n_HomeGoalsHalftime":1,"n_AwayGoalsHalftime":1,"n_HomeGoals90mins":null,"n_AwayGoals90mins":null,"n_HomeGoals105mins":null,"n_AwayGoals105mins":null,"n_HomeGoalsShootout":null,"n_AwayGoalsShootout":null,"n_MatchStatusCode":128,"c_MatchStatus":null,"c_MatchStatusShort":null,"n_RefereeID":22013,"c_Referee":"Ton Lammers","n_RefereeNatioGeoID":2201,"c_RefereeNatio":"Netherlands","c_RefereeNatioShort":"NED","n_Spectators":22900,"n_KnockoutPhaseID":null,"n_Leg":null,"c_ScoreFirstLeg":null,"n_WinnerOnAggregateTeamID":null},{"n_CompetitionID":2,"n_CompetitionLevel":1,"c_Competition":"PTT-Telecompetitie","c_CompetitionShort":"PTT","n_CompetitionNatioGeoID":2201,"c_CompetitionNatio":"Netherlands","c_CompetitionNatioShort":"NED","n_EditionID":3,"c_Season":"1992\/1993","n_MatchID":564,"d_Date":"\/Date(719877600000+0200)\/","d_DateLocal":"\/Date(719877600000+0200)\/","d_DateUTC":"\/Date(719877600000+0200)\/","n_RoundNr":9,"n_PhaseID":4,"n_PhaseLevel":1,"c_Phase":"Regular","c_PhaseShort":null,"n_HomeTeamID":11,"c_HomeTeam":"PSV","c_HomeTeamShort":"PSV","n_HomeTeamNatioGeoID":2201,"c_HomeTeamNatio":"Nederland","c_HomeTeamNatioShort":"NED","n_AwayTeamID":6,"c_AwayTeam":"FC Groningen","c_AwayTeamShort":"GRO","n_AwayTeamNatioGeoID":2201,"c_AwayTeamNatio":"Nederland","c_AwayTeamNatioShort":"NED","n_StadiumGeoID":5067,"c_Stadium":"Philips Stadion","n_CityGeoID":4001,"c_City":"Eindhoven","n_CountryGeoID":2201,"c_Country":"Netherlands","c_CountryShort":"NED","c_Score":"3-0 (1-0) ","c_ScoreSuffix":null,"n_HomeGoals":3,"n_AwayGoals":0,"n_HomeGoalsHalftime":1,"n_AwayGoalsHalftime":0,"n_HomeGoals90mins":null,"n_AwayGoals90mins":null,"n_HomeGoals105mins":null,"n_AwayGoals105mins":null,"n_HomeGoalsShootout":null,"n_AwayGoalsShootout":null,"n_MatchStatusCode":128,"c_MatchStatus":null,"c_MatchStatusShort":null,"n_RefereeID":22007,"c_Referee":"Dick Jol","n_RefereeNatioGeoID":2201,"c_RefereeNatio":"Netherlands","c_RefereeNatioShort":"NED","n_Spectators":24200,"n_KnockoutPhaseID":null,"n_Leg":null,"c_ScoreFirstLeg":null,"n_WinnerOnAggregateTeamID":null},{"n_CompetitionID":2,"n_CompetitionLevel":1,"c_Competition":"PTT-Telecompetitie","c_CompetitionShort":"PTT","n_CompetitionNatioGeoID":2201,"c_CompetitionNatio":"Netherlands","c_CompetitionNatioShort":"NED","n_EditionID":4,"c_Season":"1991\/1992","n_MatchID":833,"d_Date":"\/Date(689727600000+0100)\/","d_DateLocal":"\/Date(689727600000+0100)\/","d_DateUTC":"\/Date(689727600000+0100)\/","n_RoundNr":16,"n_PhaseID":5,"n_PhaseLevel":1,"c_Phase":"Regular","c_PhaseShort":null,"n_HomeTeamID":11,"c_HomeTeam":"PSV","c_HomeTeamShort":"PSV","n_HomeTeamNatioGeoID":2201,"c_HomeTeamNatio":"Nederland","c_HomeTeamNatioShort":"NED","n_AwayTeamID":6,"c_AwayTeam":"FC Groningen","c_AwayTeamShort":"GRO","n_AwayTeamNatioGeoID":2201,"c_AwayTeamNatio":"Nederland","c_AwayTeamNatioShort":"NED","n_StadiumGeoID":5067,"c_Stadium":"Philips Stadion","n_CityGeoID":4001,"c_City":"Eindhoven","n_CountryGeoID":2201,"c_Country":"Netherlands","c_CountryShort":"NED","c_Score":"2-1 (1-1) ","c_ScoreSuffix":null,"n_HomeGoals":2,"n_AwayGoals":1,"n_HomeGoalsHalftime":1,"n_AwayGoalsHalftime":1,"n_HomeGoals90mins":null,"n_AwayGoals90mins":null,"n_HomeGoals105mins":null,"n_AwayGoals105mins":null,"n_HomeGoalsShootout":null,"n_AwayGoalsShootout":null,"n_MatchStatusCode":128,"c_MatchStatus":null,"c_MatchStatusShort":null,"n_RefereeID":422,"c_Referee":"John Blankenstein","n_RefereeNatioGeoID":2201,"c_RefereeNatio":"Netherlands","c_RefereeNatioShort":"NED","n_Spectators":21800,"n_KnockoutPhaseID":null,"n_Leg":null,"c_ScoreFirstLeg":null,"n_WinnerOnAggregateTeamID":null},{"n_CompetitionID":2,"n_CompetitionLevel":1,"c_Competition":"PTT-Telecompetitie","c_CompetitionShort":"PTT","n_CompetitionNatioGeoID":2201,"c_CompetitionNatio":"Netherlands","c_CompetitionNatioShort":"NED","n_EditionID":5,"c_Season":"1990\/1991","n_MatchID":1167,"d_Date":"\/Date(664239600000+0100)\/","d_DateLocal":"\/Date(664239600000+0100)\/","d_DateUTC":"\/Date(664239600000+0100)\/","n_RoundNr":16,"n_PhaseID":6,"n_PhaseLevel":1,"c_Phase":"Regular","c_PhaseShort":null,"n_HomeTeamID":11,"c_HomeTeam":"PSV","c_HomeTeamShort":"PSV","n_HomeTeamNatioGeoID":2201,"c_HomeTeamNatio":"Nederland","c_HomeTeamNatioShort":"NED","n_AwayTeamID":6,"c_AwayTeam":"FC Groningen","c_AwayTeamShort":"GRO","n_AwayTeamNatioGeoID":2201,"c_AwayTeamNatio":"Nederland","c_AwayTeamNatioShort":"NED","n_StadiumGeoID":5067,"c_Stadium":"Philips Stadion","n_CityGeoID":4001,"c_City":"Eindhoven","n_CountryGeoID":2201,"c_Country":"Netherlands","c_CountryShort":"NED","c_Score":"1-1 (1-0) ","c_ScoreSuffix":null,"n_HomeGoals":1,"n_AwayGoals":1,"n_HomeGoalsHalftime":1,"n_AwayGoalsHalftime":0,"n_HomeGoals90mins":null,"n_AwayGoals90mins":null,"n_HomeGoals105mins":null,"n_AwayGoals105mins":null,"n_HomeGoalsShootout":null,"n_AwayGoalsShootout":null,"n_MatchStatusCode":128,"c_MatchStatus":"Full time","c_MatchStatusShort":"FT","n_RefereeID":22033,"c_Referee":"Cees Bakker","n_RefereeNatioGeoID":2201,"c_RefereeNatio":"Netherlands","c_RefereeNatioShort":"NED","n_Spectators":25100,"n_KnockoutPhaseID":null,"n_Leg":null,"c_ScoreFirstLeg":null,"n_WinnerOnAggregateTeamID":null},{"n_CompetitionID":2,"n_CompetitionLevel":1,"c_Competition":"Eredivisie","c_CompetitionShort":"Ere","n_CompetitionNatioGeoID":2201,"c_CompetitionNatio":"Netherlands","c_CompetitionNatioShort":"NED","n_EditionID":6,"c_Season":"1989\/1990","n_MatchID":1491,"d_Date":"\/Date(630370800000+0100)\/","d_DateLocal":"\/Date(630370800000+0100)\/","d_DateUTC":"\/Date(630370800000+0100)\/","n_RoundNr":18,"n_PhaseID":7,"n_PhaseLevel":1,"c_Phase":"Regular","c_PhaseShort":null,"n_HomeTeamID":11,"c_HomeTeam":"PSV","c_HomeTeamShort":"PSV","n_HomeTeamNatioGeoID":2201,"c_HomeTeamNatio":"Nederland","c_HomeTeamNatioShort":"NED","n_AwayTeamID":6,"c_AwayTeam":"FC Groningen","c_AwayTeamShort":"GRO","n_AwayTeamNatioGeoID":2201,"c_AwayTeamNatio":"Nederland","c_AwayTeamNatioShort":"NED","n_StadiumGeoID":5067,"c_Stadium":"Philips Stadion","n_CityGeoID":4001,"c_City":"Eindhoven","n_CountryGeoID":2201,"c_Country":"Netherlands","c_CountryShort":"NED","c_Score":"2-0 (1-0) ","c_ScoreSuffix":null,"n_HomeGoals":2,"n_AwayGoals":0,"n_HomeGoalsHalftime":1,"n_AwayGoalsHalftime":0,"n_HomeGoals90mins":null,"n_AwayGoals90mins":null,"n_HomeGoals105mins":null,"n_AwayGoals105mins":null,"n_HomeGoalsShootout":null,"n_AwayGoalsShootout":null,"n_MatchStatusCode":128,"c_MatchStatus":null,"c_MatchStatusShort":null,"n_RefereeID":22033,"c_Referee":"Cees Bakker","n_RefereeNatioGeoID":2201,"c_RefereeNatio":"Netherlands","c_RefereeNatioShort":"NED","n_Spectators":24900,"n_KnockoutPhaseID":null,"n_Leg":null,"c_ScoreFirstLeg":null,"n_WinnerOnAggregateTeamID":null},{"n_CompetitionID":2,"n_CompetitionLevel":1,"c_Competition":"Eredivisie","c_CompetitionShort":"Ere","n_CompetitionNatioGeoID":2201,"c_CompetitionNatio":"Netherlands","c_CompetitionNatioShort":"NED","n_EditionID":7,"c_Season":"1988\/1989","n_MatchID":2096,"d_Date":"\/Date(598662000000+0100)\/","d_DateLocal":"\/Date(598662000000+0100)\/","d_DateUTC":"\/Date(598662000000+0100)\/","n_RoundNr":16,"n_PhaseID":8,"n_PhaseLevel":1,"c_Phase":"Regular","c_PhaseShort":null,"n_HomeTeamID":11,"c_HomeTeam":"PSV","c_HomeTeamShort":"PSV","n_HomeTeamNatioGeoID":2201,"c_HomeTeamNatio":"Nederland","c_HomeTeamNatioShort":"NED","n_AwayTeamID":6,"c_AwayTeam":"FC Groningen","c_AwayTeamShort":"GRO","n_AwayTeamNatioGeoID":2201,"c_AwayTeamNatio":"Nederland","c_AwayTeamNatioShort":"NED","n_StadiumGeoID":5067,"c_Stadium":"Philips Stadion","n_CityGeoID":4001,"c_City":"Eindhoven","n_CountryGeoID":2201,"c_Country":"Netherlands","c_CountryShort":"NED","c_Score":"1-0 (1-0) ","c_ScoreSuffix":null,"n_HomeGoals":1,"n_AwayGoals":0,"n_HomeGoalsHalftime":1,"n_AwayGoalsHalftime":0,"n_HomeGoals90mins":null,"n_AwayGoals90mins":null,"n_HomeGoals105mins":null,"n_AwayGoals105mins":null,"n_HomeGoalsShootout":null,"n_AwayGoalsShootout":null,"n_MatchStatusCode":128,"c_MatchStatus":null,"c_MatchStatusShort":null,"n_RefereeID":22089,"c_Referee":"Bep Thomas","n_RefereeNatioGeoID":2201,"c_RefereeNatio":"Netherlands","c_RefereeNatioShort":"NED","n_Spectators":24500,"n_KnockoutPhaseID":null,"n_Leg":null,"c_ScoreFirstLeg":null,"n_WinnerOnAggregateTeamID":null},{"n_CompetitionID":2,"n_CompetitionLevel":1,"c_Competition":"Eredivisie","c_CompetitionShort":"Ere","n_CompetitionNatioGeoID":2201,"c_CompetitionNatio":"Netherlands","c_CompetitionNatioShort":"NED","n_EditionID":8,"c_Season":"1987\/1988","n_MatchID":2438,"d_Date":"\/Date(562633200000+0100)\/","d_DateLocal":"\/Date(562633200000+0100)\/","d_DateUTC":"\/Date(562633200000+0100)\/","n_RoundNr":13,"n_PhaseID":9,"n_PhaseLevel":1,"c_Phase":"Regular","c_PhaseShort":null,"n_HomeTeamID":11,"c_HomeTeam":"PSV","c_HomeTeamShort":"PSV","n_HomeTeamNatioGeoID":2201,"c_HomeTeamNatio":"Nederland","c_HomeTeamNatioShort":"NED","n_AwayTeamID":6,"c_AwayTeam":"FC Groningen","c_AwayTeamShort":"GRO","n_AwayTeamNatioGeoID":2201,"c_AwayTeamNatio":"Nederland","c_AwayTeamNatioShort":"NED","n_StadiumGeoID":5067,"c_Stadium":"Philips Stadion","n_CityGeoID":4001,"c_City":"Eindhoven","n_CountryGeoID":2201,"c_Country":"Netherlands","c_CountryShort":"NED","c_Score":"4-1 (1-0) ","c_ScoreSuffix":null,"n_HomeGoals":4,"n_AwayGoals":1,"n_HomeGoalsHalftime":1,"n_AwayGoalsHalftime":0,"n_HomeGoals90mins":null,"n_AwayGoals90mins":null,"n_HomeGoals105mins":null,"n_AwayGoals105mins":null,"n_HomeGoalsShootout":null,"n_AwayGoalsShootout":null,"n_MatchStatusCode":128,"c_MatchStatus":null,"c_MatchStatusShort":null,"n_RefereeID":22091,"c_Referee":"Martin Bannet","n_RefereeNatioGeoID":2201,"c_RefereeNatio":"Netherlands","c_RefereeNatioShort":"NED","n_Spectators":22100,"n_KnockoutPhaseID":null,"n_Leg":null,"c_ScoreFirstLeg":null,"n_WinnerOnAggregateTeamID":null},{"n_CompetitionID":2,"n_CompetitionLevel":1,"c_Competition":"Eredivisie","c_CompetitionShort":"Ere","n_CompetitionNatioGeoID":2201,"c_CompetitionNatio":"Netherlands","c_CompetitionNatioShort":"NED","n_EditionID":9,"c_Season":"1986\/1987","n_MatchID":2762,"d_Date":"\/Date(530924400000+0100)\/","d_DateLocal":"\/Date(530924400000+0100)\/","d_DateUTC":"\/Date(530924400000+0100)\/","n_RoundNr":13,"n_PhaseID":10,"n_PhaseLevel":1,"c_Phase":"Regular","c_PhaseShort":null,"n_HomeTeamID":11,"c_HomeTeam":"PSV","c_HomeTeamShort":"PSV","n_HomeTeamNatioGeoID":2201,"c_HomeTeamNatio":"Nederland","c_HomeTeamNatioShort":"NED","n_AwayTeamID":6,"c_AwayTeam":"FC Groningen","c_AwayTeamShort":"GRO","n_AwayTeamNatioGeoID":2201,"c_AwayTeamNatio":"Nederland","c_AwayTeamNatioShort":"NED","n_StadiumGeoID":5067,"c_Stadium":"Philips Stadion","n_CityGeoID":4001,"c_City":"Eindhoven","n_CountryGeoID":2201,"c_Country":"Netherlands","c_CountryShort":"NED","c_Score":"6-1 (3-0) ","c_ScoreSuffix":null,"n_HomeGoals":6,"n_AwayGoals":1,"n_HomeGoalsHalftime":3,"n_AwayGoalsHalftime":0,"n_HomeGoals90mins":null,"n_AwayGoals90mins":null,"n_HomeGoals105mins":null,"n_AwayGoals105mins":null,"n_HomeGoalsShootout":null,"n_AwayGoalsShootout":null,"n_MatchStatusCode":128,"c_MatchStatus":null,"c_MatchStatusShort":null,"n_RefereeID":422,"c_Referee":"John Blankenstein","n_RefereeNatioGeoID":2201,"c_RefereeNatio":"Netherlands","c_RefereeNatioShort":"NED","n_Spectators":18500,"n_KnockoutPhaseID":null,"n_Leg":null,"c_ScoreFirstLeg":null,"n_WinnerOnAggregateTeamID":null},{"n_CompetitionID":2,"n_CompetitionLevel":1,"c_Competition":"Eredivisie","c_CompetitionShort":"Ere","n_CompetitionNatioGeoID":2201,"c_CompetitionNatio":"Netherlands","c_CompetitionNatioShort":"NED","n_EditionID":10,"c_Season":"1985\/1986","n_MatchID":3087,"d_Date":"\/Date(513036000000+0200)\/","d_DateLocal":"\/Date(513036000000+0200)\/","d_DateUTC":"\/Date(513036000000+0200)\/","n_RoundNr":27,"n_PhaseID":11,"n_PhaseLevel":1,"c_Phase":"Regular","c_PhaseShort":null,"n_HomeTeamID":11,"c_HomeTeam":"PSV","c_HomeTeamShort":"PSV","n_HomeTeamNatioGeoID":2201,"c_HomeTeamNatio":"Nederland","c_HomeTeamNatioShort":"NED","n_AwayTeamID":6,"c_AwayTeam":"FC Groningen","c_AwayTeamShort":"GRO","n_AwayTeamNatioGeoID":2201,"c_AwayTeamNatio":"Nederland","c_AwayTeamNatioShort":"NED","n_StadiumGeoID":5067,"c_Stadium":"Philips Stadion","n_CityGeoID":4001,"c_City":"Eindhoven","n_CountryGeoID":2201,"c_Country":"Netherlands","c_CountryShort":"NED","c_Score":"0-0 (0-0) ","c_ScoreSuffix":null,"n_HomeGoals":0,"n_AwayGoals":0,"n_HomeGoalsHalftime":0,"n_AwayGoalsHalftime":0,"n_HomeGoals90mins":null,"n_AwayGoals90mins":null,"n_HomeGoals105mins":null,"n_AwayGoals105mins":null,"n_HomeGoalsShootout":null,"n_AwayGoalsShootout":null,"n_MatchStatusCode":192,"c_MatchStatus":"Full time","c_MatchStatusShort":"FT","n_RefereeID":22033,"c_Referee":"Cees Bakker","n_RefereeNatioGeoID":2201,"c_RefereeNatio":"Netherlands","c_RefereeNatioShort":"NED","n_Spectators":19000,"n_KnockoutPhaseID":null,"n_Leg":null,"c_ScoreFirstLeg":null,"n_WinnerOnAggregateTeamID":null},{"n_CompetitionID":2,"n_CompetitionLevel":1,"c_Competition":"Eredivisie","c_CompetitionShort":"Ere","n_CompetitionNatioGeoID":2201,"c_CompetitionNatio":"Netherlands","c_CompetitionNatioShort":"NED","n_EditionID":11,"c_Season":"1984\/1985","n_MatchID":3394,"d_Date":"\/Date(462837600000+0200)\/","d_DateLocal":"\/Date(462837600000+0200)\/","d_DateUTC":"\/Date(462837600000+0200)\/","n_RoundNr":1,"n_PhaseID":12,"n_PhaseLevel":1,"c_Phase":"Regular","c_PhaseShort":null,"n_HomeTeamID":11,"c_HomeTeam":"PSV","c_HomeTeamShort":"PSV","n_HomeTeamNatioGeoID":2201,"c_HomeTeamNatio":"Nederland","c_HomeTeamNatioShort":"NED","n_AwayTeamID":6,"c_AwayTeam":"FC Groningen","c_AwayTeamShort":"GRO","n_AwayTeamNatioGeoID":2201,"c_AwayTeamNatio":"Nederland","c_AwayTeamNatioShort":"NED","n_StadiumGeoID":5067,"c_Stadium":"Philips Stadion","n_CityGeoID":4001,"c_City":"Eindhoven","n_CountryGeoID":2201,"c_Country":"Netherlands","c_CountryShort":"NED","c_Score":"1-1 (1-0) ","c_ScoreSuffix":null,"n_HomeGoals":1,"n_AwayGoals":1,"n_HomeGoalsHalftime":1,"n_AwayGoalsHalftime":0,"n_HomeGoals90mins":null,"n_AwayGoals90mins":null,"n_HomeGoals105mins":null,"n_AwayGoals105mins":null,"n_HomeGoalsShootout":null,"n_AwayGoalsShootout":null,"n_MatchStatusCode":192,"c_MatchStatus":"Full time","c_MatchStatusShort":"FT","n_RefereeID":22097,"c_Referee":"Jan Keizer","n_RefereeNatioGeoID":2201,"c_RefereeNatio":"Netherlands","c_RefereeNatioShort":"NED","n_Spectators":17000,"n_KnockoutPhaseID":null,"n_Leg":null,"c_ScoreFirstLeg":null,"n_WinnerOnAggregateTeamID":null},{"n_CompetitionID":2,"n_CompetitionLevel":1,"c_Competition":"Eredivisie","c_CompetitionShort":"Ere","n_CompetitionNatioGeoID":2201,"c_CompetitionNatio":"Netherlands","c_CompetitionNatioShort":"NED","n_EditionID":12,"c_Season":"1983\/1984","n_MatchID":3667,"d_Date":"\/Date(450741600000+0200)\/","d_DateLocal":"\/Date(450741600000+0200)\/","d_DateUTC":"\/Date(450741600000+0200)\/","n_RoundNr":29,"n_PhaseID":13,"n_PhaseLevel":1,"c_Phase":"Regular","c_PhaseShort":null,"n_HomeTeamID":11,"c_HomeTeam":"PSV","c_HomeTeamShort":"PSV","n_HomeTeamNatioGeoID":2201,"c_HomeTeamNatio":"Nederland","c_HomeTeamNatioShort":"NED","n_AwayTeamID":6,"c_AwayTeam":"FC Groningen","c_AwayTeamShort":"GRO","n_AwayTeamNatioGeoID":2201,"c_AwayTeamNatio":"Nederland","c_AwayTeamNatioShort":"NED","n_StadiumGeoID":5067,"c_Stadium":"Philips Stadion","n_CityGeoID":4001,"c_City":"Eindhoven","n_CountryGeoID":2201,"c_Country":"Netherlands","c_CountryShort":"NED","c_Score":"3-1 (1-1) ","c_ScoreSuffix":null,"n_HomeGoals":3,"n_AwayGoals":1,"n_HomeGoalsHalftime":1,"n_AwayGoalsHalftime":1,"n_HomeGoals90mins":null,"n_AwayGoals90mins":null,"n_HomeGoals105mins":null,"n_AwayGoals105mins":null,"n_HomeGoalsShootout":null,"n_AwayGoalsShootout":null,"n_MatchStatusCode":192,"c_MatchStatus":"Full time","c_MatchStatusShort":"FT","n_RefereeID":22088,"c_Referee":"Jan Hobé","n_RefereeNatioGeoID":2201,"c_RefereeNatio":"Netherlands","c_RefereeNatioShort":"NED","n_Spectators":16000,"n_KnockoutPhaseID":null,"n_Leg":null,"c_ScoreFirstLeg":null,"n_WinnerOnAggregateTeamID":null},{"n_CompetitionID":2,"n_CompetitionLevel":1,"c_Competition":"Eredivisie","c_CompetitionShort":"Ere","n_CompetitionNatioGeoID":2201,"c_CompetitionNatio":"Netherlands","c_CompetitionNatioShort":"NED","n_EditionID":13,"c_Season":"1982\/1983","n_MatchID":4002,"d_Date":"\/Date(418687200000+0200)\/","d_DateLocal":"\/Date(418687200000+0200)\/","d_DateUTC":"\/Date(418687200000+0200)\/","n_RoundNr":29,"n_PhaseID":14,"n_PhaseLevel":1,"c_Phase":"Regular","c_PhaseShort":null,"n_HomeTeamID":11,"c_HomeTeam":"PSV","c_HomeTeamShort":"PSV","n_HomeTeamNatioGeoID":2201,"c_HomeTeamNatio":"Nederland","c_HomeTeamNatioShort":"NED","n_AwayTeamID":6,"c_AwayTeam":"FC Groningen","c_AwayTeamShort":"GRO","n_AwayTeamNatioGeoID":2201,"c_AwayTeamNatio":"Nederland","c_AwayTeamNatioShort":"NED","n_StadiumGeoID":5067,"c_Stadium":"Philips Stadion","n_CityGeoID":4001,"c_City":"Eindhoven","n_CountryGeoID":2201,"c_Country":"Netherlands","c_CountryShort":"NED","c_Score":"6-0 (2-0) ","c_ScoreSuffix":null,"n_HomeGoals":6,"n_AwayGoals":0,"n_HomeGoalsHalftime":2,"n_AwayGoalsHalftime":0,"n_HomeGoals90mins":null,"n_AwayGoals90mins":null,"n_HomeGoals105mins":null,"n_AwayGoals105mins":null,"n_HomeGoalsShootout":null,"n_AwayGoalsShootout":null,"n_MatchStatusCode":192,"c_MatchStatus":"Full time","c_MatchStatusShort":"FT","n_RefereeID":22033,"c_Referee":"Cees Bakker","n_RefereeNatioGeoID":2201,"c_RefereeNatio":"Netherlands","c_RefereeNatioShort":"NED","n_Spectators":16000,"n_KnockoutPhaseID":null,"n_Leg":null,"c_ScoreFirstLeg":null,"n_WinnerOnAggregateTeamID":null},{"n_CompetitionID":2,"n_CompetitionLevel":1,"c_Competition":"Eredivisie","c_CompetitionShort":"Ere","n_CompetitionNatioGeoID":2201,"c_CompetitionNatio":"Netherlands","c_CompetitionNatioShort":"NED","n_EditionID":14,"c_Season":"1981\/1982","n_MatchID":11873,"d_Date":"\/Date(374281200000+0100)\/","d_DateLocal":"\/Date(374281200000+0100)\/","d_DateUTC":"\/Date(374281200000+0100)\/","n_RoundNr":13,"n_PhaseID":15,"n_PhaseLevel":1,"c_Phase":"Regular","c_PhaseShort":null,"n_HomeTeamID":11,"c_HomeTeam":"PSV","c_HomeTeamShort":"PSV","n_HomeTeamNatioGeoID":2201,"c_HomeTeamNatio":"Nederland","c_HomeTeamNatioShort":"NED","n_AwayTeamID":6,"c_AwayTeam":"FC Groningen","c_AwayTeamShort":"GRO","n_AwayTeamNatioGeoID":2201,"c_AwayTeamNatio":"Nederland","c_AwayTeamNatioShort":"NED","n_StadiumGeoID":5067,"c_Stadium":"Philips Stadion","n_CityGeoID":4001,"c_City":"Eindhoven","n_CountryGeoID":2201,"c_Country":"Netherlands","c_CountryShort":"NED","c_Score":"2-0 (0-0) ","c_ScoreSuffix":null,"n_HomeGoals":2,"n_AwayGoals":0,"n_HomeGoalsHalftime":0,"n_AwayGoalsHalftime":0,"n_HomeGoals90mins":null,"n_AwayGoals90mins":null,"n_HomeGoals105mins":null,"n_AwayGoals105mins":null,"n_HomeGoalsShootout":null,"n_AwayGoalsShootout":null,"n_MatchStatusCode":192,"c_MatchStatus":"Full time","c_MatchStatusShort":"FT","n_RefereeID":22097,"c_Referee":"Jan Keizer","n_RefereeNatioGeoID":2201,"c_RefereeNatio":"Netherlands","c_RefereeNatioShort":"NED","n_Spectators":15000,"n_KnockoutPhaseID":null,"n_Leg":null,"c_ScoreFirstLeg":null,"n_WinnerOnAggregateTeamID":null},{"n_CompetitionID":2,"n_CompetitionLevel":1,"c_Competition":"Eredivisie","c_CompetitionShort":"Ere","n_CompetitionNatioGeoID":2201,"c_CompetitionNatio":"Netherlands","c_CompetitionNatioShort":"NED","n_EditionID":15,"c_Season":"1980\/1981","n_MatchID":10939,"d_Date":"\/Date(346114800000+0100)\/","d_DateLocal":"\/Date(346114800000+0100)\/","d_DateUTC":"\/Date(346114800000+0100)\/","n_RoundNr":17,"n_PhaseID":16,"n_PhaseLevel":1,"c_Phase":"Regular","c_PhaseShort":null,"n_HomeTeamID":11,"c_HomeTeam":"PSV","c_HomeTeamShort":"PSV","n_HomeTeamNatioGeoID":2201,"c_HomeTeamNatio":"Nederland","c_HomeTeamNatioShort":"NED","n_AwayTeamID":6,"c_AwayTeam":"FC Groningen","c_AwayTeamShort":"GRO","n_AwayTeamNatioGeoID":2201,"c_AwayTeamNatio":"Nederland","c_AwayTeamNatioShort":"NED","n_StadiumGeoID":5067,"c_Stadium":"Philips Stadion","n_CityGeoID":4001,"c_City":"Eindhoven","n_CountryGeoID":2201,"c_Country":"Netherlands","c_CountryShort":"NED","c_Score":"5-0 (2-0) ","c_ScoreSuffix":null,"n_HomeGoals":5,"n_AwayGoals":0,"n_HomeGoalsHalftime":2,"n_AwayGoalsHalftime":0,"n_HomeGoals90mins":null,"n_AwayGoals90mins":null,"n_HomeGoals105mins":null,"n_AwayGoals105mins":null,"n_HomeGoalsShootout":null,"n_AwayGoalsShootout":null,"n_MatchStatusCode":192,"c_MatchStatus":"Full time","c_MatchStatusShort":"FT","n_RefereeID":22096,"c_Referee":"Chris van der Laar","n_RefereeNatioGeoID":2201,"c_RefereeNatio":"Netherlands","c_RefereeNatioShort":"NED","n_Spectators":16000,"n_KnockoutPhaseID":null,"n_Leg":null,"c_ScoreFirstLeg":null,"n_WinnerOnAggregateTeamID":null},{"n_CompetitionID":2,"n_CompetitionLevel":1,"c_Competition":"Eredivisie","c_CompetitionShort":"Ere","n_CompetitionNatioGeoID":2201,"c_CompetitionNatio":"Netherlands","c_CompetitionNatioShort":"NED","n_EditionID":22,"c_Season":"1973\/1974","n_MatchID":6453,"d_Date":"\/Date(125362800000+0100)\/","d_DateLocal":"\/Date(125362800000+0100)\/","d_DateUTC":"\/Date(125362800000+0100)\/","n_RoundNr":null,"n_PhaseID":23,"n_PhaseLevel":1,"c_Phase":"Regular","c_PhaseShort":null,"n_HomeTeamID":11,"c_HomeTeam":"PSV","c_HomeTeamShort":"PSV","n_HomeTeamNatioGeoID":2201,"c_HomeTeamNatio":"Nederland","c_HomeTeamNatioShort":"NED","n_AwayTeamID":6,"c_AwayTeam":"FC Groningen","c_AwayTeamShort":"GRO","n_AwayTeamNatioGeoID":2201,"c_AwayTeamNatio":"Nederland","c_AwayTeamNatioShort":"NED","n_StadiumGeoID":5066,"c_Stadium":"Philips Sportpark","n_CityGeoID":4001,"c_City":"Eindhoven","n_CountryGeoID":2201,"c_Country":"Netherlands","c_CountryShort":"NED","c_Score":"4-0 ","c_ScoreSuffix":null,"n_HomeGoals":4,"n_AwayGoals":0,"n_HomeGoalsHalftime":null,"n_AwayGoalsHalftime":null,"n_HomeGoals90mins":null,"n_AwayGoals90mins":null,"n_HomeGoals105mins":null,"n_AwayGoals105mins":null,"n_HomeGoalsShootout":null,"n_AwayGoalsShootout":null,"n_MatchStatusCode":128,"c_MatchStatus":"Full time","c_MatchStatusShort":"FT","n_RefereeID":550922,"c_Referee":"Joop Vervoort","n_RefereeNatioGeoID":2201,"c_RefereeNatio":"Netherlands","c_RefereeNatioShort":"NED","n_Spectators":0,"n_KnockoutPhaseID":null,"n_Leg":null,"c_ScoreFirstLeg":null,"n_WinnerOnAggregateTeamID":null},{"n_CompetitionID":2,"n_CompetitionLevel":1,"c_Competition":"Eredivisie","c_CompetitionShort":"Ere","n_CompetitionNatioGeoID":2201,"c_CompetitionNatio":"Netherlands","c_CompetitionNatioShort":"NED","n_EditionID":23,"c_Season":"1972\/1973","n_MatchID":6777,"d_Date":"\/Date(95814000000+0100)\/","d_DateLocal":"\/Date(95814000000+0100)\/","d_DateUTC":"\/Date(95814000000+0100)\/","n_RoundNr":null,"n_PhaseID":24,"n_PhaseLevel":1,"c_Phase":"Regular","c_PhaseShort":null,"n_HomeTeamID":11,"c_HomeTeam":"PSV","c_HomeTeamShort":"PSV","n_HomeTeamNatioGeoID":2201,"c_HomeTeamNatio":"Nederland","c_HomeTeamNatioShort":"NED","n_AwayTeamID":6,"c_AwayTeam":"FC Groningen","c_AwayTeamShort":"GRO","n_AwayTeamNatioGeoID":2201,"c_AwayTeamNatio":"Nederland","c_AwayTeamNatioShort":"NED","n_StadiumGeoID":5066,"c_Stadium":"Philips Sportpark","n_CityGeoID":4001,"c_City":"Eindhoven","n_CountryGeoID":2201,"c_Country":"Netherlands","c_CountryShort":"NED","c_Score":"0-0 ","c_ScoreSuffix":null,"n_HomeGoals":0,"n_AwayGoals":0,"n_HomeGoalsHalftime":null,"n_AwayGoalsHalftime":null,"n_HomeGoals90mins":null,"n_AwayGoals90mins":null,"n_HomeGoals105mins":null,"n_AwayGoals105mins":null,"n_HomeGoalsShootout":null,"n_AwayGoalsShootout":null,"n_MatchStatusCode":128,"c_MatchStatus":"Full time","c_MatchStatusShort":"FT","n_RefereeID":22135,"c_Referee":"Jan Beck","n_RefereeNatioGeoID":2201,"c_RefereeNatio":"Netherlands","c_RefereeNatioShort":"NED","n_Spectators":0,"n_KnockoutPhaseID":null,"n_Leg":null,"c_ScoreFirstLeg":null,"n_WinnerOnAggregateTeamID":null},{"n_CompetitionID":2,"n_CompetitionLevel":1,"c_Competition":"Eredivisie","c_CompetitionShort":"Ere","n_CompetitionNatioGeoID":2201,"c_CompetitionNatio":"Netherlands","c_CompetitionNatioShort":"NED","n_EditionID":24,"c_Season":"1971\/1972","n_MatchID":7048,"d_Date":"\/Date(72223200000+0200)\/","d_DateLocal":"\/Date(72223200000+0200)\/","d_DateUTC":"\/Date(72223200000+0200)\/","n_RoundNr":null,"n_PhaseID":25,"n_PhaseLevel":1,"c_Phase":"Regular","c_PhaseShort":null,"n_HomeTeamID":11,"c_HomeTeam":"PSV","c_HomeTeamShort":"PSV","n_HomeTeamNatioGeoID":2201,"c_HomeTeamNatio":"Nederland","c_HomeTeamNatioShort":"NED","n_AwayTeamID":6,"c_AwayTeam":"FC Groningen","c_AwayTeamShort":"GRO","n_AwayTeamNatioGeoID":2201,"c_AwayTeamNatio":"Nederland","c_AwayTeamNatioShort":"NED","n_StadiumGeoID":5066,"c_Stadium":"Philips Sportpark","n_CityGeoID":4001,"c_City":"Eindhoven","n_CountryGeoID":2201,"c_Country":"Netherlands","c_CountryShort":"NED","c_Score":"2-1 ","c_ScoreSuffix":null,"n_HomeGoals":2,"n_AwayGoals":1,"n_HomeGoalsHalftime":null,"n_AwayGoalsHalftime":null,"n_HomeGoals90mins":null,"n_AwayGoals90mins":null,"n_HomeGoals105mins":null,"n_AwayGoals105mins":null,"n_HomeGoalsShootout":null,"n_AwayGoalsShootout":null,"n_MatchStatusCode":128,"c_MatchStatus":"Full time","c_MatchStatusShort":"FT","n_RefereeID":0,"c_Referee":null,"n_RefereeNatioGeoID":0,"c_RefereeNatio":null,"c_RefereeNatioShort":null,"n_Spectators":0,"n_KnockoutPhaseID":null,"n_Leg":null,"c_ScoreFirstLeg":null,"n_WinnerOnAggregateTeamID":null}]