﻿[{"n_ActionID":12077127,"n_ActionCode":0,"n_ActionCode2":1024,"n_ActionCode3":0,"n_ActionSet":16,"n_ActionSort":1,"c_Action":"Aftrap","c_ActionShort":"Begin","n_PeriodSort":2,"c_Period":"Eerste helft","c_PeriodShort":"1H","n_ActionTime":0,"n_HomeGoals":0,"n_AwayGoals":0,"n_HomeOrAway":-1,"n_TeamID":9,"c_Team":"NAC Breda","c_TeamShort":"NAC","n_PersonID":0,"c_Person":"","c_PersonSort":"","c_PersonShort":"","n_PersonNatioGeoID":0,"c_PersonNatio":null,"c_PersonNatioShort":null,"n_TeamNatioGeoID":2201,"c_TeamNatio":"Nederland","c_TeamNatioShort":"NED","n_ActionReasonID":0,"c_ActionReason":null,"c_ActionInfo":null,"n_SubPersonID":null,"c_SubPerson":"","c_SubPersonShort":"","c_ActionMinute":"0'"},{"n_ActionID":12077130,"n_ActionCode":2097152,"n_ActionCode2":0,"n_ActionCode3":0,"n_ActionSet":12,"n_ActionSort":2,"c_Action":"Overtreding","c_ActionShort":"OB","n_PeriodSort":2,"c_Period":"Eerste helft","c_PeriodShort":"1H","n_ActionTime":29000,"n_HomeGoals":0,"n_AwayGoals":0,"n_HomeOrAway":-1,"n_TeamID":9,"c_Team":"NAC Breda","c_TeamShort":"NAC","n_PersonID":927449,"c_Person":"Adnane Tighadouini","c_PersonSort":"Tighadouini, Adnane","c_PersonShort":"Tighadouini","n_PersonNatioGeoID":2201,"c_PersonNatio":"Nederland","c_PersonNatioShort":"NED","n_TeamNatioGeoID":2201,"c_TeamNatio":"Nederland","c_TeamNatioShort":"NED","n_ActionReasonID":0,"c_ActionReason":null,"c_ActionInfo":null,"n_SubPersonID":857345,"c_SubPerson":"Santiago Arias","c_SubPersonShort":"Arias","c_ActionMinute":"1'"},{"n_ActionID":12077131,"n_ActionCode":1024,"n_ActionCode2":0,"n_ActionCode3":2,"n_ActionSet":12,"n_ActionSort":3,"c_Action":"Vrije trap","c_ActionShort":"VT","n_PeriodSort":2,"c_Period":"Eerste helft","c_PeriodShort":"1H","n_ActionTime":40000,"n_HomeGoals":0,"n_AwayGoals":0,"n_HomeOrAway":1,"n_TeamID":11,"c_Team":"PSV","c_TeamShort":"PSV","n_PersonID":857345,"c_Person":"Santiago Arias","c_PersonSort":"Arias, Santiago","c_PersonShort":"Arias","n_PersonNatioGeoID":2226,"c_PersonNatio":"Colombia","c_PersonNatioShort":"COL","n_TeamNatioGeoID":2201,"c_TeamNatio":"Nederland","c_TeamNatioShort":"NED","n_ActionReasonID":0,"c_ActionReason":null,"c_ActionInfo":"Rechtervoet","n_SubPersonID":null,"c_SubPerson":"","c_SubPersonShort":"","c_ActionMinute":"1'"},{"n_ActionID":12077138,"n_ActionCode":1048576,"n_ActionCode2":0,"n_ActionCode3":134217730,"n_ActionSet":12,"n_ActionSort":4,"c_Action":"Schot op doel","c_ActionShort":"SD","n_PeriodSort":2,"c_Period":"Eerste helft","c_PeriodShort":"1H","n_ActionTime":77000,"n_HomeGoals":0,"n_AwayGoals":0,"n_HomeOrAway":-1,"n_TeamID":9,"c_Team":"NAC Breda","c_TeamShort":"NAC","n_PersonID":1204759,"c_Person":"Kingsley Boateng","c_PersonSort":"Boateng, Kingsley","c_PersonShort":"Boateng","n_PersonNatioGeoID":2210,"c_PersonNatio":"Italië","c_PersonNatioShort":"ITA","n_TeamNatioGeoID":2201,"c_TeamNatio":"Nederland","c_TeamNatioShort":"NED","n_ActionReasonID":0,"c_ActionReason":null,"c_ActionInfo":"Rechtervoet","n_SubPersonID":null,"c_SubPerson":"","c_SubPersonShort":"","c_ActionMinute":"2'"},{"n_ActionID":12077140,"n_ActionCode":256,"n_ActionCode2":0,"n_ActionCode3":0,"n_ActionSet":12,"n_ActionSort":5,"c_Action":"Redding keeper","c_ActionShort":"RG","n_PeriodSort":2,"c_Period":"Eerste helft","c_PeriodShort":"1H","n_ActionTime":85000,"n_HomeGoals":0,"n_AwayGoals":0,"n_HomeOrAway":1,"n_TeamID":11,"c_Team":"PSV","c_TeamShort":"PSV","n_PersonID":740537,"c_Person":"Jeroen Zoet","c_PersonSort":"Zoet, Jeroen","c_PersonShort":"Zoet","n_PersonNatioGeoID":2201,"c_PersonNatio":"Nederland","c_PersonNatioShort":"NED","n_TeamNatioGeoID":2201,"c_TeamNatio":"Nederland","c_TeamNatioShort":"NED","n_ActionReasonID":128,"c_ActionReason":null,"c_ActionInfo":null,"n_SubPersonID":null,"c_SubPerson":"","c_SubPersonShort":"","c_ActionMinute":"2'"},{"n_ActionID":12077160,"n_ActionCode":512,"n_ActionCode2":16777216,"n_ActionCode3":2,"n_ActionSet":12,"n_ActionSort":6,"c_Action":"Hoekschop","c_ActionShort":"HS","n_PeriodSort":2,"c_Period":"Eerste helft","c_PeriodShort":"1H","n_ActionTime":207000,"n_HomeGoals":0,"n_AwayGoals":0,"n_HomeOrAway":1,"n_TeamID":11,"c_Team":"PSV","c_TeamShort":"PSV","n_PersonID":868287,"c_Person":"Adam Maher","c_PersonSort":"Maher, Adam","c_PersonShort":"Maher","n_PersonNatioGeoID":2201,"c_PersonNatio":"Nederland","c_PersonNatioShort":"NED","n_TeamNatioGeoID":2201,"c_TeamNatio":"Nederland","c_TeamNatioShort":"NED","n_ActionReasonID":0,"c_ActionReason":null,"c_ActionInfo":"Rechtervoet","n_SubPersonID":null,"c_SubPerson":"","c_SubPersonShort":"","c_ActionMinute":"4'"},{"n_ActionID":12077161,"n_ActionCode":65536,"n_ActionCode2":0,"n_ActionCode3":2,"n_ActionSet":12,"n_ActionSort":7,"c_Action":"Schot naast","c_ActionShort":"SN","n_PeriodSort":2,"c_Period":"Eerste helft","c_PeriodShort":"1H","n_ActionTime":212000,"n_HomeGoals":0,"n_AwayGoals":0,"n_HomeOrAway":1,"n_TeamID":11,"c_Team":"PSV","c_TeamShort":"PSV","n_PersonID":970679,"c_Person":"Memphis Depay","c_PersonSort":"Depay, Memphis","c_PersonShort":"Depay","n_PersonNatioGeoID":2201,"c_PersonNatio":"Nederland","c_PersonNatioShort":"NED","n_TeamNatioGeoID":2201,"c_TeamNatio":"Nederland","c_TeamNatioShort":"NED","n_ActionReasonID":0,"c_ActionReason":null,"c_ActionInfo":"Rechtervoet","n_SubPersonID":null,"c_SubPerson":"","c_SubPersonShort":"","c_ActionMinute":"4'"},{"n_ActionID":12077162,"n_ActionCode":16777216,"n_ActionCode2":134217728,"n_ActionCode3":0,"n_ActionSet":15,"n_ActionSort":8,"c_Action":"Doeltrap","c_ActionShort":"DT","n_PeriodSort":2,"c_Period":"Eerste helft","c_PeriodShort":"1H","n_ActionTime":231000,"n_HomeGoals":0,"n_AwayGoals":0,"n_HomeOrAway":-1,"n_TeamID":9,"c_Team":"NAC Breda","c_TeamShort":"NAC","n_PersonID":92605,"c_Person":"Jelle ten Rouwelaar","c_PersonSort":"Ten Rouwelaar, Jelle","c_PersonShort":"ten Rouwelaar","n_PersonNatioGeoID":2201,"c_PersonNatio":"Nederland","c_PersonNatioShort":"NED","n_TeamNatioGeoID":2201,"c_TeamNatio":"Nederland","c_TeamNatioShort":"NED","n_ActionReasonID":0,"c_ActionReason":null,"c_ActionInfo":null,"n_SubPersonID":null,"c_SubPerson":"","c_SubPersonShort":"","c_ActionMinute":"4'"},{"n_ActionID":12077175,"n_ActionCode":512,"n_ActionCode2":8388608,"n_ActionCode3":1,"n_ActionSet":12,"n_ActionSort":9,"c_Action":"Hoekschop","c_ActionShort":"HS","n_PeriodSort":2,"c_Period":"Eerste helft","c_PeriodShort":"1H","n_ActionTime":273000,"n_HomeGoals":0,"n_AwayGoals":0,"n_HomeOrAway":-1,"n_TeamID":9,"c_Team":"NAC Breda","c_TeamShort":"NAC","n_PersonID":792663,"c_Person":"Uros Matic","c_PersonSort":"Matic, Uros","c_PersonShort":"Matic","n_PersonNatioGeoID":6944,"c_PersonNatio":"Servië","c_PersonNatioShort":"SER","n_TeamNatioGeoID":2201,"c_TeamNatio":"Nederland","c_TeamNatioShort":"NED","n_ActionReasonID":0,"c_ActionReason":null,"c_ActionInfo":"Linkervoet","n_SubPersonID":null,"c_SubPerson":"","c_SubPersonShort":"","c_ActionMinute":"5'"},{"n_ActionID":12077178,"n_ActionCode":2097152,"n_ActionCode2":0,"n_ActionCode3":0,"n_ActionSet":12,"n_ActionSort":10,"c_Action":"Overtreding","c_ActionShort":"OB","n_PeriodSort":2,"c_Period":"Eerste helft","c_PeriodShort":"1H","n_ActionTime":297000,"n_HomeGoals":0,"n_AwayGoals":0,"n_HomeOrAway":-1,"n_TeamID":9,"c_Team":"NAC Breda","c_TeamShort":"NAC","n_PersonID":792663,"c_Person":"Uros Matic","c_PersonSort":"Matic, Uros","c_PersonShort":"Matic","n_PersonNatioGeoID":6944,"c_PersonNatio":"Servië","c_PersonNatioShort":"SER","n_TeamNatioGeoID":2201,"c_TeamNatio":"Nederland","c_TeamNatioShort":"NED","n_ActionReasonID":0,"c_ActionReason":null,"c_ActionInfo":null,"n_SubPersonID":970679,"c_SubPerson":"Memphis Depay","c_SubPersonShort":"Depay","c_ActionMinute":"5'"},{"n_ActionID":12077179,"n_ActionCode":1024,"n_ActionCode2":0,"n_ActionCode3":2,"n_ActionSet":12,"n_ActionSort":11,"c_Action":"Vrije trap","c_ActionShort":"VT","n_PeriodSort":2,"c_Period":"Eerste helft","c_PeriodShort":"1H","n_ActionTime":322000,"n_HomeGoals":0,"n_AwayGoals":0,"n_HomeOrAway":1,"n_TeamID":11,"c_Team":"PSV","c_TeamShort":"PSV","n_PersonID":740537,"c_Person":"Jeroen Zoet","c_PersonSort":"Zoet, Jeroen","c_PersonShort":"Zoet","n_PersonNatioGeoID":2201,"c_PersonNatio":"Nederland","c_PersonNatioShort":"NED","n_TeamNatioGeoID":2201,"c_TeamNatio":"Nederland","c_TeamNatioShort":"NED","n_ActionReasonID":0,"c_ActionReason":null,"c_ActionInfo":"Rechtervoet","n_SubPersonID":null,"c_SubPerson":"","c_SubPersonShort":"","c_ActionMinute":"6'"},{"n_ActionID":12077182,"n_ActionCode":512,"n_ActionCode2":16777216,"n_ActionCode3":2,"n_ActionSet":12,"n_ActionSort":12,"c_Action":"Hoekschop","c_ActionShort":"HS","n_PeriodSort":2,"c_Period":"Eerste helft","c_PeriodShort":"1H","n_ActionTime":378000,"n_HomeGoals":0,"n_AwayGoals":0,"n_HomeOrAway":1,"n_TeamID":11,"c_Team":"PSV","c_TeamShort":"PSV","n_PersonID":868287,"c_Person":"Adam Maher","c_PersonSort":"Maher, Adam","c_PersonShort":"Maher","n_PersonNatioGeoID":2201,"c_PersonNatio":"Nederland","c_PersonNatioShort":"NED","n_TeamNatioGeoID":2201,"c_TeamNatio":"Nederland","c_TeamNatioShort":"NED","n_ActionReasonID":0,"c_ActionReason":null,"c_ActionInfo":"Rechtervoet","n_SubPersonID":null,"c_SubPerson":"","c_SubPersonShort":"","c_ActionMinute":"7'"},{"n_ActionID":12077183,"n_ActionCode":65536,"n_ActionCode2":0,"n_ActionCode3":4,"n_ActionSet":12,"n_ActionSort":13,"c_Action":"Schot naast","c_ActionShort":"SN","n_PeriodSort":2,"c_Period":"Eerste helft","c_PeriodShort":"1H","n_ActionTime":386000,"n_HomeGoals":0,"n_AwayGoals":0,"n_HomeOrAway":1,"n_TeamID":11,"c_Team":"PSV","c_TeamShort":"PSV","n_PersonID":802770,"c_Person":"Jeffrey Bruma","c_PersonSort":"Bruma, Jeffrey","c_PersonShort":"Bruma","n_PersonNatioGeoID":2201,"c_PersonNatio":"Nederland","c_PersonNatioShort":"NED","n_TeamNatioGeoID":2201,"c_TeamNatio":"Nederland","c_TeamNatioShort":"NED","n_ActionReasonID":0,"c_ActionReason":null,"c_ActionInfo":"Kopbal","n_SubPersonID":null,"c_SubPerson":"","c_SubPersonShort":"","c_ActionMinute":"7'"},{"n_ActionID":12077186,"n_ActionCode":16777216,"n_ActionCode2":134217728,"n_ActionCode3":0,"n_ActionSet":15,"n_ActionSort":14,"c_Action":"Doeltrap","c_ActionShort":"DT","n_PeriodSort":2,"c_Period":"Eerste helft","c_PeriodShort":"1H","n_ActionTime":403000,"n_HomeGoals":0,"n_AwayGoals":0,"n_HomeOrAway":-1,"n_TeamID":9,"c_Team":"NAC Breda","c_TeamShort":"NAC","n_PersonID":92605,"c_Person":"Jelle ten Rouwelaar","c_PersonSort":"Ten Rouwelaar, Jelle","c_PersonShort":"ten Rouwelaar","n_PersonNatioGeoID":2201,"c_PersonNatio":"Nederland","c_PersonNatioShort":"NED","n_TeamNatioGeoID":2201,"c_TeamNatio":"Nederland","c_TeamNatioShort":"NED","n_ActionReasonID":0,"c_ActionReason":null,"c_ActionInfo":null,"n_SubPersonID":null,"c_SubPerson":"","c_SubPersonShort":"","c_ActionMinute":"7'"},{"n_ActionID":12077193,"n_ActionCode":65536,"n_ActionCode2":0,"n_ActionCode3":2,"n_ActionSet":12,"n_ActionSort":15,"c_Action":"Schot naast","c_ActionShort":"SN","n_PeriodSort":2,"c_Period":"Eerste helft","c_PeriodShort":"1H","n_ActionTime":427000,"n_HomeGoals":0,"n_AwayGoals":0,"n_HomeOrAway":-1,"n_TeamID":9,"c_Team":"NAC Breda","c_TeamShort":"NAC","n_PersonID":927449,"c_Person":"Adnane Tighadouini","c_PersonSort":"Tighadouini, Adnane","c_PersonShort":"Tighadouini","n_PersonNatioGeoID":2201,"c_PersonNatio":"Nederland","c_PersonNatioShort":"NED","n_TeamNatioGeoID":2201,"c_TeamNatio":"Nederland","c_TeamNatioShort":"NED","n_ActionReasonID":0,"c_ActionReason":null,"c_ActionInfo":"Rechtervoet","n_SubPersonID":null,"c_SubPerson":"","c_SubPersonShort":"","c_ActionMinute":"8'"},{"n_ActionID":12077197,"n_ActionCode":16777216,"n_ActionCode2":268435456,"n_ActionCode3":0,"n_ActionSet":15,"n_ActionSort":16,"c_Action":"Doeltrap","c_ActionShort":"DT","n_PeriodSort":2,"c_Period":"Eerste helft","c_PeriodShort":"1H","n_ActionTime":505000,"n_HomeGoals":0,"n_AwayGoals":0,"n_HomeOrAway":1,"n_TeamID":11,"c_Team":"PSV","c_TeamShort":"PSV","n_PersonID":740537,"c_Person":"Jeroen Zoet","c_PersonSort":"Zoet, Jeroen","c_PersonShort":"Zoet","n_PersonNatioGeoID":2201,"c_PersonNatio":"Nederland","c_PersonNatioShort":"NED","n_TeamNatioGeoID":2201,"c_TeamNatio":"Nederland","c_TeamNatioShort":"NED","n_ActionReasonID":0,"c_ActionReason":null,"c_ActionInfo":null,"n_SubPersonID":null,"c_SubPerson":"","c_SubPersonShort":"","c_ActionMinute":"9'"},{"n_ActionID":12077200,"n_ActionCode":65536,"n_ActionCode2":0,"n_ActionCode3":2,"n_ActionSet":12,"n_ActionSort":17,"c_Action":"Schot naast","c_ActionShort":"SN","n_PeriodSort":2,"c_Period":"Eerste helft","c_PeriodShort":"1H","n_ActionTime":529000,"n_HomeGoals":0,"n_AwayGoals":0,"n_HomeOrAway":1,"n_TeamID":11,"c_Team":"PSV","c_TeamShort":"PSV","n_PersonID":970679,"c_Person":"Memphis Depay","c_PersonSort":"Depay, Memphis","c_PersonShort":"Depay","n_PersonNatioGeoID":2201,"c_PersonNatio":"Nederland","c_PersonNatioShort":"NED","n_TeamNatioGeoID":2201,"c_TeamNatio":"Nederland","c_TeamNatioShort":"NED","n_ActionReasonID":0,"c_ActionReason":null,"c_ActionInfo":"Rechtervoet","n_SubPersonID":null,"c_SubPerson":"","c_SubPersonShort":"","c_ActionMinute":"9'"},{"n_ActionID":12077203,"n_ActionCode":16777216,"n_ActionCode2":134217728,"n_ActionCode3":0,"n_ActionSet":15,"n_ActionSort":18,"c_Action":"Doeltrap","c_ActionShort":"DT","n_PeriodSort":2,"c_Period":"Eerste helft","c_PeriodShort":"1H","n_ActionTime":556000,"n_HomeGoals":0,"n_AwayGoals":0,"n_HomeOrAway":-1,"n_TeamID":9,"c_Team":"NAC Breda","c_TeamShort":"NAC","n_PersonID":92605,"c_Person":"Jelle ten Rouwelaar","c_PersonSort":"Ten Rouwelaar, Jelle","c_PersonShort":"ten Rouwelaar","n_PersonNatioGeoID":2201,"c_PersonNatio":"Nederland","c_PersonNatioShort":"NED","n_TeamNatioGeoID":2201,"c_TeamNatio":"Nederland","c_TeamNatioShort":"NED","n_ActionReasonID":0,"c_ActionReason":null,"c_ActionInfo":null,"n_SubPersonID":null,"c_SubPerson":"","c_SubPersonShort":"","c_ActionMinute":"10'"},{"n_ActionID":12077210,"n_ActionCode":16777216,"n_ActionCode2":268435456,"n_ActionCode3":0,"n_ActionSet":15,"n_ActionSort":19,"c_Action":"Doeltrap","c_ActionShort":"DT","n_PeriodSort":2,"c_Period":"Eerste helft","c_PeriodShort":"1H","n_ActionTime":610000,"n_HomeGoals":0,"n_AwayGoals":0,"n_HomeOrAway":1,"n_TeamID":11,"c_Team":"PSV","c_TeamShort":"PSV","n_PersonID":740537,"c_Person":"Jeroen Zoet","c_PersonSort":"Zoet, Jeroen","c_PersonShort":"Zoet","n_PersonNatioGeoID":2201,"c_PersonNatio":"Nederland","c_PersonNatioShort":"NED","n_TeamNatioGeoID":2201,"c_TeamNatio":"Nederland","c_TeamNatioShort":"NED","n_ActionReasonID":0,"c_ActionReason":null,"c_ActionInfo":null,"n_SubPersonID":null,"c_SubPerson":"","c_SubPersonShort":"","c_ActionMinute":"11'"},{"n_ActionID":12077217,"n_ActionCode":16777216,"n_ActionCode2":134217728,"n_ActionCode3":0,"n_ActionSet":15,"n_ActionSort":20,"c_Action":"Doeltrap","c_ActionShort":"DT","n_PeriodSort":2,"c_Period":"Eerste helft","c_PeriodShort":"1H","n_ActionTime":718000,"n_HomeGoals":0,"n_AwayGoals":0,"n_HomeOrAway":-1,"n_TeamID":9,"c_Team":"NAC Breda","c_TeamShort":"NAC","n_PersonID":92605,"c_Person":"Jelle ten Rouwelaar","c_PersonSort":"Ten Rouwelaar, Jelle","c_PersonShort":"ten Rouwelaar","n_PersonNatioGeoID":2201,"c_PersonNatio":"Nederland","c_PersonNatioShort":"NED","n_TeamNatioGeoID":2201,"c_TeamNatio":"Nederland","c_TeamNatioShort":"NED","n_ActionReasonID":0,"c_ActionReason":null,"c_ActionInfo":null,"n_SubPersonID":null,"c_SubPerson":"","c_SubPersonShort":"","c_ActionMinute":"12'"},{"n_ActionID":12077236,"n_ActionCode":1048576,"n_ActionCode2":0,"n_ActionCode3":67108866,"n_ActionSet":12,"n_ActionSort":21,"c_Action":"Schot op doel","c_ActionShort":"SD","n_PeriodSort":2,"c_Period":"Eerste helft","c_PeriodShort":"1H","n_ActionTime":932000,"n_HomeGoals":0,"n_AwayGoals":0,"n_HomeOrAway":-1,"n_TeamID":9,"c_Team":"NAC Breda","c_TeamShort":"NAC","n_PersonID":1204759,"c_Person":"Kingsley Boateng","c_PersonSort":"Boateng, Kingsley","c_PersonShort":"Boateng","n_PersonNatioGeoID":2210,"c_PersonNatio":"Italië","c_PersonNatioShort":"ITA","n_TeamNatioGeoID":2201,"c_TeamNatio":"Nederland","c_TeamNatioShort":"NED","n_ActionReasonID":0,"c_ActionReason":null,"c_ActionInfo":"Rechtervoet","n_SubPersonID":null,"c_SubPerson":"","c_SubPersonShort":"","c_ActionMinute":"16'"},{"n_ActionID":12077237,"n_ActionCode":256,"n_ActionCode2":0,"n_ActionCode3":0,"n_ActionSet":12,"n_ActionSort":22,"c_Action":"Redding keeper","c_ActionShort":"RG","n_PeriodSort":2,"c_Period":"Eerste helft","c_PeriodShort":"1H","n_ActionTime":938000,"n_HomeGoals":0,"n_AwayGoals":0,"n_HomeOrAway":1,"n_TeamID":11,"c_Team":"PSV","c_TeamShort":"PSV","n_PersonID":740537,"c_Person":"Jeroen Zoet","c_PersonSort":"Zoet, Jeroen","c_PersonShort":"Zoet","n_PersonNatioGeoID":2201,"c_PersonNatio":"Nederland","c_PersonNatioShort":"NED","n_TeamNatioGeoID":2201,"c_TeamNatio":"Nederland","c_TeamNatioShort":"NED","n_ActionReasonID":129,"c_ActionReason":null,"c_ActionInfo":null,"n_SubPersonID":null,"c_SubPerson":"","c_SubPersonShort":"","c_ActionMinute":"16'"},{"n_ActionID":12077248,"n_ActionCode":2097152,"n_ActionCode2":0,"n_ActionCode3":0,"n_ActionSet":12,"n_ActionSort":23,"c_Action":"Overtreding","c_ActionShort":"OB","n_PeriodSort":2,"c_Period":"Eerste helft","c_PeriodShort":"1H","n_ActionTime":971000,"n_HomeGoals":0,"n_AwayGoals":0,"n_HomeOrAway":-1,"n_TeamID":9,"c_Team":"NAC Breda","c_TeamShort":"NAC","n_PersonID":810474,"c_Person":"Rémy Amieux","c_PersonSort":"Amieux, Rémy","c_PersonShort":"Amieux","n_PersonNatioGeoID":2202,"c_PersonNatio":"Frankrijk","c_PersonNatioShort":"FRA","n_TeamNatioGeoID":2201,"c_TeamNatio":"Nederland","c_TeamNatioShort":"NED","n_ActionReasonID":0,"c_ActionReason":null,"c_ActionInfo":null,"n_SubPersonID":868287,"c_SubPerson":"Adam Maher","c_SubPersonShort":"Maher","c_ActionMinute":"17'"},{"n_ActionID":12077252,"n_ActionCode":1024,"n_ActionCode2":0,"n_ActionCode3":2,"n_ActionSet":12,"n_ActionSort":24,"c_Action":"Vrije trap","c_ActionShort":"VT","n_PeriodSort":2,"c_Period":"Eerste helft","c_PeriodShort":"1H","n_ActionTime":987000,"n_HomeGoals":0,"n_AwayGoals":0,"n_HomeOrAway":1,"n_TeamID":11,"c_Team":"PSV","c_TeamShort":"PSV","n_PersonID":868287,"c_Person":"Adam Maher","c_PersonSort":"Maher, Adam","c_PersonShort":"Maher","n_PersonNatioGeoID":2201,"c_PersonNatio":"Nederland","c_PersonNatioShort":"NED","n_TeamNatioGeoID":2201,"c_TeamNatio":"Nederland","c_TeamNatioShort":"NED","n_ActionReasonID":0,"c_ActionReason":null,"c_ActionInfo":"Rechtervoet","n_SubPersonID":null,"c_SubPerson":"","c_SubPersonShort":"","c_ActionMinute":"17'"},{"n_ActionID":12077257,"n_ActionCode":65536,"n_ActionCode2":0,"n_ActionCode3":2,"n_ActionSet":12,"n_ActionSort":25,"c_Action":"Schot naast","c_ActionShort":"SN","n_PeriodSort":2,"c_Period":"Eerste helft","c_PeriodShort":"1H","n_ActionTime":995000,"n_HomeGoals":0,"n_AwayGoals":0,"n_HomeOrAway":1,"n_TeamID":11,"c_Team":"PSV","c_TeamShort":"PSV","n_PersonID":970679,"c_Person":"Memphis Depay","c_PersonSort":"Depay, Memphis","c_PersonShort":"Depay","n_PersonNatioGeoID":2201,"c_PersonNatio":"Nederland","c_PersonNatioShort":"NED","n_TeamNatioGeoID":2201,"c_TeamNatio":"Nederland","c_TeamNatioShort":"NED","n_ActionReasonID":0,"c_ActionReason":null,"c_ActionInfo":"Rechtervoet","n_SubPersonID":null,"c_SubPerson":"","c_SubPersonShort":"","c_ActionMinute":"17'"},{"n_ActionID":12077259,"n_ActionCode":16777216,"n_ActionCode2":134217728,"n_ActionCode3":0,"n_ActionSet":15,"n_ActionSort":26,"c_Action":"Doeltrap","c_ActionShort":"DT","n_PeriodSort":2,"c_Period":"Eerste helft","c_PeriodShort":"1H","n_ActionTime":1005000,"n_HomeGoals":0,"n_AwayGoals":0,"n_HomeOrAway":-1,"n_TeamID":9,"c_Team":"NAC Breda","c_TeamShort":"NAC","n_PersonID":92605,"c_Person":"Jelle ten Rouwelaar","c_PersonSort":"Ten Rouwelaar, Jelle","c_PersonShort":"ten Rouwelaar","n_PersonNatioGeoID":2201,"c_PersonNatio":"Nederland","c_PersonNatioShort":"NED","n_TeamNatioGeoID":2201,"c_TeamNatio":"Nederland","c_TeamNatioShort":"NED","n_ActionReasonID":0,"c_ActionReason":null,"c_ActionInfo":null,"n_SubPersonID":null,"c_SubPerson":"","c_SubPersonShort":"","c_ActionMinute":"17'"},{"n_ActionID":12077265,"n_ActionCode":16777216,"n_ActionCode2":134217728,"n_ActionCode3":0,"n_ActionSet":15,"n_ActionSort":27,"c_Action":"Doeltrap","c_ActionShort":"DT","n_PeriodSort":2,"c_Period":"Eerste helft","c_PeriodShort":"1H","n_ActionTime":1049000,"n_HomeGoals":0,"n_AwayGoals":0,"n_HomeOrAway":-1,"n_TeamID":9,"c_Team":"NAC Breda","c_TeamShort":"NAC","n_PersonID":92605,"c_Person":"Jelle ten Rouwelaar","c_PersonSort":"Ten Rouwelaar, Jelle","c_PersonShort":"ten Rouwelaar","n_PersonNatioGeoID":2201,"c_PersonNatio":"Nederland","c_PersonNatioShort":"NED","n_TeamNatioGeoID":2201,"c_TeamNatio":"Nederland","c_TeamNatioShort":"NED","n_ActionReasonID":0,"c_ActionReason":null,"c_ActionInfo":null,"n_SubPersonID":null,"c_SubPerson":"","c_SubPersonShort":"","c_ActionMinute":"18'"},{"n_ActionID":12077269,"n_ActionCode":2097152,"n_ActionCode2":0,"n_ActionCode3":0,"n_ActionSet":12,"n_ActionSort":28,"c_Action":"Overtreding","c_ActionShort":"OB","n_PeriodSort":2,"c_Period":"Eerste helft","c_PeriodShort":"1H","n_ActionTime":1063000,"n_HomeGoals":0,"n_AwayGoals":0,"n_HomeOrAway":-1,"n_TeamID":9,"c_Team":"NAC Breda","c_TeamShort":"NAC","n_PersonID":927449,"c_Person":"Adnane Tighadouini","c_PersonSort":"Tighadouini, Adnane","c_PersonShort":"Tighadouini","n_PersonNatioGeoID":2201,"c_PersonNatio":"Nederland","c_PersonNatioShort":"NED","n_TeamNatioGeoID":2201,"c_TeamNatio":"Nederland","c_TeamNatioShort":"NED","n_ActionReasonID":0,"c_ActionReason":null,"c_ActionInfo":null,"n_SubPersonID":970689,"c_SubPerson":"Jürgen Locadia","c_SubPersonShort":"Locadia","c_ActionMinute":"18'"},{"n_ActionID":12077270,"n_ActionCode":1024,"n_ActionCode2":0,"n_ActionCode3":2,"n_ActionSet":12,"n_ActionSort":29,"c_Action":"Vrije trap","c_ActionShort":"VT","n_PeriodSort":2,"c_Period":"Eerste helft","c_PeriodShort":"1H","n_ActionTime":1077000,"n_HomeGoals":0,"n_AwayGoals":0,"n_HomeOrAway":1,"n_TeamID":11,"c_Team":"PSV","c_TeamShort":"PSV","n_PersonID":857345,"c_Person":"Santiago Arias","c_PersonSort":"Arias, Santiago","c_PersonShort":"Arias","n_PersonNatioGeoID":2226,"c_PersonNatio":"Colombia","c_PersonNatioShort":"COL","n_TeamNatioGeoID":2201,"c_TeamNatio":"Nederland","c_TeamNatioShort":"NED","n_ActionReasonID":0,"c_ActionReason":null,"c_ActionInfo":"Rechtervoet","n_SubPersonID":null,"c_SubPerson":"","c_SubPersonShort":"","c_ActionMinute":"18'"},{"n_ActionID":12077282,"n_ActionCode":4,"n_ActionCode2":0,"n_ActionCode3":67239938,"n_ActionSet":1,"n_ActionSort":30,"c_Action":"Doelpunt","c_ActionShort":"D","n_PeriodSort":2,"c_Period":"Eerste helft","c_PeriodShort":"1H","n_ActionTime":1260000,"n_HomeGoals":1,"n_AwayGoals":0,"n_HomeOrAway":1,"n_TeamID":11,"c_Team":"PSV","c_TeamShort":"PSV","n_PersonID":664067,"c_Person":"Georginio Wijnaldum","c_PersonSort":"Wijnaldum, Georginio","c_PersonShort":"Wijnaldum","n_PersonNatioGeoID":2201,"c_PersonNatio":"Nederland","c_PersonNatioShort":"NED","n_TeamNatioGeoID":2201,"c_TeamNatio":"Nederland","c_TeamNatioShort":"NED","n_ActionReasonID":37,"c_ActionReason":"Assist","c_ActionInfo":"Rechtervoet","n_SubPersonID":970679,"c_SubPerson":"Memphis Depay","c_SubPersonShort":"Depay","c_ActionMinute":"21'"},{"n_ActionID":12077292,"n_ActionCode":0,"n_ActionCode2":17408,"n_ActionCode3":0,"n_ActionSet":15,"n_ActionSort":31,"c_Action":"Aftrap","c_ActionShort":"AT","n_PeriodSort":2,"c_Period":"Eerste helft","c_PeriodShort":"1H","n_ActionTime":1314000,"n_HomeGoals":1,"n_AwayGoals":0,"n_HomeOrAway":-1,"n_TeamID":9,"c_Team":"NAC Breda","c_TeamShort":"NAC","n_PersonID":1204759,"c_Person":"Kingsley Boateng","c_PersonSort":"Boateng, Kingsley","c_PersonShort":"Boateng","n_PersonNatioGeoID":2210,"c_PersonNatio":"Italië","c_PersonNatioShort":"ITA","n_TeamNatioGeoID":2201,"c_TeamNatio":"Nederland","c_TeamNatioShort":"NED","n_ActionReasonID":0,"c_ActionReason":null,"c_ActionInfo":null,"n_SubPersonID":null,"c_SubPerson":"","c_SubPersonShort":"","c_ActionMinute":"22'"},{"n_ActionID":12077298,"n_ActionCode":2097152,"n_ActionCode2":0,"n_ActionCode3":0,"n_ActionSet":12,"n_ActionSort":32,"c_Action":"Overtreding","c_ActionShort":"OB","n_PeriodSort":2,"c_Period":"Eerste helft","c_PeriodShort":"1H","n_ActionTime":1372000,"n_HomeGoals":1,"n_AwayGoals":0,"n_HomeOrAway":-1,"n_TeamID":9,"c_Team":"NAC Breda","c_TeamShort":"NAC","n_PersonID":792663,"c_Person":"Uros Matic","c_PersonSort":"Matic, Uros","c_PersonShort":"Matic","n_PersonNatioGeoID":6944,"c_PersonNatio":"Servië","c_PersonNatioShort":"SER","n_TeamNatioGeoID":2201,"c_TeamNatio":"Nederland","c_TeamNatioShort":"NED","n_ActionReasonID":0,"c_ActionReason":null,"c_ActionInfo":null,"n_SubPersonID":970689,"c_SubPerson":"Jürgen Locadia","c_SubPersonShort":"Locadia","c_ActionMinute":"23'"},{"n_ActionID":12077299,"n_ActionCode":1024,"n_ActionCode2":0,"n_ActionCode3":2,"n_ActionSet":12,"n_ActionSort":33,"c_Action":"Vrije trap","c_ActionShort":"VT","n_PeriodSort":2,"c_Period":"Eerste helft","c_PeriodShort":"1H","n_ActionTime":1387000,"n_HomeGoals":1,"n_AwayGoals":0,"n_HomeOrAway":1,"n_TeamID":11,"c_Team":"PSV","c_TeamShort":"PSV","n_PersonID":664067,"c_Person":"Georginio Wijnaldum","c_PersonSort":"Wijnaldum, Georginio","c_PersonShort":"Wijnaldum","n_PersonNatioGeoID":2201,"c_PersonNatio":"Nederland","c_PersonNatioShort":"NED","n_TeamNatioGeoID":2201,"c_TeamNatio":"Nederland","c_TeamNatioShort":"NED","n_ActionReasonID":0,"c_ActionReason":null,"c_ActionInfo":"Rechtervoet","n_SubPersonID":null,"c_SubPerson":"","c_SubPersonShort":"","c_ActionMinute":"24'"},{"n_ActionID":12077301,"n_ActionCode":1048576,"n_ActionCode2":2097152,"n_ActionCode3":260,"n_ActionSet":12,"n_ActionSort":34,"c_Action":"Schot op doel","c_ActionShort":"SD","n_PeriodSort":2,"c_Period":"Eerste helft","c_PeriodShort":"1H","n_ActionTime":1390000,"n_HomeGoals":1,"n_AwayGoals":0,"n_HomeOrAway":1,"n_TeamID":11,"c_Team":"PSV","c_TeamShort":"PSV","n_PersonID":970689,"c_Person":"Jürgen Locadia","c_PersonSort":"Locadia, Jürgen","c_PersonShort":"Locadia","n_PersonNatioGeoID":2201,"c_PersonNatio":"Nederland","c_PersonNatioShort":"NED","n_TeamNatioGeoID":2201,"c_TeamNatio":"Nederland","c_TeamNatioShort":"NED","n_ActionReasonID":0,"c_ActionReason":null,"c_ActionInfo":"Kopbal","n_SubPersonID":null,"c_SubPerson":"","c_SubPersonShort":"","c_ActionMinute":"24'"},{"n_ActionID":12077303,"n_ActionCode":256,"n_ActionCode2":0,"n_ActionCode3":0,"n_ActionSet":12,"n_ActionSort":35,"c_Action":"Redding keeper","c_ActionShort":"RG","n_PeriodSort":2,"c_Period":"Eerste helft","c_PeriodShort":"1H","n_ActionTime":1397000,"n_HomeGoals":1,"n_AwayGoals":0,"n_HomeOrAway":-1,"n_TeamID":9,"c_Team":"NAC Breda","c_TeamShort":"NAC","n_PersonID":92605,"c_Person":"Jelle ten Rouwelaar","c_PersonSort":"Ten Rouwelaar, Jelle","c_PersonShort":"ten Rouwelaar","n_PersonNatioGeoID":2201,"c_PersonNatio":"Nederland","c_PersonNatioShort":"NED","n_TeamNatioGeoID":2201,"c_TeamNatio":"Nederland","c_TeamNatioShort":"NED","n_ActionReasonID":130,"c_ActionReason":null,"c_ActionInfo":null,"n_SubPersonID":null,"c_SubPerson":"","c_SubPersonShort":"","c_ActionMinute":"24'"},{"n_ActionID":12077308,"n_ActionCode":536870912,"n_ActionCode2":0,"n_ActionCode3":0,"n_ActionSet":15,"n_ActionSort":36,"c_Action":"Geblokt Schot Door","c_ActionShort":"Gebl. Sch. Door","n_PeriodSort":2,"c_Period":"Eerste helft","c_PeriodShort":"1H","n_ActionTime":1428000,"n_HomeGoals":1,"n_AwayGoals":0,"n_HomeOrAway":1,"n_TeamID":11,"c_Team":"PSV","c_TeamShort":"PSV","n_PersonID":912336,"c_Person":"Abel Tamata","c_PersonSort":"Tamata, Abel","c_PersonShort":"Tamata","n_PersonNatioGeoID":2201,"c_PersonNatio":"Nederland","c_PersonNatioShort":"NED","n_TeamNatioGeoID":2201,"c_TeamNatio":"Nederland","c_TeamNatioShort":"NED","n_ActionReasonID":0,"c_ActionReason":null,"c_ActionInfo":null,"n_SubPersonID":null,"c_SubPerson":"","c_SubPersonShort":"","c_ActionMinute":"24'"},{"n_ActionID":12077309,"n_ActionCode":4194304,"n_ActionCode2":0,"n_ActionCode3":2,"n_ActionSet":15,"n_ActionSort":37,"c_Action":"Geblokt schot","c_ActionShort":"Gebl. Sch.","n_PeriodSort":2,"c_Period":"Eerste helft","c_PeriodShort":"1H","n_ActionTime":1428000,"n_HomeGoals":1,"n_AwayGoals":0,"n_HomeOrAway":-1,"n_TeamID":9,"c_Team":"NAC Breda","c_TeamShort":"NAC","n_PersonID":1064273,"c_Person":"Elson Hooi","c_PersonSort":"Hooi, Elson","c_PersonShort":"Hooi","n_PersonNatioGeoID":2201,"c_PersonNatio":"Nederland","c_PersonNatioShort":"NED","n_TeamNatioGeoID":2201,"c_TeamNatio":"Nederland","c_TeamNatioShort":"NED","n_ActionReasonID":0,"c_ActionReason":null,"c_ActionInfo":"Rechtervoet","n_SubPersonID":null,"c_SubPerson":"","c_SubPersonShort":"","c_ActionMinute":"24'"},{"n_ActionID":12077315,"n_ActionCode":512,"n_ActionCode2":16777216,"n_ActionCode3":1,"n_ActionSet":12,"n_ActionSort":38,"c_Action":"Hoekschop","c_ActionShort":"HS","n_PeriodSort":2,"c_Period":"Eerste helft","c_PeriodShort":"1H","n_ActionTime":1458000,"n_HomeGoals":1,"n_AwayGoals":0,"n_HomeOrAway":-1,"n_TeamID":9,"c_Team":"NAC Breda","c_TeamShort":"NAC","n_PersonID":792663,"c_Person":"Uros Matic","c_PersonSort":"Matic, Uros","c_PersonShort":"Matic","n_PersonNatioGeoID":6944,"c_PersonNatio":"Servië","c_PersonNatioShort":"SER","n_TeamNatioGeoID":2201,"c_TeamNatio":"Nederland","c_TeamNatioShort":"NED","n_ActionReasonID":0,"c_ActionReason":null,"c_ActionInfo":"Linkervoet","n_SubPersonID":null,"c_SubPerson":"","c_SubPersonShort":"","c_ActionMinute":"25'"},{"n_ActionID":12077338,"n_ActionCode":68,"n_ActionCode2":0,"n_ActionCode3":134217730,"n_ActionSet":1,"n_ActionSort":39,"c_Action":"Eigen doelpunt","c_ActionShort":"e.d.","n_PeriodSort":2,"c_Period":"Eerste helft","c_PeriodShort":"1H","n_ActionTime":1510000,"n_HomeGoals":2,"n_AwayGoals":0,"n_HomeOrAway":1,"n_TeamID":11,"c_Team":"PSV","c_TeamShort":"PSV","n_PersonID":1290663,"c_Person":"Aleksandar Damcevski","c_PersonSort":"Damcevski, Aleksandar","c_PersonShort":"Damcevski","n_PersonNatioGeoID":4358,"c_PersonNatio":"Macedonië","c_PersonNatioShort":"MAC","n_TeamNatioGeoID":2201,"c_TeamNatio":"Nederland","c_TeamNatioShort":"NED","n_ActionReasonID":47,"c_ActionReason":"Poging tot wegwerken","c_ActionInfo":"Rechtervoet","n_SubPersonID":null,"c_SubPerson":"","c_SubPersonShort":"","c_ActionMinute":"26'"},{"n_ActionID":12077347,"n_ActionCode":0,"n_ActionCode2":17408,"n_ActionCode3":0,"n_ActionSet":15,"n_ActionSort":40,"c_Action":"Aftrap","c_ActionShort":"AT","n_PeriodSort":2,"c_Period":"Eerste helft","c_PeriodShort":"1H","n_ActionTime":1561000,"n_HomeGoals":2,"n_AwayGoals":0,"n_HomeOrAway":-1,"n_TeamID":9,"c_Team":"NAC Breda","c_TeamShort":"NAC","n_PersonID":1204759,"c_Person":"Kingsley Boateng","c_PersonSort":"Boateng, Kingsley","c_PersonShort":"Boateng","n_PersonNatioGeoID":2210,"c_PersonNatio":"Italië","c_PersonNatioShort":"ITA","n_TeamNatioGeoID":2201,"c_TeamNatio":"Nederland","c_TeamNatioShort":"NED","n_ActionReasonID":0,"c_ActionReason":null,"c_ActionInfo":null,"n_SubPersonID":null,"c_SubPerson":"","c_SubPersonShort":"","c_ActionMinute":"27'"},{"n_ActionID":12077376,"n_ActionCode":512,"n_ActionCode2":4194304,"n_ActionCode3":1,"n_ActionSet":12,"n_ActionSort":41,"c_Action":"Hoekschop","c_ActionShort":"HS","n_PeriodSort":2,"c_Period":"Eerste helft","c_PeriodShort":"1H","n_ActionTime":1659000,"n_HomeGoals":2,"n_AwayGoals":0,"n_HomeOrAway":-1,"n_TeamID":9,"c_Team":"NAC Breda","c_TeamShort":"NAC","n_PersonID":792663,"c_Person":"Uros Matic","c_PersonSort":"Matic, Uros","c_PersonShort":"Matic","n_PersonNatioGeoID":6944,"c_PersonNatio":"Servië","c_PersonNatioShort":"SER","n_TeamNatioGeoID":2201,"c_TeamNatio":"Nederland","c_TeamNatioShort":"NED","n_ActionReasonID":0,"c_ActionReason":null,"c_ActionInfo":"Linkervoet","n_SubPersonID":null,"c_SubPerson":"","c_SubPersonShort":"","c_ActionMinute":"28'"},{"n_ActionID":12077413,"n_ActionCode":16777216,"n_ActionCode2":134217728,"n_ActionCode3":0,"n_ActionSet":15,"n_ActionSort":42,"c_Action":"Doeltrap","c_ActionShort":"DT","n_PeriodSort":2,"c_Period":"Eerste helft","c_PeriodShort":"1H","n_ActionTime":1757000,"n_HomeGoals":2,"n_AwayGoals":0,"n_HomeOrAway":1,"n_TeamID":11,"c_Team":"PSV","c_TeamShort":"PSV","n_PersonID":740537,"c_Person":"Jeroen Zoet","c_PersonSort":"Zoet, Jeroen","c_PersonShort":"Zoet","n_PersonNatioGeoID":2201,"c_PersonNatio":"Nederland","c_PersonNatioShort":"NED","n_TeamNatioGeoID":2201,"c_TeamNatio":"Nederland","c_TeamNatioShort":"NED","n_ActionReasonID":0,"c_ActionReason":null,"c_ActionInfo":null,"n_SubPersonID":null,"c_SubPerson":"","c_SubPersonShort":"","c_ActionMinute":"30'"},{"n_ActionID":12077417,"n_ActionCode":2097152,"n_ActionCode2":64,"n_ActionCode3":0,"n_ActionSet":12,"n_ActionSort":43,"c_Action":"Overtreding","c_ActionShort":"OB","n_PeriodSort":2,"c_Period":"Eerste helft","c_PeriodShort":"1H","n_ActionTime":1770000,"n_HomeGoals":2,"n_AwayGoals":0,"n_HomeOrAway":1,"n_TeamID":11,"c_Team":"PSV","c_TeamShort":"PSV","n_PersonID":857345,"c_Person":"Santiago Arias","c_PersonSort":"Arias, Santiago","c_PersonShort":"Arias","n_PersonNatioGeoID":2226,"c_PersonNatio":"Colombia","c_PersonNatioShort":"COL","n_TeamNatioGeoID":2201,"c_TeamNatio":"Nederland","c_TeamNatioShort":"NED","n_ActionReasonID":0,"c_ActionReason":null,"c_ActionInfo":null,"n_SubPersonID":715079,"c_SubPerson":"Erik Falkenburg","c_SubPersonShort":"Falkenburg","c_ActionMinute":"30'"},{"n_ActionID":12077418,"n_ActionCode":2048,"n_ActionCode2":0,"n_ActionCode3":0,"n_ActionSet":3,"n_ActionSort":44,"c_Action":"Geel","c_ActionShort":"G","n_PeriodSort":2,"c_Period":"Eerste helft","c_PeriodShort":"1H","n_ActionTime":1776000,"n_HomeGoals":2,"n_AwayGoals":0,"n_HomeOrAway":1,"n_TeamID":11,"c_Team":"PSV","c_TeamShort":"PSV","n_PersonID":857345,"c_Person":"Santiago Arias","c_PersonSort":"Arias, Santiago","c_PersonShort":"Arias","n_PersonNatioGeoID":2226,"c_PersonNatio":"Colombia","c_PersonNatioShort":"COL","n_TeamNatioGeoID":2201,"c_TeamNatio":"Nederland","c_TeamNatioShort":"NED","n_ActionReasonID":53,"c_ActionReason":"Vasthouden","c_ActionInfo":null,"n_SubPersonID":null,"c_SubPerson":"","c_SubPersonShort":"","c_ActionMinute":"30'"},{"n_ActionID":12077421,"n_ActionCode":12,"n_ActionCode2":2097152,"n_ActionCode3":131138,"n_ActionSet":1,"n_ActionSort":45,"c_Action":"Doelpunt","c_ActionShort":"D","n_PeriodSort":2,"c_Period":"Eerste helft","c_PeriodShort":"1H","n_ActionTime":1810000,"n_HomeGoals":2,"n_AwayGoals":1,"n_HomeOrAway":-1,"n_TeamID":9,"c_Team":"NAC Breda","c_TeamShort":"NAC","n_PersonID":927449,"c_Person":"Adnane Tighadouini","c_PersonSort":"Tighadouini, Adnane","c_PersonShort":"Tighadouini","n_PersonNatioGeoID":2201,"c_PersonNatio":"Nederland","c_PersonNatioShort":"NED","n_TeamNatioGeoID":2201,"c_TeamNatio":"Nederland","c_TeamNatioShort":"NED","n_ActionReasonID":91,"c_ActionReason":"Strafschop","c_ActionInfo":"Rechtervoet","n_SubPersonID":null,"c_SubPerson":"","c_SubPersonShort":"","c_ActionMinute":"31'"},{"n_ActionID":12077425,"n_ActionCode":0,"n_ActionCode2":17408,"n_ActionCode3":0,"n_ActionSet":15,"n_ActionSort":46,"c_Action":"Aftrap","c_ActionShort":"AT","n_PeriodSort":2,"c_Period":"Eerste helft","c_PeriodShort":"1H","n_ActionTime":1834000,"n_HomeGoals":2,"n_AwayGoals":1,"n_HomeOrAway":1,"n_TeamID":11,"c_Team":"PSV","c_TeamShort":"PSV","n_PersonID":740670,"c_Person":"Luuk de Jong","c_PersonSort":"De Jong, Luuk","c_PersonShort":"L. de Jong","n_PersonNatioGeoID":2201,"c_PersonNatio":"Nederland","c_PersonNatioShort":"NED","n_TeamNatioGeoID":2201,"c_TeamNatio":"Nederland","c_TeamNatioShort":"NED","n_ActionReasonID":0,"c_ActionReason":null,"c_ActionInfo":null,"n_SubPersonID":null,"c_SubPerson":"","c_SubPersonShort":"","c_ActionMinute":"31'"},{"n_ActionID":12077466,"n_ActionCode":536870912,"n_ActionCode2":0,"n_ActionCode3":0,"n_ActionSet":15,"n_ActionSort":47,"c_Action":"Geblokt Schot Door","c_ActionShort":"Gebl. Sch. Door","n_PeriodSort":2,"c_Period":"Eerste helft","c_PeriodShort":"1H","n_ActionTime":1920000,"n_HomeGoals":2,"n_AwayGoals":1,"n_HomeOrAway":-1,"n_TeamID":9,"c_Team":"NAC Breda","c_TeamShort":"NAC","n_PersonID":550288,"c_Person":"Henrico Drost","c_PersonSort":"Drost, Henrico","c_PersonShort":"Drost","n_PersonNatioGeoID":2201,"c_PersonNatio":"Nederland","c_PersonNatioShort":"NED","n_TeamNatioGeoID":2201,"c_TeamNatio":"Nederland","c_TeamNatioShort":"NED","n_ActionReasonID":0,"c_ActionReason":null,"c_ActionInfo":null,"n_SubPersonID":null,"c_SubPerson":"","c_SubPersonShort":"","c_ActionMinute":"32'"},{"n_ActionID":12077467,"n_ActionCode":4194304,"n_ActionCode2":0,"n_ActionCode3":2,"n_ActionSet":15,"n_ActionSort":48,"c_Action":"Geblokt schot","c_ActionShort":"Gebl. Sch.","n_PeriodSort":2,"c_Period":"Eerste helft","c_PeriodShort":"1H","n_ActionTime":1920000,"n_HomeGoals":2,"n_AwayGoals":1,"n_HomeOrAway":1,"n_TeamID":11,"c_Team":"PSV","c_TeamShort":"PSV","n_PersonID":970679,"c_Person":"Memphis Depay","c_PersonSort":"Depay, Memphis","c_PersonShort":"Depay","n_PersonNatioGeoID":2201,"c_PersonNatio":"Nederland","c_PersonNatioShort":"NED","n_TeamNatioGeoID":2201,"c_TeamNatio":"Nederland","c_TeamNatioShort":"NED","n_ActionReasonID":0,"c_ActionReason":null,"c_ActionInfo":"Rechtervoet","n_SubPersonID":null,"c_SubPerson":"","c_SubPersonShort":"","c_ActionMinute":"32'"},{"n_ActionID":12077495,"n_ActionCode":65536,"n_ActionCode2":0,"n_ActionCode3":2,"n_ActionSet":12,"n_ActionSort":49,"c_Action":"Schot naast","c_ActionShort":"SN","n_PeriodSort":2,"c_Period":"Eerste helft","c_PeriodShort":"1H","n_ActionTime":2010000,"n_HomeGoals":2,"n_AwayGoals":1,"n_HomeOrAway":-1,"n_TeamID":9,"c_Team":"NAC Breda","c_TeamShort":"NAC","n_PersonID":927449,"c_Person":"Adnane Tighadouini","c_PersonSort":"Tighadouini, Adnane","c_PersonShort":"Tighadouini","n_PersonNatioGeoID":2201,"c_PersonNatio":"Nederland","c_PersonNatioShort":"NED","n_TeamNatioGeoID":2201,"c_TeamNatio":"Nederland","c_TeamNatioShort":"NED","n_ActionReasonID":0,"c_ActionReason":null,"c_ActionInfo":"Rechtervoet","n_SubPersonID":null,"c_SubPerson":"","c_SubPersonShort":"","c_ActionMinute":"34'"},{"n_ActionID":12077510,"n_ActionCode":16777216,"n_ActionCode2":134217728,"n_ActionCode3":0,"n_ActionSet":15,"n_ActionSort":50,"c_Action":"Doeltrap","c_ActionShort":"DT","n_PeriodSort":2,"c_Period":"Eerste helft","c_PeriodShort":"1H","n_ActionTime":2036000,"n_HomeGoals":2,"n_AwayGoals":1,"n_HomeOrAway":1,"n_TeamID":11,"c_Team":"PSV","c_TeamShort":"PSV","n_PersonID":740537,"c_Person":"Jeroen Zoet","c_PersonSort":"Zoet, Jeroen","c_PersonShort":"Zoet","n_PersonNatioGeoID":2201,"c_PersonNatio":"Nederland","c_PersonNatioShort":"NED","n_TeamNatioGeoID":2201,"c_TeamNatio":"Nederland","c_TeamNatioShort":"NED","n_ActionReasonID":0,"c_ActionReason":null,"c_ActionInfo":null,"n_SubPersonID":null,"c_SubPerson":"","c_SubPersonShort":"","c_ActionMinute":"34'"},{"n_ActionID":12077542,"n_ActionCode":1048576,"n_ActionCode2":0,"n_ActionCode3":67108866,"n_ActionSet":12,"n_ActionSort":51,"c_Action":"Schot op doel","c_ActionShort":"SD","n_PeriodSort":2,"c_Period":"Eerste helft","c_PeriodShort":"1H","n_ActionTime":2155000,"n_HomeGoals":2,"n_AwayGoals":1,"n_HomeOrAway":-1,"n_TeamID":9,"c_Team":"NAC Breda","c_TeamShort":"NAC","n_PersonID":927449,"c_Person":"Adnane Tighadouini","c_PersonSort":"Tighadouini, Adnane","c_PersonShort":"Tighadouini","n_PersonNatioGeoID":2201,"c_PersonNatio":"Nederland","c_PersonNatioShort":"NED","n_TeamNatioGeoID":2201,"c_TeamNatio":"Nederland","c_TeamNatioShort":"NED","n_ActionReasonID":0,"c_ActionReason":null,"c_ActionInfo":"Rechtervoet","n_SubPersonID":null,"c_SubPerson":"","c_SubPersonShort":"","c_ActionMinute":"36'"},{"n_ActionID":12077543,"n_ActionCode":256,"n_ActionCode2":0,"n_ActionCode3":0,"n_ActionSet":12,"n_ActionSort":52,"c_Action":"Redding keeper","c_ActionShort":"RG","n_PeriodSort":2,"c_Period":"Eerste helft","c_PeriodShort":"1H","n_ActionTime":2160000,"n_HomeGoals":2,"n_AwayGoals":1,"n_HomeOrAway":1,"n_TeamID":11,"c_Team":"PSV","c_TeamShort":"PSV","n_PersonID":740537,"c_Person":"Jeroen Zoet","c_PersonSort":"Zoet, Jeroen","c_PersonShort":"Zoet","n_PersonNatioGeoID":2201,"c_PersonNatio":"Nederland","c_PersonNatioShort":"NED","n_TeamNatioGeoID":2201,"c_TeamNatio":"Nederland","c_TeamNatioShort":"NED","n_ActionReasonID":129,"c_ActionReason":null,"c_ActionInfo":null,"n_SubPersonID":null,"c_SubPerson":"","c_SubPersonShort":"","c_ActionMinute":"36'"},{"n_ActionID":12077545,"n_ActionCode":512,"n_ActionCode2":16777216,"n_ActionCode3":1,"n_ActionSet":12,"n_ActionSort":53,"c_Action":"Hoekschop","c_ActionShort":"HS","n_PeriodSort":2,"c_Period":"Eerste helft","c_PeriodShort":"1H","n_ActionTime":2178000,"n_HomeGoals":2,"n_AwayGoals":1,"n_HomeOrAway":-1,"n_TeamID":9,"c_Team":"NAC Breda","c_TeamShort":"NAC","n_PersonID":792663,"c_Person":"Uros Matic","c_PersonSort":"Matic, Uros","c_PersonShort":"Matic","n_PersonNatioGeoID":6944,"c_PersonNatio":"Servië","c_PersonNatioShort":"SER","n_TeamNatioGeoID":2201,"c_TeamNatio":"Nederland","c_TeamNatioShort":"NED","n_ActionReasonID":0,"c_ActionReason":null,"c_ActionInfo":"Linkervoet","n_SubPersonID":null,"c_SubPerson":"","c_SubPersonShort":"","c_ActionMinute":"37'"},{"n_ActionID":12077577,"n_ActionCode":512,"n_ActionCode2":33554432,"n_ActionCode3":2,"n_ActionSet":12,"n_ActionSort":54,"c_Action":"Hoekschop","c_ActionShort":"HS","n_PeriodSort":2,"c_Period":"Eerste helft","c_PeriodShort":"1H","n_ActionTime":2265000,"n_HomeGoals":2,"n_AwayGoals":1,"n_HomeOrAway":1,"n_TeamID":11,"c_Team":"PSV","c_TeamShort":"PSV","n_PersonID":868287,"c_Person":"Adam Maher","c_PersonSort":"Maher, Adam","c_PersonShort":"Maher","n_PersonNatioGeoID":2201,"c_PersonNatio":"Nederland","c_PersonNatioShort":"NED","n_TeamNatioGeoID":2201,"c_TeamNatio":"Nederland","c_TeamNatioShort":"NED","n_ActionReasonID":0,"c_ActionReason":null,"c_ActionInfo":"Rechtervoet","n_SubPersonID":null,"c_SubPerson":"","c_SubPersonShort":"","c_ActionMinute":"38'"},{"n_ActionID":12077611,"n_ActionCode":2097152,"n_ActionCode2":0,"n_ActionCode3":0,"n_ActionSet":12,"n_ActionSort":55,"c_Action":"Overtreding","c_ActionShort":"OB","n_PeriodSort":2,"c_Period":"Eerste helft","c_PeriodShort":"1H","n_ActionTime":2326000,"n_HomeGoals":2,"n_AwayGoals":1,"n_HomeOrAway":-1,"n_TeamID":9,"c_Team":"NAC Breda","c_TeamShort":"NAC","n_PersonID":927449,"c_Person":"Adnane Tighadouini","c_PersonSort":"Tighadouini, Adnane","c_PersonShort":"Tighadouini","n_PersonNatioGeoID":2201,"c_PersonNatio":"Nederland","c_PersonNatioShort":"NED","n_TeamNatioGeoID":2201,"c_TeamNatio":"Nederland","c_TeamNatioShort":"NED","n_ActionReasonID":0,"c_ActionReason":null,"c_ActionInfo":null,"n_SubPersonID":868287,"c_SubPerson":"Adam Maher","c_SubPersonShort":"Maher","c_ActionMinute":"39'"},{"n_ActionID":12077615,"n_ActionCode":1024,"n_ActionCode2":0,"n_ActionCode3":2,"n_ActionSet":12,"n_ActionSort":56,"c_Action":"Vrije trap","c_ActionShort":"VT","n_PeriodSort":2,"c_Period":"Eerste helft","c_PeriodShort":"1H","n_ActionTime":2337000,"n_HomeGoals":2,"n_AwayGoals":1,"n_HomeOrAway":1,"n_TeamID":11,"c_Team":"PSV","c_TeamShort":"PSV","n_PersonID":857345,"c_Person":"Santiago Arias","c_PersonSort":"Arias, Santiago","c_PersonShort":"Arias","n_PersonNatioGeoID":2226,"c_PersonNatio":"Colombia","c_PersonNatioShort":"COL","n_TeamNatioGeoID":2201,"c_TeamNatio":"Nederland","c_TeamNatioShort":"NED","n_ActionReasonID":0,"c_ActionReason":null,"c_ActionInfo":"Rechtervoet","n_SubPersonID":null,"c_SubPerson":"","c_SubPersonShort":"","c_ActionMinute":"39'"},{"n_ActionID":12077641,"n_ActionCode":262144,"n_ActionCode2":0,"n_ActionCode3":0,"n_ActionSet":12,"n_ActionSort":57,"c_Action":"Buitenspel","c_ActionShort":"BS","n_PeriodSort":2,"c_Period":"Eerste helft","c_PeriodShort":"1H","n_ActionTime":2461000,"n_HomeGoals":2,"n_AwayGoals":1,"n_HomeOrAway":1,"n_TeamID":11,"c_Team":"PSV","c_TeamShort":"PSV","n_PersonID":868287,"c_Person":"Adam Maher","c_PersonSort":"Maher, Adam","c_PersonShort":"Maher","n_PersonNatioGeoID":2201,"c_PersonNatio":"Nederland","c_PersonNatioShort":"NED","n_TeamNatioGeoID":2201,"c_TeamNatio":"Nederland","c_TeamNatioShort":"NED","n_ActionReasonID":0,"c_ActionReason":null,"c_ActionInfo":null,"n_SubPersonID":null,"c_SubPerson":"","c_SubPersonShort":"","c_ActionMinute":"42'"},{"n_ActionID":12077644,"n_ActionCode":1024,"n_ActionCode2":0,"n_ActionCode3":2,"n_ActionSet":12,"n_ActionSort":58,"c_Action":"Vrije trap","c_ActionShort":"VT","n_PeriodSort":2,"c_Period":"Eerste helft","c_PeriodShort":"1H","n_ActionTime":2474000,"n_HomeGoals":2,"n_AwayGoals":1,"n_HomeOrAway":-1,"n_TeamID":9,"c_Team":"NAC Breda","c_TeamShort":"NAC","n_PersonID":92605,"c_Person":"Jelle ten Rouwelaar","c_PersonSort":"Ten Rouwelaar, Jelle","c_PersonShort":"ten Rouwelaar","n_PersonNatioGeoID":2201,"c_PersonNatio":"Nederland","c_PersonNatioShort":"NED","n_TeamNatioGeoID":2201,"c_TeamNatio":"Nederland","c_TeamNatioShort":"NED","n_ActionReasonID":0,"c_ActionReason":null,"c_ActionInfo":"Rechtervoet","n_SubPersonID":null,"c_SubPerson":"","c_SubPersonShort":"","c_ActionMinute":"42'"},{"n_ActionID":12077661,"n_ActionCode":536870912,"n_ActionCode2":0,"n_ActionCode3":0,"n_ActionSet":15,"n_ActionSort":59,"c_Action":"Geblokt Schot Door","c_ActionShort":"Gebl. Sch. Door","n_PeriodSort":2,"c_Period":"Eerste helft","c_PeriodShort":"1H","n_ActionTime":2573000,"n_HomeGoals":2,"n_AwayGoals":1,"n_HomeOrAway":1,"n_TeamID":11,"c_Team":"PSV","c_TeamShort":"PSV","n_PersonID":802770,"c_Person":"Jeffrey Bruma","c_PersonSort":"Bruma, Jeffrey","c_PersonShort":"Bruma","n_PersonNatioGeoID":2201,"c_PersonNatio":"Nederland","c_PersonNatioShort":"NED","n_TeamNatioGeoID":2201,"c_TeamNatio":"Nederland","c_TeamNatioShort":"NED","n_ActionReasonID":0,"c_ActionReason":null,"c_ActionInfo":null,"n_SubPersonID":null,"c_SubPerson":"","c_SubPersonShort":"","c_ActionMinute":"43'"},{"n_ActionID":12077662,"n_ActionCode":4194304,"n_ActionCode2":0,"n_ActionCode3":2,"n_ActionSet":15,"n_ActionSort":60,"c_Action":"Geblokt schot","c_ActionShort":"Gebl. Sch.","n_PeriodSort":2,"c_Period":"Eerste helft","c_PeriodShort":"1H","n_ActionTime":2573000,"n_HomeGoals":2,"n_AwayGoals":1,"n_HomeOrAway":-1,"n_TeamID":9,"c_Team":"NAC Breda","c_TeamShort":"NAC","n_PersonID":810474,"c_Person":"Rémy Amieux","c_PersonSort":"Amieux, Rémy","c_PersonShort":"Amieux","n_PersonNatioGeoID":2202,"c_PersonNatio":"Frankrijk","c_PersonNatioShort":"FRA","n_TeamNatioGeoID":2201,"c_TeamNatio":"Nederland","c_TeamNatioShort":"NED","n_ActionReasonID":0,"c_ActionReason":null,"c_ActionInfo":"Rechtervoet","n_SubPersonID":null,"c_SubPerson":"","c_SubPersonShort":"","c_ActionMinute":"43'"},{"n_ActionID":12077666,"n_ActionCode":512,"n_ActionCode2":16777216,"n_ActionCode3":2,"n_ActionSet":12,"n_ActionSort":61,"c_Action":"Hoekschop","c_ActionShort":"HS","n_PeriodSort":2,"c_Period":"Eerste helft","c_PeriodShort":"1H","n_ActionTime":2596000,"n_HomeGoals":2,"n_AwayGoals":1,"n_HomeOrAway":-1,"n_TeamID":9,"c_Team":"NAC Breda","c_TeamShort":"NAC","n_PersonID":927449,"c_Person":"Adnane Tighadouini","c_PersonSort":"Tighadouini, Adnane","c_PersonShort":"Tighadouini","n_PersonNatioGeoID":2201,"c_PersonNatio":"Nederland","c_PersonNatioShort":"NED","n_TeamNatioGeoID":2201,"c_TeamNatio":"Nederland","c_TeamNatioShort":"NED","n_ActionReasonID":0,"c_ActionReason":null,"c_ActionInfo":"Rechtervoet","n_SubPersonID":null,"c_SubPerson":"","c_SubPersonShort":"","c_ActionMinute":"44'"},{"n_ActionID":12077698,"n_ActionCode":2097152,"n_ActionCode2":0,"n_ActionCode3":0,"n_ActionSet":12,"n_ActionSort":62,"c_Action":"Overtreding","c_ActionShort":"OB","n_PeriodSort":2,"c_Period":"Eerste helft","c_PeriodShort":"1H","n_ActionTime":2672000,"n_HomeGoals":2,"n_AwayGoals":1,"n_HomeOrAway":1,"n_TeamID":11,"c_Team":"PSV","c_TeamShort":"PSV","n_PersonID":868287,"c_Person":"Adam Maher","c_PersonSort":"Maher, Adam","c_PersonShort":"Maher","n_PersonNatioGeoID":2201,"c_PersonNatio":"Nederland","c_PersonNatioShort":"NED","n_TeamNatioGeoID":2201,"c_TeamNatio":"Nederland","c_TeamNatioShort":"NED","n_ActionReasonID":0,"c_ActionReason":null,"c_ActionInfo":null,"n_SubPersonID":927449,"c_SubPerson":"Adnane Tighadouini","c_SubPersonShort":"Tighadouini","c_ActionMinute":"45'"},{"n_ActionID":12077700,"n_ActionCode":1024,"n_ActionCode2":0,"n_ActionCode3":2,"n_ActionSet":12,"n_ActionSort":63,"c_Action":"Vrije trap","c_ActionShort":"VT","n_PeriodSort":2,"c_Period":"Eerste helft","c_PeriodShort":"1H","n_ActionTime":2678000,"n_HomeGoals":2,"n_AwayGoals":1,"n_HomeOrAway":-1,"n_TeamID":9,"c_Team":"NAC Breda","c_TeamShort":"NAC","n_PersonID":927449,"c_Person":"Adnane Tighadouini","c_PersonSort":"Tighadouini, Adnane","c_PersonShort":"Tighadouini","n_PersonNatioGeoID":2201,"c_PersonNatio":"Nederland","c_PersonNatioShort":"NED","n_TeamNatioGeoID":2201,"c_TeamNatio":"Nederland","c_TeamNatioShort":"NED","n_ActionReasonID":0,"c_ActionReason":null,"c_ActionInfo":"Rechtervoet","n_SubPersonID":null,"c_SubPerson":"","c_SubPersonShort":"","c_ActionMinute":"45'"},{"n_ActionID":12077715,"n_ActionCode":0,"n_ActionCode2":32,"n_ActionCode3":0,"n_ActionSet":15,"n_ActionSort":64,"c_Action":"Blessuretijd","c_ActionShort":"BT","n_PeriodSort":2,"c_Period":"Eerste helft","c_PeriodShort":"1H","n_ActionTime":2700000,"n_HomeGoals":2,"n_AwayGoals":1,"n_HomeOrAway":0,"n_TeamID":0,"c_Team":"","c_TeamShort":"","n_PersonID":0,"c_Person":"","c_PersonSort":"","c_PersonShort":"","n_PersonNatioGeoID":0,"c_PersonNatio":null,"c_PersonNatioShort":null,"n_TeamNatioGeoID":null,"c_TeamNatio":null,"c_TeamNatioShort":null,"n_ActionReasonID":0,"c_ActionReason":null,"c_ActionInfo":"60000","n_SubPersonID":null,"c_SubPerson":"","c_SubPersonShort":"","c_ActionMinute":"45'"},{"n_ActionID":12077707,"n_ActionCode":536870912,"n_ActionCode2":0,"n_ActionCode3":0,"n_ActionSet":15,"n_ActionSort":65,"c_Action":"Geblokt Schot Door","c_ActionShort":"Gebl. Sch. Door","n_PeriodSort":2,"c_Period":"Eerste helft","c_PeriodShort":"1H","n_ActionTime":2712000,"n_HomeGoals":2,"n_AwayGoals":1,"n_HomeOrAway":1,"n_TeamID":11,"c_Team":"PSV","c_TeamShort":"PSV","n_PersonID":857345,"c_Person":"Santiago Arias","c_PersonSort":"Arias, Santiago","c_PersonShort":"Arias","n_PersonNatioGeoID":2226,"c_PersonNatio":"Colombia","c_PersonNatioShort":"COL","n_TeamNatioGeoID":2201,"c_TeamNatio":"Nederland","c_TeamNatioShort":"NED","n_ActionReasonID":0,"c_ActionReason":null,"c_ActionInfo":null,"n_SubPersonID":null,"c_SubPerson":"","c_SubPersonShort":"","c_ActionMinute":"45'+1'"},{"n_ActionID":12077708,"n_ActionCode":4194304,"n_ActionCode2":0,"n_ActionCode3":2,"n_ActionSet":15,"n_ActionSort":66,"c_Action":"Geblokt schot","c_ActionShort":"Gebl. Sch.","n_PeriodSort":2,"c_Period":"Eerste helft","c_PeriodShort":"1H","n_ActionTime":2712000,"n_HomeGoals":2,"n_AwayGoals":1,"n_HomeOrAway":-1,"n_TeamID":9,"c_Team":"NAC Breda","c_TeamShort":"NAC","n_PersonID":1204759,"c_Person":"Kingsley Boateng","c_PersonSort":"Boateng, Kingsley","c_PersonShort":"Boateng","n_PersonNatioGeoID":2210,"c_PersonNatio":"Italië","c_PersonNatioShort":"ITA","n_TeamNatioGeoID":2201,"c_TeamNatio":"Nederland","c_TeamNatioShort":"NED","n_ActionReasonID":0,"c_ActionReason":null,"c_ActionInfo":"Rechtervoet","n_SubPersonID":null,"c_SubPerson":"","c_SubPersonShort":"","c_ActionMinute":"45'+1'"},{"n_ActionID":12077711,"n_ActionCode":512,"n_ActionCode2":16777216,"n_ActionCode3":2,"n_ActionSet":12,"n_ActionSort":67,"c_Action":"Hoekschop","c_ActionShort":"HS","n_PeriodSort":2,"c_Period":"Eerste helft","c_PeriodShort":"1H","n_ActionTime":2721000,"n_HomeGoals":2,"n_AwayGoals":1,"n_HomeOrAway":-1,"n_TeamID":9,"c_Team":"NAC Breda","c_TeamShort":"NAC","n_PersonID":927449,"c_Person":"Adnane Tighadouini","c_PersonSort":"Tighadouini, Adnane","c_PersonShort":"Tighadouini","n_PersonNatioGeoID":2201,"c_PersonNatio":"Nederland","c_PersonNatioShort":"NED","n_TeamNatioGeoID":2201,"c_TeamNatio":"Nederland","c_TeamNatioShort":"NED","n_ActionReasonID":0,"c_ActionReason":null,"c_ActionInfo":"Rechtervoet","n_SubPersonID":null,"c_SubPerson":"","c_SubPersonShort":"","c_ActionMinute":"45'+1'"},{"n_ActionID":12077736,"n_ActionCode":512,"n_ActionCode2":8388608,"n_ActionCode3":2,"n_ActionSet":12,"n_ActionSort":68,"c_Action":"Hoekschop","c_ActionShort":"HS","n_PeriodSort":2,"c_Period":"Eerste helft","c_PeriodShort":"1H","n_ActionTime":2751000,"n_HomeGoals":2,"n_AwayGoals":1,"n_HomeOrAway":-1,"n_TeamID":9,"c_Team":"NAC Breda","c_TeamShort":"NAC","n_PersonID":927449,"c_Person":"Adnane Tighadouini","c_PersonSort":"Tighadouini, Adnane","c_PersonShort":"Tighadouini","n_PersonNatioGeoID":2201,"c_PersonNatio":"Nederland","c_PersonNatioShort":"NED","n_TeamNatioGeoID":2201,"c_TeamNatio":"Nederland","c_TeamNatioShort":"NED","n_ActionReasonID":0,"c_ActionReason":null,"c_ActionInfo":"Rechtervoet","n_SubPersonID":null,"c_SubPerson":"","c_SubPersonShort":"","c_ActionMinute":"45'+1'"},{"n_ActionID":12077737,"n_ActionCode":0,"n_ActionCode2":2048,"n_ActionCode3":0,"n_ActionSet":16,"n_ActionSort":69,"c_Action":"Einde periode","c_ActionShort":"Einde","n_PeriodSort":2,"c_Period":"Eerste helft","c_PeriodShort":"1H","n_ActionTime":2768000,"n_HomeGoals":2,"n_AwayGoals":1,"n_HomeOrAway":0,"n_TeamID":0,"c_Team":"","c_TeamShort":"","n_PersonID":0,"c_Person":"","c_PersonSort":"","c_PersonShort":"","n_PersonNatioGeoID":0,"c_PersonNatio":null,"c_PersonNatioShort":null,"n_TeamNatioGeoID":null,"c_TeamNatio":null,"c_TeamNatioShort":null,"n_ActionReasonID":0,"c_ActionReason":null,"c_ActionInfo":null,"n_SubPersonID":null,"c_SubPerson":"","c_SubPersonShort":"","c_ActionMinute":"45'+2'"},{"n_ActionID":12076373,"n_ActionCode":16384,"n_ActionCode2":0,"n_ActionCode3":0,"n_ActionSet":5,"n_ActionSort":70,"c_Action":"Wissel","c_ActionShort":"Wis","n_PeriodSort":3,"c_Period":"Rust","c_PeriodShort":"R","n_ActionTime":2760000,"n_HomeGoals":null,"n_AwayGoals":null,"n_HomeOrAway":1,"n_TeamID":11,"c_Team":"PSV","c_TeamShort":"PSV","n_PersonID":1095543,"c_Person":"Joshua Brenet","c_PersonSort":"Brenet, Joshua","c_PersonShort":"Brenet","n_PersonNatioGeoID":2201,"c_PersonNatio":"Nederland","c_PersonNatioShort":"NED","n_TeamNatioGeoID":2201,"c_TeamNatio":"Nederland","c_TeamNatioShort":"NED","n_ActionReasonID":0,"c_ActionReason":null,"c_ActionInfo":null,"n_SubPersonID":912336,"c_SubPerson":"Abel Tamata","c_SubPersonShort":"Tamata","c_ActionMinute":"46'"},{"n_ActionID":12077890,"n_ActionCode":0,"n_ActionCode2":1024,"n_ActionCode3":0,"n_ActionSet":16,"n_ActionSort":71,"c_Action":"Aftrap","c_ActionShort":"Begin","n_PeriodSort":4,"c_Period":"Tweede helft","c_PeriodShort":"2H","n_ActionTime":2700000,"n_HomeGoals":2,"n_AwayGoals":1,"n_HomeOrAway":1,"n_TeamID":11,"c_Team":"PSV","c_TeamShort":"PSV","n_PersonID":0,"c_Person":"","c_PersonSort":"","c_PersonShort":"","n_PersonNatioGeoID":0,"c_PersonNatio":null,"c_PersonNatioShort":null,"n_TeamNatioGeoID":2201,"c_TeamNatio":"Nederland","c_TeamNatioShort":"NED","n_ActionReasonID":0,"c_ActionReason":null,"c_ActionInfo":null,"n_SubPersonID":null,"c_SubPerson":"","c_SubPersonShort":"","c_ActionMinute":"45'"},{"n_ActionID":12077892,"n_ActionCode":2097152,"n_ActionCode2":0,"n_ActionCode3":0,"n_ActionSet":12,"n_ActionSort":72,"c_Action":"Overtreding","c_ActionShort":"OB","n_PeriodSort":4,"c_Period":"Tweede helft","c_PeriodShort":"2H","n_ActionTime":2734000,"n_HomeGoals":2,"n_AwayGoals":1,"n_HomeOrAway":1,"n_TeamID":11,"c_Team":"PSV","c_TeamShort":"PSV","n_PersonID":871971,"c_Person":"Oscar Hiljemark","c_PersonSort":"Hiljemark, Oscar","c_PersonShort":"Hiljemark","n_PersonNatioGeoID":2222,"c_PersonNatio":"Zweden","c_PersonNatioShort":"ZWE","n_TeamNatioGeoID":2201,"c_TeamNatio":"Nederland","c_TeamNatioShort":"NED","n_ActionReasonID":0,"c_ActionReason":null,"c_ActionInfo":null,"n_SubPersonID":715079,"c_SubPerson":"Erik Falkenburg","c_SubPersonShort":"Falkenburg","c_ActionMinute":"46'"},{"n_ActionID":12077895,"n_ActionCode":1024,"n_ActionCode2":0,"n_ActionCode3":2,"n_ActionSet":12,"n_ActionSort":73,"c_Action":"Vrije trap","c_ActionShort":"VT","n_PeriodSort":4,"c_Period":"Tweede helft","c_PeriodShort":"2H","n_ActionTime":2742000,"n_HomeGoals":2,"n_AwayGoals":1,"n_HomeOrAway":-1,"n_TeamID":9,"c_Team":"NAC Breda","c_TeamShort":"NAC","n_PersonID":715079,"c_Person":"Erik Falkenburg","c_PersonSort":"Falkenburg, Erik","c_PersonShort":"Falkenburg","n_PersonNatioGeoID":2201,"c_PersonNatio":"Nederland","c_PersonNatioShort":"NED","n_TeamNatioGeoID":2201,"c_TeamNatio":"Nederland","c_TeamNatioShort":"NED","n_ActionReasonID":0,"c_ActionReason":null,"c_ActionInfo":"Rechtervoet","n_SubPersonID":null,"c_SubPerson":"","c_SubPersonShort":"","c_ActionMinute":"46'"},{"n_ActionID":12077919,"n_ActionCode":536870912,"n_ActionCode2":0,"n_ActionCode3":0,"n_ActionSet":15,"n_ActionSort":74,"c_Action":"Geblokt Schot Door","c_ActionShort":"Gebl. Sch. Door","n_PeriodSort":4,"c_Period":"Tweede helft","c_PeriodShort":"2H","n_ActionTime":2840000,"n_HomeGoals":2,"n_AwayGoals":1,"n_HomeOrAway":-1,"n_TeamID":9,"c_Team":"NAC Breda","c_TeamShort":"NAC","n_PersonID":1290663,"c_Person":"Aleksandar Damcevski","c_PersonSort":"Damcevski, Aleksandar","c_PersonShort":"Damcevski","n_PersonNatioGeoID":4358,"c_PersonNatio":"Macedonië","c_PersonNatioShort":"MAC","n_TeamNatioGeoID":2201,"c_TeamNatio":"Nederland","c_TeamNatioShort":"NED","n_ActionReasonID":0,"c_ActionReason":null,"c_ActionInfo":null,"n_SubPersonID":null,"c_SubPerson":"","c_SubPersonShort":"","c_ActionMinute":"48'"},{"n_ActionID":12077920,"n_ActionCode":4194304,"n_ActionCode2":0,"n_ActionCode3":2,"n_ActionSet":15,"n_ActionSort":75,"c_Action":"Geblokt schot","c_ActionShort":"Gebl. Sch.","n_PeriodSort":4,"c_Period":"Tweede helft","c_PeriodShort":"2H","n_ActionTime":2840000,"n_HomeGoals":2,"n_AwayGoals":1,"n_HomeOrAway":1,"n_TeamID":11,"c_Team":"PSV","c_TeamShort":"PSV","n_PersonID":970689,"c_Person":"Jürgen Locadia","c_PersonSort":"Locadia, Jürgen","c_PersonShort":"Locadia","n_PersonNatioGeoID":2201,"c_PersonNatio":"Nederland","c_PersonNatioShort":"NED","n_TeamNatioGeoID":2201,"c_TeamNatio":"Nederland","c_TeamNatioShort":"NED","n_ActionReasonID":0,"c_ActionReason":null,"c_ActionInfo":"Rechtervoet","n_SubPersonID":null,"c_SubPerson":"","c_SubPersonShort":"","c_ActionMinute":"48'"},{"n_ActionID":12077913,"n_ActionCode":512,"n_ActionCode2":16777216,"n_ActionCode3":2,"n_ActionSet":12,"n_ActionSort":76,"c_Action":"Hoekschop","c_ActionShort":"HS","n_PeriodSort":4,"c_Period":"Tweede helft","c_PeriodShort":"2H","n_ActionTime":2865000,"n_HomeGoals":2,"n_AwayGoals":1,"n_HomeOrAway":1,"n_TeamID":11,"c_Team":"PSV","c_TeamShort":"PSV","n_PersonID":868287,"c_Person":"Adam Maher","c_PersonSort":"Maher, Adam","c_PersonShort":"Maher","n_PersonNatioGeoID":2201,"c_PersonNatio":"Nederland","c_PersonNatioShort":"NED","n_TeamNatioGeoID":2201,"c_TeamNatio":"Nederland","c_TeamNatioShort":"NED","n_ActionReasonID":0,"c_ActionReason":null,"c_ActionInfo":"Rechtervoet","n_SubPersonID":null,"c_SubPerson":"","c_SubPersonShort":"","c_ActionMinute":"48'"},{"n_ActionID":12076698,"n_ActionCode":16384,"n_ActionCode2":0,"n_ActionCode3":0,"n_ActionSet":5,"n_ActionSort":77,"c_Action":"Wissel","c_ActionShort":"Wis","n_PeriodSort":4,"c_Period":"Tweede helft","c_PeriodShort":"2H","n_ActionTime":2908000,"n_HomeGoals":null,"n_AwayGoals":null,"n_HomeOrAway":-1,"n_TeamID":9,"c_Team":"NAC Breda","c_TeamShort":"NAC","n_PersonID":598885,"c_Person":"Jeffrey Sarpong","c_PersonSort":"Sarpong, Jeffrey","c_PersonShort":"Sarpong","n_PersonNatioGeoID":2201,"c_PersonNatio":"Nederland","c_PersonNatioShort":"NED","n_TeamNatioGeoID":2201,"c_TeamNatio":"Nederland","c_TeamNatioShort":"NED","n_ActionReasonID":0,"c_ActionReason":null,"c_ActionInfo":null,"n_SubPersonID":927449,"c_SubPerson":"Adnane Tighadouini","c_SubPersonShort":"Tighadouini","c_ActionMinute":"49'"},{"n_ActionID":12077923,"n_ActionCode":16777216,"n_ActionCode2":134217728,"n_ActionCode3":0,"n_ActionSet":15,"n_ActionSort":78,"c_Action":"Doeltrap","c_ActionShort":"DT","n_PeriodSort":4,"c_Period":"Tweede helft","c_PeriodShort":"2H","n_ActionTime":2922000,"n_HomeGoals":2,"n_AwayGoals":1,"n_HomeOrAway":-1,"n_TeamID":9,"c_Team":"NAC Breda","c_TeamShort":"NAC","n_PersonID":92605,"c_Person":"Jelle ten Rouwelaar","c_PersonSort":"Ten Rouwelaar, Jelle","c_PersonShort":"ten Rouwelaar","n_PersonNatioGeoID":2201,"c_PersonNatio":"Nederland","c_PersonNatioShort":"NED","n_TeamNatioGeoID":2201,"c_TeamNatio":"Nederland","c_TeamNatioShort":"NED","n_ActionReasonID":0,"c_ActionReason":null,"c_ActionInfo":null,"n_SubPersonID":null,"c_SubPerson":"","c_SubPersonShort":"","c_ActionMinute":"49'"},{"n_ActionID":12077926,"n_ActionCode":2097152,"n_ActionCode2":0,"n_ActionCode3":0,"n_ActionSet":12,"n_ActionSort":79,"c_Action":"Overtreding","c_ActionShort":"OB","n_PeriodSort":4,"c_Period":"Tweede helft","c_PeriodShort":"2H","n_ActionTime":2926000,"n_HomeGoals":2,"n_AwayGoals":1,"n_HomeOrAway":1,"n_TeamID":11,"c_Team":"PSV","c_TeamShort":"PSV","n_PersonID":664067,"c_Person":"Georginio Wijnaldum","c_PersonSort":"Wijnaldum, Georginio","c_PersonShort":"Wijnaldum","n_PersonNatioGeoID":2201,"c_PersonNatio":"Nederland","c_PersonNatioShort":"NED","n_TeamNatioGeoID":2201,"c_TeamNatio":"Nederland","c_TeamNatioShort":"NED","n_ActionReasonID":0,"c_ActionReason":null,"c_ActionInfo":null,"n_SubPersonID":598885,"c_SubPerson":"Jeffrey Sarpong","c_SubPersonShort":"Sarpong","c_ActionMinute":"49'"},{"n_ActionID":12077927,"n_ActionCode":1024,"n_ActionCode2":0,"n_ActionCode3":2,"n_ActionSet":12,"n_ActionSort":80,"c_Action":"Vrije trap","c_ActionShort":"VT","n_PeriodSort":4,"c_Period":"Tweede helft","c_PeriodShort":"2H","n_ActionTime":2936000,"n_HomeGoals":2,"n_AwayGoals":1,"n_HomeOrAway":-1,"n_TeamID":9,"c_Team":"NAC Breda","c_TeamShort":"NAC","n_PersonID":978806,"c_Person":"Joeri de Kamps","c_PersonSort":"De Kamps, Joeri","c_PersonShort":"de Kamps","n_PersonNatioGeoID":2201,"c_PersonNatio":"Nederland","c_PersonNatioShort":"NED","n_TeamNatioGeoID":2201,"c_TeamNatio":"Nederland","c_TeamNatioShort":"NED","n_ActionReasonID":0,"c_ActionReason":null,"c_ActionInfo":"Rechtervoet","n_SubPersonID":null,"c_SubPerson":"","c_SubPersonShort":"","c_ActionMinute":"49'"},{"n_ActionID":12077931,"n_ActionCode":1048576,"n_ActionCode2":0,"n_ActionCode3":134217730,"n_ActionSet":12,"n_ActionSort":81,"c_Action":"Schot op doel","c_ActionShort":"SD","n_PeriodSort":4,"c_Period":"Tweede helft","c_PeriodShort":"2H","n_ActionTime":2975000,"n_HomeGoals":2,"n_AwayGoals":1,"n_HomeOrAway":-1,"n_TeamID":9,"c_Team":"NAC Breda","c_TeamShort":"NAC","n_PersonID":792663,"c_Person":"Uros Matic","c_PersonSort":"Matic, Uros","c_PersonShort":"Matic","n_PersonNatioGeoID":6944,"c_PersonNatio":"Servië","c_PersonNatioShort":"SER","n_TeamNatioGeoID":2201,"c_TeamNatio":"Nederland","c_TeamNatioShort":"NED","n_ActionReasonID":0,"c_ActionReason":null,"c_ActionInfo":"Rechtervoet","n_SubPersonID":null,"c_SubPerson":"","c_SubPersonShort":"","c_ActionMinute":"50'"},{"n_ActionID":12077932,"n_ActionCode":256,"n_ActionCode2":0,"n_ActionCode3":0,"n_ActionSet":12,"n_ActionSort":82,"c_Action":"Redding keeper","c_ActionShort":"RG","n_PeriodSort":4,"c_Period":"Tweede helft","c_PeriodShort":"2H","n_ActionTime":2980000,"n_HomeGoals":2,"n_AwayGoals":1,"n_HomeOrAway":1,"n_TeamID":11,"c_Team":"PSV","c_TeamShort":"PSV","n_PersonID":740537,"c_Person":"Jeroen Zoet","c_PersonSort":"Zoet, Jeroen","c_PersonShort":"Zoet","n_PersonNatioGeoID":2201,"c_PersonNatio":"Nederland","c_PersonNatioShort":"NED","n_TeamNatioGeoID":2201,"c_TeamNatio":"Nederland","c_TeamNatioShort":"NED","n_ActionReasonID":129,"c_ActionReason":null,"c_ActionInfo":null,"n_SubPersonID":null,"c_SubPerson":"","c_SubPersonShort":"","c_ActionMinute":"50'"},{"n_ActionID":12077934,"n_ActionCode":2097152,"n_ActionCode2":0,"n_ActionCode3":0,"n_ActionSet":12,"n_ActionSort":83,"c_Action":"Overtreding","c_ActionShort":"OB","n_PeriodSort":4,"c_Period":"Tweede helft","c_PeriodShort":"2H","n_ActionTime":3007000,"n_HomeGoals":2,"n_AwayGoals":1,"n_HomeOrAway":-1,"n_TeamID":9,"c_Team":"NAC Breda","c_TeamShort":"NAC","n_PersonID":1290663,"c_Person":"Aleksandar Damcevski","c_PersonSort":"Damcevski, Aleksandar","c_PersonShort":"Damcevski","n_PersonNatioGeoID":4358,"c_PersonNatio":"Macedonië","c_PersonNatioShort":"MAC","n_TeamNatioGeoID":2201,"c_TeamNatio":"Nederland","c_TeamNatioShort":"NED","n_ActionReasonID":0,"c_ActionReason":null,"c_ActionInfo":null,"n_SubPersonID":664067,"c_SubPerson":"Georginio Wijnaldum","c_SubPersonShort":"Wijnaldum","c_ActionMinute":"51'"},{"n_ActionID":12077944,"n_ActionCode":1024,"n_ActionCode2":0,"n_ActionCode3":2,"n_ActionSet":12,"n_ActionSort":84,"c_Action":"Vrije trap","c_ActionShort":"VT","n_PeriodSort":4,"c_Period":"Tweede helft","c_PeriodShort":"2H","n_ActionTime":3055000,"n_HomeGoals":2,"n_AwayGoals":1,"n_HomeOrAway":1,"n_TeamID":11,"c_Team":"PSV","c_TeamShort":"PSV","n_PersonID":970679,"c_Person":"Memphis Depay","c_PersonSort":"Depay, Memphis","c_PersonShort":"Depay","n_PersonNatioGeoID":2201,"c_PersonNatio":"Nederland","c_PersonNatioShort":"NED","n_TeamNatioGeoID":2201,"c_TeamNatio":"Nederland","c_TeamNatioShort":"NED","n_ActionReasonID":0,"c_ActionReason":null,"c_ActionInfo":"Rechtervoet","n_SubPersonID":null,"c_SubPerson":"","c_SubPersonShort":"","c_ActionMinute":"51'"},{"n_ActionID":12077945,"n_ActionCode":1028,"n_ActionCode2":2097152,"n_ActionCode3":258,"n_ActionSet":1,"n_ActionSort":85,"c_Action":"Doelpunt","c_ActionShort":"D","n_PeriodSort":4,"c_Period":"Tweede helft","c_PeriodShort":"2H","n_ActionTime":3066000,"n_HomeGoals":3,"n_AwayGoals":1,"n_HomeOrAway":1,"n_TeamID":11,"c_Team":"PSV","c_TeamShort":"PSV","n_PersonID":970679,"c_Person":"Memphis Depay","c_PersonSort":"Depay, Memphis","c_PersonShort":"Depay","n_PersonNatioGeoID":2201,"c_PersonNatio":"Nederland","c_PersonNatioShort":"NED","n_TeamNatioGeoID":2201,"c_TeamNatio":"Nederland","c_TeamNatioShort":"NED","n_ActionReasonID":86,"c_ActionReason":"Vrije trap","c_ActionInfo":"Rechtervoet","n_SubPersonID":null,"c_SubPerson":"","c_SubPersonShort":"","c_ActionMinute":"52'"},{"n_ActionID":12077949,"n_ActionCode":0,"n_ActionCode2":17408,"n_ActionCode3":0,"n_ActionSet":15,"n_ActionSort":86,"c_Action":"Aftrap","c_ActionShort":"AT","n_PeriodSort":4,"c_Period":"Tweede helft","c_PeriodShort":"2H","n_ActionTime":3109000,"n_HomeGoals":3,"n_AwayGoals":1,"n_HomeOrAway":-1,"n_TeamID":9,"c_Team":"NAC Breda","c_TeamShort":"NAC","n_PersonID":1204759,"c_Person":"Kingsley Boateng","c_PersonSort":"Boateng, Kingsley","c_PersonShort":"Boateng","n_PersonNatioGeoID":2210,"c_PersonNatio":"Italië","c_PersonNatioShort":"ITA","n_TeamNatioGeoID":2201,"c_TeamNatio":"Nederland","c_TeamNatioShort":"NED","n_ActionReasonID":0,"c_ActionReason":null,"c_ActionInfo":null,"n_SubPersonID":null,"c_SubPerson":"","c_SubPersonShort":"","c_ActionMinute":"52'"},{"n_ActionID":12077954,"n_ActionCode":4,"n_ActionCode2":0,"n_ActionCode3":67108865,"n_ActionSet":1,"n_ActionSort":87,"c_Action":"Doelpunt","c_ActionShort":"D","n_PeriodSort":4,"c_Period":"Tweede helft","c_PeriodShort":"2H","n_ActionTime":3152000,"n_HomeGoals":4,"n_AwayGoals":1,"n_HomeOrAway":1,"n_TeamID":11,"c_Team":"PSV","c_TeamShort":"PSV","n_PersonID":970689,"c_Person":"Jürgen Locadia","c_PersonSort":"Locadia, Jürgen","c_PersonShort":"Locadia","n_PersonNatioGeoID":2201,"c_PersonNatio":"Nederland","c_PersonNatioShort":"NED","n_TeamNatioGeoID":2201,"c_TeamNatio":"Nederland","c_TeamNatioShort":"NED","n_ActionReasonID":37,"c_ActionReason":"Assist","c_ActionInfo":"Linkervoet","n_SubPersonID":740670,"c_SubPerson":"Luuk de Jong","c_SubPersonShort":"L. de Jong","c_ActionMinute":"53'"},{"n_ActionID":12077962,"n_ActionCode":0,"n_ActionCode2":17408,"n_ActionCode3":0,"n_ActionSet":15,"n_ActionSort":88,"c_Action":"Aftrap","c_ActionShort":"AT","n_PeriodSort":4,"c_Period":"Tweede helft","c_PeriodShort":"2H","n_ActionTime":3201000,"n_HomeGoals":4,"n_AwayGoals":1,"n_HomeOrAway":-1,"n_TeamID":9,"c_Team":"NAC Breda","c_TeamShort":"NAC","n_PersonID":1204759,"c_Person":"Kingsley Boateng","c_PersonSort":"Boateng, Kingsley","c_PersonShort":"Boateng","n_PersonNatioGeoID":2210,"c_PersonNatio":"Italië","c_PersonNatioShort":"ITA","n_TeamNatioGeoID":2201,"c_TeamNatio":"Nederland","c_TeamNatioShort":"NED","n_ActionReasonID":0,"c_ActionReason":null,"c_ActionInfo":null,"n_SubPersonID":null,"c_SubPerson":"","c_SubPersonShort":"","c_ActionMinute":"54'"},{"n_ActionID":12077993,"n_ActionCode":16777216,"n_ActionCode2":268435456,"n_ActionCode3":0,"n_ActionSet":15,"n_ActionSort":89,"c_Action":"Doeltrap","c_ActionShort":"DT","n_PeriodSort":4,"c_Period":"Tweede helft","c_PeriodShort":"2H","n_ActionTime":3367000,"n_HomeGoals":4,"n_AwayGoals":1,"n_HomeOrAway":-1,"n_TeamID":9,"c_Team":"NAC Breda","c_TeamShort":"NAC","n_PersonID":92605,"c_Person":"Jelle ten Rouwelaar","c_PersonSort":"Ten Rouwelaar, Jelle","c_PersonShort":"ten Rouwelaar","n_PersonNatioGeoID":2201,"c_PersonNatio":"Nederland","c_PersonNatioShort":"NED","n_TeamNatioGeoID":2201,"c_TeamNatio":"Nederland","c_TeamNatioShort":"NED","n_ActionReasonID":0,"c_ActionReason":null,"c_ActionInfo":null,"n_SubPersonID":null,"c_SubPerson":"","c_SubPersonShort":"","c_ActionMinute":"57'"},{"n_ActionID":12077999,"n_ActionCode":4,"n_ActionCode2":0,"n_ActionCode3":67239938,"n_ActionSet":1,"n_ActionSort":90,"c_Action":"Doelpunt","c_ActionShort":"D","n_PeriodSort":4,"c_Period":"Tweede helft","c_PeriodShort":"2H","n_ActionTime":3402000,"n_HomeGoals":5,"n_AwayGoals":1,"n_HomeOrAway":1,"n_TeamID":11,"c_Team":"PSV","c_TeamShort":"PSV","n_PersonID":664067,"c_Person":"Georginio Wijnaldum","c_PersonSort":"Wijnaldum, Georginio","c_PersonShort":"Wijnaldum","n_PersonNatioGeoID":2201,"c_PersonNatio":"Nederland","c_PersonNatioShort":"NED","n_TeamNatioGeoID":2201,"c_TeamNatio":"Nederland","c_TeamNatioShort":"NED","n_ActionReasonID":37,"c_ActionReason":"Assist","c_ActionInfo":"Rechtervoet","n_SubPersonID":970689,"c_SubPerson":"Jürgen Locadia","c_SubPersonShort":"Locadia","c_ActionMinute":"57'"},{"n_ActionID":12078010,"n_ActionCode":0,"n_ActionCode2":17408,"n_ActionCode3":0,"n_ActionSet":15,"n_ActionSort":91,"c_Action":"Aftrap","c_ActionShort":"AT","n_PeriodSort":4,"c_Period":"Tweede helft","c_PeriodShort":"2H","n_ActionTime":3461000,"n_HomeGoals":5,"n_AwayGoals":1,"n_HomeOrAway":-1,"n_TeamID":9,"c_Team":"NAC Breda","c_TeamShort":"NAC","n_PersonID":1204759,"c_Person":"Kingsley Boateng","c_PersonSort":"Boateng, Kingsley","c_PersonShort":"Boateng","n_PersonNatioGeoID":2210,"c_PersonNatio":"Italië","c_PersonNatioShort":"ITA","n_TeamNatioGeoID":2201,"c_TeamNatio":"Nederland","c_TeamNatioShort":"NED","n_ActionReasonID":0,"c_ActionReason":null,"c_ActionInfo":null,"n_SubPersonID":null,"c_SubPerson":"","c_SubPersonShort":"","c_ActionMinute":"58'"},{"n_ActionID":12078017,"n_ActionCode":2097152,"n_ActionCode2":0,"n_ActionCode3":0,"n_ActionSet":12,"n_ActionSort":92,"c_Action":"Overtreding","c_ActionShort":"OB","n_PeriodSort":4,"c_Period":"Tweede helft","c_PeriodShort":"2H","n_ActionTime":3506000,"n_HomeGoals":5,"n_AwayGoals":1,"n_HomeOrAway":1,"n_TeamID":11,"c_Team":"PSV","c_TeamShort":"PSV","n_PersonID":740670,"c_Person":"Luuk de Jong","c_PersonSort":"De Jong, Luuk","c_PersonShort":"L. de Jong","n_PersonNatioGeoID":2201,"c_PersonNatio":"Nederland","c_PersonNatioShort":"NED","n_TeamNatioGeoID":2201,"c_TeamNatio":"Nederland","c_TeamNatioShort":"NED","n_ActionReasonID":45,"c_ActionReason":"Handsbal","c_ActionInfo":null,"n_SubPersonID":null,"c_SubPerson":"","c_SubPersonShort":"","c_ActionMinute":"59'"},{"n_ActionID":12078019,"n_ActionCode":1024,"n_ActionCode2":0,"n_ActionCode3":2,"n_ActionSet":12,"n_ActionSort":93,"c_Action":"Vrije trap","c_ActionShort":"VT","n_PeriodSort":4,"c_Period":"Tweede helft","c_PeriodShort":"2H","n_ActionTime":3513000,"n_HomeGoals":5,"n_AwayGoals":1,"n_HomeOrAway":-1,"n_TeamID":9,"c_Team":"NAC Breda","c_TeamShort":"NAC","n_PersonID":978806,"c_Person":"Joeri de Kamps","c_PersonSort":"De Kamps, Joeri","c_PersonShort":"de Kamps","n_PersonNatioGeoID":2201,"c_PersonNatio":"Nederland","c_PersonNatioShort":"NED","n_TeamNatioGeoID":2201,"c_TeamNatio":"Nederland","c_TeamNatioShort":"NED","n_ActionReasonID":0,"c_ActionReason":null,"c_ActionInfo":"Rechtervoet","n_SubPersonID":null,"c_SubPerson":"","c_SubPersonShort":"","c_ActionMinute":"59'"},{"n_ActionID":12078024,"n_ActionCode":65536,"n_ActionCode2":0,"n_ActionCode3":2,"n_ActionSet":12,"n_ActionSort":94,"c_Action":"Schot naast","c_ActionShort":"SN","n_PeriodSort":4,"c_Period":"Tweede helft","c_PeriodShort":"2H","n_ActionTime":3564000,"n_HomeGoals":5,"n_AwayGoals":1,"n_HomeOrAway":1,"n_TeamID":11,"c_Team":"PSV","c_TeamShort":"PSV","n_PersonID":970689,"c_Person":"Jürgen Locadia","c_PersonSort":"Locadia, Jürgen","c_PersonShort":"Locadia","n_PersonNatioGeoID":2201,"c_PersonNatio":"Nederland","c_PersonNatioShort":"NED","n_TeamNatioGeoID":2201,"c_TeamNatio":"Nederland","c_TeamNatioShort":"NED","n_ActionReasonID":0,"c_ActionReason":null,"c_ActionInfo":"Rechtervoet","n_SubPersonID":null,"c_SubPerson":"","c_SubPersonShort":"","c_ActionMinute":"60'"},{"n_ActionID":12078026,"n_ActionCode":16777216,"n_ActionCode2":134217728,"n_ActionCode3":0,"n_ActionSet":15,"n_ActionSort":95,"c_Action":"Doeltrap","c_ActionShort":"DT","n_PeriodSort":4,"c_Period":"Tweede helft","c_PeriodShort":"2H","n_ActionTime":3587000,"n_HomeGoals":5,"n_AwayGoals":1,"n_HomeOrAway":-1,"n_TeamID":9,"c_Team":"NAC Breda","c_TeamShort":"NAC","n_PersonID":92605,"c_Person":"Jelle ten Rouwelaar","c_PersonSort":"Ten Rouwelaar, Jelle","c_PersonShort":"ten Rouwelaar","n_PersonNatioGeoID":2201,"c_PersonNatio":"Nederland","c_PersonNatioShort":"NED","n_TeamNatioGeoID":2201,"c_TeamNatio":"Nederland","c_TeamNatioShort":"NED","n_ActionReasonID":0,"c_ActionReason":null,"c_ActionInfo":null,"n_SubPersonID":null,"c_SubPerson":"","c_SubPersonShort":"","c_ActionMinute":"60'"},{"n_ActionID":12078048,"n_ActionCode":16777216,"n_ActionCode2":268435456,"n_ActionCode3":0,"n_ActionSet":15,"n_ActionSort":96,"c_Action":"Doeltrap","c_ActionShort":"DT","n_PeriodSort":4,"c_Period":"Tweede helft","c_PeriodShort":"2H","n_ActionTime":3684000,"n_HomeGoals":5,"n_AwayGoals":1,"n_HomeOrAway":1,"n_TeamID":11,"c_Team":"PSV","c_TeamShort":"PSV","n_PersonID":740537,"c_Person":"Jeroen Zoet","c_PersonSort":"Zoet, Jeroen","c_PersonShort":"Zoet","n_PersonNatioGeoID":2201,"c_PersonNatio":"Nederland","c_PersonNatioShort":"NED","n_TeamNatioGeoID":2201,"c_TeamNatio":"Nederland","c_TeamNatioShort":"NED","n_ActionReasonID":0,"c_ActionReason":null,"c_ActionInfo":null,"n_SubPersonID":null,"c_SubPerson":"","c_SubPersonShort":"","c_ActionMinute":"62'"},{"n_ActionID":12078050,"n_ActionCode":1048576,"n_ActionCode2":0,"n_ActionCode3":134217730,"n_ActionSet":12,"n_ActionSort":97,"c_Action":"Schot op doel","c_ActionShort":"SD","n_PeriodSort":4,"c_Period":"Tweede helft","c_PeriodShort":"2H","n_ActionTime":3698000,"n_HomeGoals":5,"n_AwayGoals":1,"n_HomeOrAway":-1,"n_TeamID":9,"c_Team":"NAC Breda","c_TeamShort":"NAC","n_PersonID":1204759,"c_Person":"Kingsley Boateng","c_PersonSort":"Boateng, Kingsley","c_PersonShort":"Boateng","n_PersonNatioGeoID":2210,"c_PersonNatio":"Italië","c_PersonNatioShort":"ITA","n_TeamNatioGeoID":2201,"c_TeamNatio":"Nederland","c_TeamNatioShort":"NED","n_ActionReasonID":0,"c_ActionReason":null,"c_ActionInfo":"Rechtervoet","n_SubPersonID":null,"c_SubPerson":"","c_SubPersonShort":"","c_ActionMinute":"62'"},{"n_ActionID":12078051,"n_ActionCode":256,"n_ActionCode2":0,"n_ActionCode3":0,"n_ActionSet":12,"n_ActionSort":98,"c_Action":"Redding keeper","c_ActionShort":"RG","n_PeriodSort":4,"c_Period":"Tweede helft","c_PeriodShort":"2H","n_ActionTime":3705000,"n_HomeGoals":5,"n_AwayGoals":1,"n_HomeOrAway":1,"n_TeamID":11,"c_Team":"PSV","c_TeamShort":"PSV","n_PersonID":740537,"c_Person":"Jeroen Zoet","c_PersonSort":"Zoet, Jeroen","c_PersonShort":"Zoet","n_PersonNatioGeoID":2201,"c_PersonNatio":"Nederland","c_PersonNatioShort":"NED","n_TeamNatioGeoID":2201,"c_TeamNatio":"Nederland","c_TeamNatioShort":"NED","n_ActionReasonID":128,"c_ActionReason":null,"c_ActionInfo":null,"n_SubPersonID":null,"c_SubPerson":"","c_SubPersonShort":"","c_ActionMinute":"62'"},{"n_ActionID":12078102,"n_ActionCode":16777216,"n_ActionCode2":134217728,"n_ActionCode3":0,"n_ActionSet":15,"n_ActionSort":99,"c_Action":"Doeltrap","c_ActionShort":"DT","n_PeriodSort":4,"c_Period":"Tweede helft","c_PeriodShort":"2H","n_ActionTime":3873000,"n_HomeGoals":5,"n_AwayGoals":1,"n_HomeOrAway":1,"n_TeamID":11,"c_Team":"PSV","c_TeamShort":"PSV","n_PersonID":740537,"c_Person":"Jeroen Zoet","c_PersonSort":"Zoet, Jeroen","c_PersonShort":"Zoet","n_PersonNatioGeoID":2201,"c_PersonNatio":"Nederland","c_PersonNatioShort":"NED","n_TeamNatioGeoID":2201,"c_TeamNatio":"Nederland","c_TeamNatioShort":"NED","n_ActionReasonID":0,"c_ActionReason":null,"c_ActionInfo":null,"n_SubPersonID":null,"c_SubPerson":"","c_SubPersonShort":"","c_ActionMinute":"65'"},{"n_ActionID":12078123,"n_ActionCode":65536,"n_ActionCode2":0,"n_ActionCode3":1,"n_ActionSet":12,"n_ActionSort":100,"c_Action":"Schot naast","c_ActionShort":"SN","n_PeriodSort":4,"c_Period":"Tweede helft","c_PeriodShort":"2H","n_ActionTime":3939000,"n_HomeGoals":5,"n_AwayGoals":1,"n_HomeOrAway":-1,"n_TeamID":9,"c_Team":"NAC Breda","c_TeamShort":"NAC","n_PersonID":810474,"c_Person":"Rémy Amieux","c_PersonSort":"Amieux, Rémy","c_PersonShort":"Amieux","n_PersonNatioGeoID":2202,"c_PersonNatio":"Frankrijk","c_PersonNatioShort":"FRA","n_TeamNatioGeoID":2201,"c_TeamNatio":"Nederland","c_TeamNatioShort":"NED","n_ActionReasonID":0,"c_ActionReason":null,"c_ActionInfo":"Linkervoet","n_SubPersonID":null,"c_SubPerson":"","c_SubPersonShort":"","c_ActionMinute":"66'"},{"n_ActionID":12078134,"n_ActionCode":16777216,"n_ActionCode2":268435456,"n_ActionCode3":0,"n_ActionSet":15,"n_ActionSort":101,"c_Action":"Doeltrap","c_ActionShort":"DT","n_PeriodSort":4,"c_Period":"Tweede helft","c_PeriodShort":"2H","n_ActionTime":3963000,"n_HomeGoals":5,"n_AwayGoals":1,"n_HomeOrAway":1,"n_TeamID":11,"c_Team":"PSV","c_TeamShort":"PSV","n_PersonID":740537,"c_Person":"Jeroen Zoet","c_PersonSort":"Zoet, Jeroen","c_PersonShort":"Zoet","n_PersonNatioGeoID":2201,"c_PersonNatio":"Nederland","c_PersonNatioShort":"NED","n_TeamNatioGeoID":2201,"c_TeamNatio":"Nederland","c_TeamNatioShort":"NED","n_ActionReasonID":0,"c_ActionReason":null,"c_ActionInfo":null,"n_SubPersonID":null,"c_SubPerson":"","c_SubPersonShort":"","c_ActionMinute":"67'"},{"n_ActionID":12078156,"n_ActionCode":2097152,"n_ActionCode2":0,"n_ActionCode3":0,"n_ActionSet":12,"n_ActionSort":102,"c_Action":"Overtreding","c_ActionShort":"OB","n_PeriodSort":4,"c_Period":"Tweede helft","c_PeriodShort":"2H","n_ActionTime":4009000,"n_HomeGoals":5,"n_AwayGoals":1,"n_HomeOrAway":-1,"n_TeamID":9,"c_Team":"NAC Breda","c_TeamShort":"NAC","n_PersonID":978806,"c_Person":"Joeri de Kamps","c_PersonSort":"De Kamps, Joeri","c_PersonShort":"de Kamps","n_PersonNatioGeoID":2201,"c_PersonNatio":"Nederland","c_PersonNatioShort":"NED","n_TeamNatioGeoID":2201,"c_TeamNatio":"Nederland","c_TeamNatioShort":"NED","n_ActionReasonID":0,"c_ActionReason":null,"c_ActionInfo":null,"n_SubPersonID":664067,"c_SubPerson":"Georginio Wijnaldum","c_SubPersonShort":"Wijnaldum","c_ActionMinute":"67'"},{"n_ActionID":12078158,"n_ActionCode":1024,"n_ActionCode2":0,"n_ActionCode3":2,"n_ActionSet":12,"n_ActionSort":103,"c_Action":"Vrije trap","c_ActionShort":"VT","n_PeriodSort":4,"c_Period":"Tweede helft","c_PeriodShort":"2H","n_ActionTime":4013000,"n_HomeGoals":5,"n_AwayGoals":1,"n_HomeOrAway":1,"n_TeamID":11,"c_Team":"PSV","c_TeamShort":"PSV","n_PersonID":664067,"c_Person":"Georginio Wijnaldum","c_PersonSort":"Wijnaldum, Georginio","c_PersonShort":"Wijnaldum","n_PersonNatioGeoID":2201,"c_PersonNatio":"Nederland","c_PersonNatioShort":"NED","n_TeamNatioGeoID":2201,"c_TeamNatio":"Nederland","c_TeamNatioShort":"NED","n_ActionReasonID":0,"c_ActionReason":null,"c_ActionInfo":"Rechtervoet","n_SubPersonID":null,"c_SubPerson":"","c_SubPersonShort":"","c_ActionMinute":"67'"},{"n_ActionID":12076701,"n_ActionCode":16384,"n_ActionCode2":0,"n_ActionCode3":0,"n_ActionSet":5,"n_ActionSort":104,"c_Action":"Wissel","c_ActionShort":"Wis","n_PeriodSort":4,"c_Period":"Tweede helft","c_PeriodShort":"2H","n_ActionTime":4133000,"n_HomeGoals":null,"n_AwayGoals":null,"n_HomeOrAway":-1,"n_TeamID":9,"c_Team":"NAC Breda","c_TeamShort":"NAC","n_PersonID":948975,"c_Person":"Mats Seuntjens","c_PersonSort":"Seuntjens, Mats","c_PersonShort":"Seuntjens","n_PersonNatioGeoID":2201,"c_PersonNatio":"Nederland","c_PersonNatioShort":"NED","n_TeamNatioGeoID":2201,"c_TeamNatio":"Nederland","c_TeamNatioShort":"NED","n_ActionReasonID":0,"c_ActionReason":null,"c_ActionInfo":null,"n_SubPersonID":1064273,"c_SubPerson":"Elson Hooi","c_SubPersonShort":"Hooi","c_ActionMinute":"69'"},{"n_ActionID":12078202,"n_ActionCode":16777216,"n_ActionCode2":268435456,"n_ActionCode3":0,"n_ActionSet":15,"n_ActionSort":105,"c_Action":"Doeltrap","c_ActionShort":"DT","n_PeriodSort":4,"c_Period":"Tweede helft","c_PeriodShort":"2H","n_ActionTime":4143000,"n_HomeGoals":5,"n_AwayGoals":1,"n_HomeOrAway":1,"n_TeamID":11,"c_Team":"PSV","c_TeamShort":"PSV","n_PersonID":740537,"c_Person":"Jeroen Zoet","c_PersonSort":"Zoet, Jeroen","c_PersonShort":"Zoet","n_PersonNatioGeoID":2201,"c_PersonNatio":"Nederland","c_PersonNatioShort":"NED","n_TeamNatioGeoID":2201,"c_TeamNatio":"Nederland","c_TeamNatioShort":"NED","n_ActionReasonID":0,"c_ActionReason":null,"c_ActionInfo":null,"n_SubPersonID":null,"c_SubPerson":"","c_SubPersonShort":"","c_ActionMinute":"70'"},{"n_ActionID":12078214,"n_ActionCode":1048576,"n_ActionCode2":0,"n_ActionCode3":67108866,"n_ActionSet":12,"n_ActionSort":106,"c_Action":"Schot op doel","c_ActionShort":"SD","n_PeriodSort":4,"c_Period":"Tweede helft","c_PeriodShort":"2H","n_ActionTime":4197000,"n_HomeGoals":5,"n_AwayGoals":1,"n_HomeOrAway":-1,"n_TeamID":9,"c_Team":"NAC Breda","c_TeamShort":"NAC","n_PersonID":598885,"c_Person":"Jeffrey Sarpong","c_PersonSort":"Sarpong, Jeffrey","c_PersonShort":"Sarpong","n_PersonNatioGeoID":2201,"c_PersonNatio":"Nederland","c_PersonNatioShort":"NED","n_TeamNatioGeoID":2201,"c_TeamNatio":"Nederland","c_TeamNatioShort":"NED","n_ActionReasonID":0,"c_ActionReason":null,"c_ActionInfo":"Rechtervoet","n_SubPersonID":null,"c_SubPerson":"","c_SubPersonShort":"","c_ActionMinute":"70'"},{"n_ActionID":12078218,"n_ActionCode":256,"n_ActionCode2":0,"n_ActionCode3":0,"n_ActionSet":12,"n_ActionSort":107,"c_Action":"Redding keeper","c_ActionShort":"RG","n_PeriodSort":4,"c_Period":"Tweede helft","c_PeriodShort":"2H","n_ActionTime":4202000,"n_HomeGoals":5,"n_AwayGoals":1,"n_HomeOrAway":1,"n_TeamID":11,"c_Team":"PSV","c_TeamShort":"PSV","n_PersonID":740537,"c_Person":"Jeroen Zoet","c_PersonSort":"Zoet, Jeroen","c_PersonShort":"Zoet","n_PersonNatioGeoID":2201,"c_PersonNatio":"Nederland","c_PersonNatioShort":"NED","n_TeamNatioGeoID":2201,"c_TeamNatio":"Nederland","c_TeamNatioShort":"NED","n_ActionReasonID":129,"c_ActionReason":null,"c_ActionInfo":null,"n_SubPersonID":null,"c_SubPerson":"","c_SubPersonShort":"","c_ActionMinute":"71'"},{"n_ActionID":12078222,"n_ActionCode":536870912,"n_ActionCode2":0,"n_ActionCode3":0,"n_ActionSet":15,"n_ActionSort":108,"c_Action":"Geblokt Schot Door","c_ActionShort":"Gebl. Sch. Door","n_PeriodSort":4,"c_Period":"Tweede helft","c_PeriodShort":"2H","n_ActionTime":4208000,"n_HomeGoals":5,"n_AwayGoals":1,"n_HomeOrAway":1,"n_TeamID":11,"c_Team":"PSV","c_TeamShort":"PSV","n_PersonID":802770,"c_Person":"Jeffrey Bruma","c_PersonSort":"Bruma, Jeffrey","c_PersonShort":"Bruma","n_PersonNatioGeoID":2201,"c_PersonNatio":"Nederland","c_PersonNatioShort":"NED","n_TeamNatioGeoID":2201,"c_TeamNatio":"Nederland","c_TeamNatioShort":"NED","n_ActionReasonID":0,"c_ActionReason":null,"c_ActionInfo":null,"n_SubPersonID":null,"c_SubPerson":"","c_SubPersonShort":"","c_ActionMinute":"71'"},{"n_ActionID":12078223,"n_ActionCode":4194304,"n_ActionCode2":0,"n_ActionCode3":2,"n_ActionSet":15,"n_ActionSort":109,"c_Action":"Geblokt schot","c_ActionShort":"Gebl. Sch.","n_PeriodSort":4,"c_Period":"Tweede helft","c_PeriodShort":"2H","n_ActionTime":4208000,"n_HomeGoals":5,"n_AwayGoals":1,"n_HomeOrAway":-1,"n_TeamID":9,"c_Team":"NAC Breda","c_TeamShort":"NAC","n_PersonID":598885,"c_Person":"Jeffrey Sarpong","c_PersonSort":"Sarpong, Jeffrey","c_PersonShort":"Sarpong","n_PersonNatioGeoID":2201,"c_PersonNatio":"Nederland","c_PersonNatioShort":"NED","n_TeamNatioGeoID":2201,"c_TeamNatio":"Nederland","c_TeamNatioShort":"NED","n_ActionReasonID":0,"c_ActionReason":null,"c_ActionInfo":"Rechtervoet","n_SubPersonID":null,"c_SubPerson":"","c_SubPersonShort":"","c_ActionMinute":"71'"},{"n_ActionID":12078254,"n_ActionCode":2097152,"n_ActionCode2":0,"n_ActionCode3":0,"n_ActionSet":12,"n_ActionSort":110,"c_Action":"Overtreding","c_ActionShort":"OB","n_PeriodSort":4,"c_Period":"Tweede helft","c_PeriodShort":"2H","n_ActionTime":4321000,"n_HomeGoals":5,"n_AwayGoals":1,"n_HomeOrAway":-1,"n_TeamID":9,"c_Team":"NAC Breda","c_TeamShort":"NAC","n_PersonID":598885,"c_Person":"Jeffrey Sarpong","c_PersonSort":"Sarpong, Jeffrey","c_PersonShort":"Sarpong","n_PersonNatioGeoID":2201,"c_PersonNatio":"Nederland","c_PersonNatioShort":"NED","n_TeamNatioGeoID":2201,"c_TeamNatio":"Nederland","c_TeamNatioShort":"NED","n_ActionReasonID":0,"c_ActionReason":null,"c_ActionInfo":null,"n_SubPersonID":970689,"c_SubPerson":"Jürgen Locadia","c_SubPersonShort":"Locadia","c_ActionMinute":"73'"},{"n_ActionID":12076377,"n_ActionCode":16384,"n_ActionCode2":0,"n_ActionCode3":0,"n_ActionSet":5,"n_ActionSort":111,"c_Action":"Wissel","c_ActionShort":"Wis","n_PeriodSort":4,"c_Period":"Tweede helft","c_PeriodShort":"2H","n_ActionTime":4348000,"n_HomeGoals":null,"n_AwayGoals":null,"n_HomeOrAway":1,"n_TeamID":11,"c_Team":"PSV","c_TeamShort":"PSV","n_PersonID":1115087,"c_Person":"Jorrit Hendrix","c_PersonSort":"Hendrix, Jorrit","c_PersonShort":"Hendrix","n_PersonNatioGeoID":2201,"c_PersonNatio":"Nederland","c_PersonNatioShort":"NED","n_TeamNatioGeoID":2201,"c_TeamNatio":"Nederland","c_TeamNatioShort":"NED","n_ActionReasonID":0,"c_ActionReason":null,"c_ActionInfo":null,"n_SubPersonID":857345,"c_SubPerson":"Santiago Arias","c_SubPersonShort":"Arias","c_ActionMinute":"73'"},{"n_ActionID":12078278,"n_ActionCode":1024,"n_ActionCode2":0,"n_ActionCode3":2,"n_ActionSet":12,"n_ActionSort":112,"c_Action":"Vrije trap","c_ActionShort":"VT","n_PeriodSort":4,"c_Period":"Tweede helft","c_PeriodShort":"2H","n_ActionTime":4374000,"n_HomeGoals":5,"n_AwayGoals":1,"n_HomeOrAway":1,"n_TeamID":11,"c_Team":"PSV","c_TeamShort":"PSV","n_PersonID":970679,"c_Person":"Memphis Depay","c_PersonSort":"Depay, Memphis","c_PersonShort":"Depay","n_PersonNatioGeoID":2201,"c_PersonNatio":"Nederland","c_PersonNatioShort":"NED","n_TeamNatioGeoID":2201,"c_TeamNatio":"Nederland","c_TeamNatioShort":"NED","n_ActionReasonID":0,"c_ActionReason":null,"c_ActionInfo":"Rechtervoet","n_SubPersonID":null,"c_SubPerson":"","c_SubPersonShort":"","c_ActionMinute":"73'"},{"n_ActionID":12078280,"n_ActionCode":1028,"n_ActionCode2":2097152,"n_ActionCode3":258,"n_ActionSet":1,"n_ActionSort":113,"c_Action":"Doelpunt","c_ActionShort":"D","n_PeriodSort":4,"c_Period":"Tweede helft","c_PeriodShort":"2H","n_ActionTime":4375000,"n_HomeGoals":6,"n_AwayGoals":1,"n_HomeOrAway":1,"n_TeamID":11,"c_Team":"PSV","c_TeamShort":"PSV","n_PersonID":970679,"c_Person":"Memphis Depay","c_PersonSort":"Depay, Memphis","c_PersonShort":"Depay","n_PersonNatioGeoID":2201,"c_PersonNatio":"Nederland","c_PersonNatioShort":"NED","n_TeamNatioGeoID":2201,"c_TeamNatio":"Nederland","c_TeamNatioShort":"NED","n_ActionReasonID":86,"c_ActionReason":"Vrije trap","c_ActionInfo":"Rechtervoet","n_SubPersonID":null,"c_SubPerson":"","c_SubPersonShort":"","c_ActionMinute":"73'"},{"n_ActionID":12078298,"n_ActionCode":0,"n_ActionCode2":17408,"n_ActionCode3":0,"n_ActionSet":15,"n_ActionSort":114,"c_Action":"Aftrap","c_ActionShort":"AT","n_PeriodSort":4,"c_Period":"Tweede helft","c_PeriodShort":"2H","n_ActionTime":4431000,"n_HomeGoals":6,"n_AwayGoals":1,"n_HomeOrAway":-1,"n_TeamID":9,"c_Team":"NAC Breda","c_TeamShort":"NAC","n_PersonID":1204759,"c_Person":"Kingsley Boateng","c_PersonSort":"Boateng, Kingsley","c_PersonShort":"Boateng","n_PersonNatioGeoID":2210,"c_PersonNatio":"Italië","c_PersonNatioShort":"ITA","n_TeamNatioGeoID":2201,"c_TeamNatio":"Nederland","c_TeamNatioShort":"NED","n_ActionReasonID":0,"c_ActionReason":null,"c_ActionInfo":null,"n_SubPersonID":null,"c_SubPerson":"","c_SubPersonShort":"","c_ActionMinute":"74'"},{"n_ActionID":12078333,"n_ActionCode":536870912,"n_ActionCode2":0,"n_ActionCode3":0,"n_ActionSet":15,"n_ActionSort":115,"c_Action":"Geblokt Schot Door","c_ActionShort":"Gebl. Sch. Door","n_PeriodSort":4,"c_Period":"Tweede helft","c_PeriodShort":"2H","n_ActionTime":4503000,"n_HomeGoals":6,"n_AwayGoals":1,"n_HomeOrAway":-1,"n_TeamID":9,"c_Team":"NAC Breda","c_TeamShort":"NAC","n_PersonID":1290663,"c_Person":"Aleksandar Damcevski","c_PersonSort":"Damcevski, Aleksandar","c_PersonShort":"Damcevski","n_PersonNatioGeoID":4358,"c_PersonNatio":"Macedonië","c_PersonNatioShort":"MAC","n_TeamNatioGeoID":2201,"c_TeamNatio":"Nederland","c_TeamNatioShort":"NED","n_ActionReasonID":0,"c_ActionReason":null,"c_ActionInfo":null,"n_SubPersonID":null,"c_SubPerson":"","c_SubPersonShort":"","c_ActionMinute":"76'"},{"n_ActionID":12078334,"n_ActionCode":4194304,"n_ActionCode2":0,"n_ActionCode3":2,"n_ActionSet":15,"n_ActionSort":116,"c_Action":"Geblokt schot","c_ActionShort":"Gebl. Sch.","n_PeriodSort":4,"c_Period":"Tweede helft","c_PeriodShort":"2H","n_ActionTime":4503000,"n_HomeGoals":6,"n_AwayGoals":1,"n_HomeOrAway":1,"n_TeamID":11,"c_Team":"PSV","c_TeamShort":"PSV","n_PersonID":868287,"c_Person":"Adam Maher","c_PersonSort":"Maher, Adam","c_PersonShort":"Maher","n_PersonNatioGeoID":2201,"c_PersonNatio":"Nederland","c_PersonNatioShort":"NED","n_TeamNatioGeoID":2201,"c_TeamNatio":"Nederland","c_TeamNatioShort":"NED","n_ActionReasonID":0,"c_ActionReason":null,"c_ActionInfo":"Rechtervoet","n_SubPersonID":null,"c_SubPerson":"","c_SubPersonShort":"","c_ActionMinute":"76'"},{"n_ActionID":12078393,"n_ActionCode":0,"n_ActionCode2":8,"n_ActionCode3":0,"n_ActionSet":11,"n_ActionSort":117,"c_Action":"Wissel aanvoerder","c_ActionShort":"aanv. Wis.","n_PeriodSort":4,"c_Period":"Tweede helft","c_PeriodShort":"2H","n_ActionTime":4683000,"n_HomeGoals":6,"n_AwayGoals":1,"n_HomeOrAway":1,"n_TeamID":11,"c_Team":"PSV","c_TeamShort":"PSV","n_PersonID":871971,"c_Person":"Oscar Hiljemark","c_PersonSort":"Hiljemark, Oscar","c_PersonShort":"Hiljemark","n_PersonNatioGeoID":2222,"c_PersonNatio":"Zweden","c_PersonNatioShort":"ZWE","n_TeamNatioGeoID":2201,"c_TeamNatio":"Nederland","c_TeamNatioShort":"NED","n_ActionReasonID":0,"c_ActionReason":null,"c_ActionInfo":null,"n_SubPersonID":null,"c_SubPerson":"","c_SubPersonShort":"","c_ActionMinute":"79'"},{"n_ActionID":12076375,"n_ActionCode":16384,"n_ActionCode2":0,"n_ActionCode3":0,"n_ActionSet":5,"n_ActionSort":118,"c_Action":"Wissel","c_ActionShort":"Wis","n_PeriodSort":4,"c_Period":"Tweede helft","c_PeriodShort":"2H","n_ActionTime":4687000,"n_HomeGoals":null,"n_AwayGoals":null,"n_HomeOrAway":1,"n_TeamID":11,"c_Team":"PSV","c_TeamShort":"PSV","n_PersonID":1115100,"c_Person":"Rai Vloet","c_PersonSort":"Vloet, Rai","c_PersonShort":"Vloet","n_PersonNatioGeoID":2201,"c_PersonNatio":"Nederland","c_PersonNatioShort":"NED","n_TeamNatioGeoID":2201,"c_TeamNatio":"Nederland","c_TeamNatioShort":"NED","n_ActionReasonID":0,"c_ActionReason":null,"c_ActionInfo":null,"n_SubPersonID":664067,"c_SubPerson":"Georginio Wijnaldum","c_SubPersonShort":"Wijnaldum","c_ActionMinute":"79'"},{"n_ActionID":12078398,"n_ActionCode":512,"n_ActionCode2":8388608,"n_ActionCode3":2,"n_ActionSet":12,"n_ActionSort":119,"c_Action":"Hoekschop","c_ActionShort":"HS","n_PeriodSort":4,"c_Period":"Tweede helft","c_PeriodShort":"2H","n_ActionTime":4704000,"n_HomeGoals":6,"n_AwayGoals":1,"n_HomeOrAway":1,"n_TeamID":11,"c_Team":"PSV","c_TeamShort":"PSV","n_PersonID":868287,"c_Person":"Adam Maher","c_PersonSort":"Maher, Adam","c_PersonShort":"Maher","n_PersonNatioGeoID":2201,"c_PersonNatio":"Nederland","c_PersonNatioShort":"NED","n_TeamNatioGeoID":2201,"c_TeamNatio":"Nederland","c_TeamNatioShort":"NED","n_ActionReasonID":0,"c_ActionReason":null,"c_ActionInfo":"Rechtervoet","n_SubPersonID":null,"c_SubPerson":"","c_SubPersonShort":"","c_ActionMinute":"79'"},{"n_ActionID":12078421,"n_ActionCode":33554432,"n_ActionCode2":0,"n_ActionCode3":0,"n_ActionSet":15,"n_ActionSort":120,"c_Action":"Scheidsrechter bal","c_ActionShort":"SB","n_PeriodSort":4,"c_Period":"Tweede helft","c_PeriodShort":"2H","n_ActionTime":4793000,"n_HomeGoals":6,"n_AwayGoals":1,"n_HomeOrAway":0,"n_TeamID":0,"c_Team":"","c_TeamShort":"","n_PersonID":0,"c_Person":"","c_PersonSort":"","c_PersonShort":"","n_PersonNatioGeoID":0,"c_PersonNatio":null,"c_PersonNatioShort":null,"n_TeamNatioGeoID":null,"c_TeamNatio":null,"c_TeamNatioShort":null,"n_ActionReasonID":0,"c_ActionReason":null,"c_ActionInfo":null,"n_SubPersonID":null,"c_SubPerson":"","c_SubPersonShort":"","c_ActionMinute":"80'"},{"n_ActionID":12078521,"n_ActionCode":65536,"n_ActionCode2":0,"n_ActionCode3":2,"n_ActionSet":12,"n_ActionSort":121,"c_Action":"Schot naast","c_ActionShort":"SN","n_PeriodSort":4,"c_Period":"Tweede helft","c_PeriodShort":"2H","n_ActionTime":5161000,"n_HomeGoals":6,"n_AwayGoals":1,"n_HomeOrAway":-1,"n_TeamID":9,"c_Team":"NAC Breda","c_TeamShort":"NAC","n_PersonID":948975,"c_Person":"Mats Seuntjens","c_PersonSort":"Seuntjens, Mats","c_PersonShort":"Seuntjens","n_PersonNatioGeoID":2201,"c_PersonNatio":"Nederland","c_PersonNatioShort":"NED","n_TeamNatioGeoID":2201,"c_TeamNatio":"Nederland","c_TeamNatioShort":"NED","n_ActionReasonID":0,"c_ActionReason":null,"c_ActionInfo":"Rechtervoet","n_SubPersonID":null,"c_SubPerson":"","c_SubPersonShort":"","c_ActionMinute":"87'"},{"n_ActionID":12078523,"n_ActionCode":16777216,"n_ActionCode2":268435456,"n_ActionCode3":0,"n_ActionSet":15,"n_ActionSort":122,"c_Action":"Doeltrap","c_ActionShort":"DT","n_PeriodSort":4,"c_Period":"Tweede helft","c_PeriodShort":"2H","n_ActionTime":5178000,"n_HomeGoals":6,"n_AwayGoals":1,"n_HomeOrAway":1,"n_TeamID":11,"c_Team":"PSV","c_TeamShort":"PSV","n_PersonID":740537,"c_Person":"Jeroen Zoet","c_PersonSort":"Zoet, Jeroen","c_PersonShort":"Zoet","n_PersonNatioGeoID":2201,"c_PersonNatio":"Nederland","c_PersonNatioShort":"NED","n_TeamNatioGeoID":2201,"c_TeamNatio":"Nederland","c_TeamNatioShort":"NED","n_ActionReasonID":0,"c_ActionReason":null,"c_ActionInfo":null,"n_SubPersonID":null,"c_SubPerson":"","c_SubPersonShort":"","c_ActionMinute":"87'"},{"n_ActionID":12078580,"n_ActionCode":2097152,"n_ActionCode2":0,"n_ActionCode3":0,"n_ActionSet":12,"n_ActionSort":123,"c_Action":"Overtreding","c_ActionShort":"OB","n_PeriodSort":4,"c_Period":"Tweede helft","c_PeriodShort":"2H","n_ActionTime":5291000,"n_HomeGoals":6,"n_AwayGoals":1,"n_HomeOrAway":1,"n_TeamID":11,"c_Team":"PSV","c_TeamShort":"PSV","n_PersonID":1115100,"c_Person":"Rai Vloet","c_PersonSort":"Vloet, Rai","c_PersonShort":"Vloet","n_PersonNatioGeoID":2201,"c_PersonNatio":"Nederland","c_PersonNatioShort":"NED","n_TeamNatioGeoID":2201,"c_TeamNatio":"Nederland","c_TeamNatioShort":"NED","n_ActionReasonID":0,"c_ActionReason":null,"c_ActionInfo":null,"n_SubPersonID":792663,"c_SubPerson":"Uros Matic","c_SubPersonShort":"Matic","c_ActionMinute":"89'"},{"n_ActionID":12078582,"n_ActionCode":1024,"n_ActionCode2":0,"n_ActionCode3":2,"n_ActionSet":12,"n_ActionSort":124,"c_Action":"Vrije trap","c_ActionShort":"VT","n_PeriodSort":4,"c_Period":"Tweede helft","c_PeriodShort":"2H","n_ActionTime":5306000,"n_HomeGoals":6,"n_AwayGoals":1,"n_HomeOrAway":-1,"n_TeamID":9,"c_Team":"NAC Breda","c_TeamShort":"NAC","n_PersonID":978806,"c_Person":"Joeri de Kamps","c_PersonSort":"De Kamps, Joeri","c_PersonShort":"de Kamps","n_PersonNatioGeoID":2201,"c_PersonNatio":"Nederland","c_PersonNatioShort":"NED","n_TeamNatioGeoID":2201,"c_TeamNatio":"Nederland","c_TeamNatioShort":"NED","n_ActionReasonID":0,"c_ActionReason":null,"c_ActionInfo":"Rechtervoet","n_SubPersonID":null,"c_SubPerson":"","c_SubPersonShort":"","c_ActionMinute":"89'"},{"n_ActionID":12078591,"n_ActionCode":16777216,"n_ActionCode2":268435456,"n_ActionCode3":0,"n_ActionSet":15,"n_ActionSort":125,"c_Action":"Doeltrap","c_ActionShort":"DT","n_PeriodSort":4,"c_Period":"Tweede helft","c_PeriodShort":"2H","n_ActionTime":5368000,"n_HomeGoals":6,"n_AwayGoals":1,"n_HomeOrAway":1,"n_TeamID":11,"c_Team":"PSV","c_TeamShort":"PSV","n_PersonID":740537,"c_Person":"Jeroen Zoet","c_PersonSort":"Zoet, Jeroen","c_PersonShort":"Zoet","n_PersonNatioGeoID":2201,"c_PersonNatio":"Nederland","c_PersonNatioShort":"NED","n_TeamNatioGeoID":2201,"c_TeamNatio":"Nederland","c_TeamNatioShort":"NED","n_ActionReasonID":0,"c_ActionReason":null,"c_ActionInfo":null,"n_SubPersonID":null,"c_SubPerson":"","c_SubPersonShort":"","c_ActionMinute":"90'"},{"n_ActionID":12078609,"n_ActionCode":0,"n_ActionCode2":32,"n_ActionCode3":0,"n_ActionSet":15,"n_ActionSort":126,"c_Action":"Blessuretijd","c_ActionShort":"BT","n_PeriodSort":4,"c_Period":"Tweede helft","c_PeriodShort":"2H","n_ActionTime":5424000,"n_HomeGoals":6,"n_AwayGoals":1,"n_HomeOrAway":0,"n_TeamID":0,"c_Team":"","c_TeamShort":"","n_PersonID":0,"c_Person":"","c_PersonSort":"","c_PersonShort":"","n_PersonNatioGeoID":0,"c_PersonNatio":null,"c_PersonNatioShort":null,"n_TeamNatioGeoID":null,"c_TeamNatio":null,"c_TeamNatioShort":null,"n_ActionReasonID":0,"c_ActionReason":null,"c_ActionInfo":"120000","n_SubPersonID":null,"c_SubPerson":"","c_SubPersonShort":"","c_ActionMinute":"90'+1'"},{"n_ActionID":12078624,"n_ActionCode":512,"n_ActionCode2":4194304,"n_ActionCode3":2,"n_ActionSet":12,"n_ActionSort":127,"c_Action":"Hoekschop","c_ActionShort":"HS","n_PeriodSort":4,"c_Period":"Tweede helft","c_PeriodShort":"2H","n_ActionTime":5446000,"n_HomeGoals":6,"n_AwayGoals":1,"n_HomeOrAway":1,"n_TeamID":11,"c_Team":"PSV","c_TeamShort":"PSV","n_PersonID":868287,"c_Person":"Adam Maher","c_PersonSort":"Maher, Adam","c_PersonShort":"Maher","n_PersonNatioGeoID":2201,"c_PersonNatio":"Nederland","c_PersonNatioShort":"NED","n_TeamNatioGeoID":2201,"c_TeamNatio":"Nederland","c_TeamNatioShort":"NED","n_ActionReasonID":0,"c_ActionReason":null,"c_ActionInfo":"Rechtervoet","n_SubPersonID":null,"c_SubPerson":"","c_SubPersonShort":"","c_ActionMinute":"90'+1'"},{"n_ActionID":12078648,"n_ActionCode":512,"n_ActionCode2":33554432,"n_ActionCode3":1,"n_ActionSet":12,"n_ActionSort":128,"c_Action":"Hoekschop","c_ActionShort":"HS","n_PeriodSort":4,"c_Period":"Tweede helft","c_PeriodShort":"2H","n_ActionTime":5537000,"n_HomeGoals":6,"n_AwayGoals":1,"n_HomeOrAway":-1,"n_TeamID":9,"c_Team":"NAC Breda","c_TeamShort":"NAC","n_PersonID":792663,"c_Person":"Uros Matic","c_PersonSort":"Matic, Uros","c_PersonShort":"Matic","n_PersonNatioGeoID":6944,"c_PersonNatio":"Servië","c_PersonNatioShort":"SER","n_TeamNatioGeoID":2201,"c_TeamNatio":"Nederland","c_TeamNatioShort":"NED","n_ActionReasonID":0,"c_ActionReason":null,"c_ActionInfo":"Linkervoet","n_SubPersonID":null,"c_SubPerson":"","c_SubPersonShort":"","c_ActionMinute":"90'+3'"},{"n_ActionID":12078651,"n_ActionCode":0,"n_ActionCode2":2048,"n_ActionCode3":0,"n_ActionSet":16,"n_ActionSort":129,"c_Action":"Einde periode","c_ActionShort":"Einde","n_PeriodSort":4,"c_Period":"Tweede helft","c_PeriodShort":"2H","n_ActionTime":5558000,"n_HomeGoals":6,"n_AwayGoals":1,"n_HomeOrAway":0,"n_TeamID":0,"c_Team":"","c_TeamShort":"","n_PersonID":0,"c_Person":"","c_PersonSort":"","c_PersonShort":"","n_PersonNatioGeoID":0,"c_PersonNatio":null,"c_PersonNatioShort":null,"n_TeamNatioGeoID":null,"c_TeamNatio":null,"c_TeamNatioShort":null,"n_ActionReasonID":0,"c_ActionReason":null,"c_ActionInfo":null,"n_SubPersonID":null,"c_SubPerson":"","c_SubPersonShort":"","c_ActionMinute":"90'+3'"}]