﻿[{"n_ActionID":12190618,"n_ActionCode":0,"n_ActionCode2":1024,"n_ActionCode3":0,"n_ActionSet":16,"n_ActionSort":1,"c_Action":"Aftrap","c_ActionShort":"Begin","n_PeriodSort":2,"c_Period":"Eerste helft","c_PeriodShort":"1H","n_ActionTime":0,"n_HomeGoals":0,"n_AwayGoals":0,"n_HomeOrAway":-1,"n_TeamID":11,"c_Team":"PSV","c_TeamShort":"PSV","n_PersonID":0,"c_Person":"","c_PersonSort":"","c_PersonShort":"","n_PersonNatioGeoID":0,"c_PersonNatio":null,"c_PersonNatioShort":null,"n_TeamNatioGeoID":2201,"c_TeamNatio":"Nederland","c_TeamNatioShort":"NED","n_ActionReasonID":0,"c_ActionReason":null,"c_ActionInfo":null,"n_SubPersonID":null,"c_SubPerson":"","c_SubPersonShort":"","c_ActionMinute":"0'"},{"n_ActionID":12190651,"n_ActionCode":1048576,"n_ActionCode2":0,"n_ActionCode3":134217729,"n_ActionSet":12,"n_ActionSort":2,"c_Action":"Schot op doel","c_ActionShort":"SD","n_PeriodSort":2,"c_Period":"Eerste helft","c_PeriodShort":"1H","n_ActionTime":62000,"n_HomeGoals":0,"n_AwayGoals":0,"n_HomeOrAway":1,"n_TeamID":73,"c_Team":"PEC Zwolle","c_TeamShort":"ZWO","n_PersonID":871049,"c_Person":"Ben Rienstra","c_PersonSort":"Rienstra, Ben","c_PersonShort":"Rienstra","n_PersonNatioGeoID":2201,"c_PersonNatio":"Nederland","c_PersonNatioShort":"NED","n_TeamNatioGeoID":2201,"c_TeamNatio":"Nederland","c_TeamNatioShort":"NED","n_ActionReasonID":0,"c_ActionReason":null,"c_ActionInfo":"Linkervoet","n_SubPersonID":null,"c_SubPerson":"","c_SubPersonShort":"","c_ActionMinute":"2'"},{"n_ActionID":12190654,"n_ActionCode":256,"n_ActionCode2":0,"n_ActionCode3":0,"n_ActionSet":12,"n_ActionSort":3,"c_Action":"Redding keeper","c_ActionShort":"RG","n_PeriodSort":2,"c_Period":"Eerste helft","c_PeriodShort":"1H","n_ActionTime":69000,"n_HomeGoals":0,"n_AwayGoals":0,"n_HomeOrAway":-1,"n_TeamID":11,"c_Team":"PSV","c_TeamShort":"PSV","n_PersonID":740537,"c_Person":"Jeroen Zoet","c_PersonSort":"Zoet, Jeroen","c_PersonShort":"Zoet","n_PersonNatioGeoID":2201,"c_PersonNatio":"Nederland","c_PersonNatioShort":"NED","n_TeamNatioGeoID":2201,"c_TeamNatio":"Nederland","c_TeamNatioShort":"NED","n_ActionReasonID":130,"c_ActionReason":null,"c_ActionInfo":null,"n_SubPersonID":null,"c_SubPerson":"","c_SubPersonShort":"","c_ActionMinute":"2'"},{"n_ActionID":12190694,"n_ActionCode":1048576,"n_ActionCode2":0,"n_ActionCode3":67108865,"n_ActionSet":12,"n_ActionSort":4,"c_Action":"Schot op doel","c_ActionShort":"SD","n_PeriodSort":2,"c_Period":"Eerste helft","c_PeriodShort":"1H","n_ActionTime":206000,"n_HomeGoals":0,"n_AwayGoals":0,"n_HomeOrAway":1,"n_TeamID":73,"c_Team":"PEC Zwolle","c_TeamShort":"ZWO","n_PersonID":981994,"c_Person":"Thomas Lam","c_PersonSort":"Lam, Thomas","c_PersonShort":"Lam","n_PersonNatioGeoID":2237,"c_PersonNatio":"Finland","c_PersonNatioShort":"FIN","n_TeamNatioGeoID":2201,"c_TeamNatio":"Nederland","c_TeamNatioShort":"NED","n_ActionReasonID":0,"c_ActionReason":null,"c_ActionInfo":"Linkervoet","n_SubPersonID":null,"c_SubPerson":"","c_SubPersonShort":"","c_ActionMinute":"4'"},{"n_ActionID":12190695,"n_ActionCode":256,"n_ActionCode2":0,"n_ActionCode3":0,"n_ActionSet":12,"n_ActionSort":5,"c_Action":"Redding keeper","c_ActionShort":"RG","n_PeriodSort":2,"c_Period":"Eerste helft","c_PeriodShort":"1H","n_ActionTime":221000,"n_HomeGoals":0,"n_AwayGoals":0,"n_HomeOrAway":-1,"n_TeamID":11,"c_Team":"PSV","c_TeamShort":"PSV","n_PersonID":740537,"c_Person":"Jeroen Zoet","c_PersonSort":"Zoet, Jeroen","c_PersonShort":"Zoet","n_PersonNatioGeoID":2201,"c_PersonNatio":"Nederland","c_PersonNatioShort":"NED","n_TeamNatioGeoID":2201,"c_TeamNatio":"Nederland","c_TeamNatioShort":"NED","n_ActionReasonID":130,"c_ActionReason":null,"c_ActionInfo":null,"n_SubPersonID":null,"c_SubPerson":"","c_SubPersonShort":"","c_ActionMinute":"4'"},{"n_ActionID":12190753,"n_ActionCode":65536,"n_ActionCode2":0,"n_ActionCode3":1,"n_ActionSet":12,"n_ActionSort":6,"c_Action":"Schot naast","c_ActionShort":"SN","n_PeriodSort":2,"c_Period":"Eerste helft","c_PeriodShort":"1H","n_ActionTime":422000,"n_HomeGoals":0,"n_AwayGoals":0,"n_HomeOrAway":1,"n_TeamID":73,"c_Team":"PEC Zwolle","c_TeamShort":"ZWO","n_PersonID":911865,"c_Person":"Jody Lukoki","c_PersonSort":"Lukoki, Jody","c_PersonShort":"Lukoki","n_PersonNatioGeoID":2201,"c_PersonNatio":"Nederland","c_PersonNatioShort":"NED","n_TeamNatioGeoID":2201,"c_TeamNatio":"Nederland","c_TeamNatioShort":"NED","n_ActionReasonID":0,"c_ActionReason":null,"c_ActionInfo":"Linkervoet","n_SubPersonID":null,"c_SubPerson":"","c_SubPersonShort":"","c_ActionMinute":"8'"},{"n_ActionID":12190757,"n_ActionCode":16777216,"n_ActionCode2":268435456,"n_ActionCode3":0,"n_ActionSet":15,"n_ActionSort":7,"c_Action":"Doeltrap","c_ActionShort":"DT","n_PeriodSort":2,"c_Period":"Eerste helft","c_PeriodShort":"1H","n_ActionTime":447000,"n_HomeGoals":0,"n_AwayGoals":0,"n_HomeOrAway":-1,"n_TeamID":11,"c_Team":"PSV","c_TeamShort":"PSV","n_PersonID":740537,"c_Person":"Jeroen Zoet","c_PersonSort":"Zoet, Jeroen","c_PersonShort":"Zoet","n_PersonNatioGeoID":2201,"c_PersonNatio":"Nederland","c_PersonNatioShort":"NED","n_TeamNatioGeoID":2201,"c_TeamNatio":"Nederland","c_TeamNatioShort":"NED","n_ActionReasonID":0,"c_ActionReason":null,"c_ActionInfo":null,"n_SubPersonID":null,"c_SubPerson":"","c_SubPersonShort":"","c_ActionMinute":"8'"},{"n_ActionID":12190792,"n_ActionCode":1048576,"n_ActionCode2":0,"n_ActionCode3":67239937,"n_ActionSet":12,"n_ActionSort":8,"c_Action":"Schot op doel","c_ActionShort":"SD","n_PeriodSort":2,"c_Period":"Eerste helft","c_PeriodShort":"1H","n_ActionTime":551000,"n_HomeGoals":0,"n_AwayGoals":0,"n_HomeOrAway":1,"n_TeamID":73,"c_Team":"PEC Zwolle","c_TeamShort":"ZWO","n_PersonID":911865,"c_Person":"Jody Lukoki","c_PersonSort":"Lukoki, Jody","c_PersonShort":"Lukoki","n_PersonNatioGeoID":2201,"c_PersonNatio":"Nederland","c_PersonNatioShort":"NED","n_TeamNatioGeoID":2201,"c_TeamNatio":"Nederland","c_TeamNatioShort":"NED","n_ActionReasonID":0,"c_ActionReason":null,"c_ActionInfo":"Linkervoet","n_SubPersonID":null,"c_SubPerson":"","c_SubPersonShort":"","c_ActionMinute":"10'"},{"n_ActionID":12190796,"n_ActionCode":256,"n_ActionCode2":0,"n_ActionCode3":0,"n_ActionSet":12,"n_ActionSort":9,"c_Action":"Redding keeper","c_ActionShort":"RG","n_PeriodSort":2,"c_Period":"Eerste helft","c_PeriodShort":"1H","n_ActionTime":559000,"n_HomeGoals":0,"n_AwayGoals":0,"n_HomeOrAway":-1,"n_TeamID":11,"c_Team":"PSV","c_TeamShort":"PSV","n_PersonID":740537,"c_Person":"Jeroen Zoet","c_PersonSort":"Zoet, Jeroen","c_PersonShort":"Zoet","n_PersonNatioGeoID":2201,"c_PersonNatio":"Nederland","c_PersonNatioShort":"NED","n_TeamNatioGeoID":2201,"c_TeamNatio":"Nederland","c_TeamNatioShort":"NED","n_ActionReasonID":131,"c_ActionReason":null,"c_ActionInfo":null,"n_SubPersonID":null,"c_SubPerson":"","c_SubPersonShort":"","c_ActionMinute":"10'"},{"n_ActionID":12190808,"n_ActionCode":2097152,"n_ActionCode2":0,"n_ActionCode3":0,"n_ActionSet":12,"n_ActionSort":10,"c_Action":"Overtreding","c_ActionShort":"OB","n_PeriodSort":2,"c_Period":"Eerste helft","c_PeriodShort":"1H","n_ActionTime":621000,"n_HomeGoals":0,"n_AwayGoals":0,"n_HomeOrAway":1,"n_TeamID":73,"c_Team":"PEC Zwolle","c_TeamShort":"ZWO","n_PersonID":981994,"c_Person":"Thomas Lam","c_PersonSort":"Lam, Thomas","c_PersonShort":"Lam","n_PersonNatioGeoID":2237,"c_PersonNatio":"Finland","c_PersonNatioShort":"FIN","n_TeamNatioGeoID":2201,"c_TeamNatio":"Nederland","c_TeamNatioShort":"NED","n_ActionReasonID":0,"c_ActionReason":null,"c_ActionInfo":null,"n_SubPersonID":970679,"c_SubPerson":"Memphis Depay","c_SubPersonShort":"Depay","c_ActionMinute":"11'"},{"n_ActionID":12190814,"n_ActionCode":1024,"n_ActionCode2":0,"n_ActionCode3":2,"n_ActionSet":12,"n_ActionSort":11,"c_Action":"Vrije trap","c_ActionShort":"VT","n_PeriodSort":2,"c_Period":"Eerste helft","c_PeriodShort":"1H","n_ActionTime":654000,"n_HomeGoals":0,"n_AwayGoals":0,"n_HomeOrAway":-1,"n_TeamID":11,"c_Team":"PSV","c_TeamShort":"PSV","n_PersonID":970679,"c_Person":"Memphis Depay","c_PersonSort":"Depay, Memphis","c_PersonShort":"Depay","n_PersonNatioGeoID":2201,"c_PersonNatio":"Nederland","c_PersonNatioShort":"NED","n_TeamNatioGeoID":2201,"c_TeamNatio":"Nederland","c_TeamNatioShort":"NED","n_ActionReasonID":0,"c_ActionReason":null,"c_ActionInfo":"Rechtervoet","n_SubPersonID":null,"c_SubPerson":"","c_SubPersonShort":"","c_ActionMinute":"11'"},{"n_ActionID":12190821,"n_ActionCode":1048576,"n_ActionCode2":2097152,"n_ActionCode3":258,"n_ActionSet":12,"n_ActionSort":12,"c_Action":"Schot op doel","c_ActionShort":"SD","n_PeriodSort":2,"c_Period":"Eerste helft","c_PeriodShort":"1H","n_ActionTime":656000,"n_HomeGoals":0,"n_AwayGoals":0,"n_HomeOrAway":-1,"n_TeamID":11,"c_Team":"PSV","c_TeamShort":"PSV","n_PersonID":970679,"c_Person":"Memphis Depay","c_PersonSort":"Depay, Memphis","c_PersonShort":"Depay","n_PersonNatioGeoID":2201,"c_PersonNatio":"Nederland","c_PersonNatioShort":"NED","n_TeamNatioGeoID":2201,"c_TeamNatio":"Nederland","c_TeamNatioShort":"NED","n_ActionReasonID":0,"c_ActionReason":null,"c_ActionInfo":"Rechtervoet","n_SubPersonID":null,"c_SubPerson":"","c_SubPersonShort":"","c_ActionMinute":"11'"},{"n_ActionID":12190823,"n_ActionCode":256,"n_ActionCode2":0,"n_ActionCode3":0,"n_ActionSet":12,"n_ActionSort":13,"c_Action":"Redding keeper","c_ActionShort":"RG","n_PeriodSort":2,"c_Period":"Eerste helft","c_PeriodShort":"1H","n_ActionTime":666000,"n_HomeGoals":0,"n_AwayGoals":0,"n_HomeOrAway":1,"n_TeamID":73,"c_Team":"PEC Zwolle","c_TeamShort":"ZWO","n_PersonID":1064355,"c_Person":"Warner Hahn","c_PersonSort":"Hahn, Warner","c_PersonShort":"Hahn","n_PersonNatioGeoID":2201,"c_PersonNatio":"Nederland","c_PersonNatioShort":"NED","n_TeamNatioGeoID":2201,"c_TeamNatio":"Nederland","c_TeamNatioShort":"NED","n_ActionReasonID":129,"c_ActionReason":null,"c_ActionInfo":null,"n_SubPersonID":null,"c_SubPerson":"","c_SubPersonShort":"","c_ActionMinute":"12'"},{"n_ActionID":12190830,"n_ActionCode":2097152,"n_ActionCode2":0,"n_ActionCode3":0,"n_ActionSet":12,"n_ActionSort":14,"c_Action":"Overtreding","c_ActionShort":"OB","n_PeriodSort":2,"c_Period":"Eerste helft","c_PeriodShort":"1H","n_ActionTime":709000,"n_HomeGoals":0,"n_AwayGoals":0,"n_HomeOrAway":1,"n_TeamID":73,"c_Team":"PEC Zwolle","c_TeamShort":"ZWO","n_PersonID":981994,"c_Person":"Thomas Lam","c_PersonSort":"Lam, Thomas","c_PersonShort":"Lam","n_PersonNatioGeoID":2237,"c_PersonNatio":"Finland","c_PersonNatioShort":"FIN","n_TeamNatioGeoID":2201,"c_TeamNatio":"Nederland","c_TeamNatioShort":"NED","n_ActionReasonID":0,"c_ActionReason":null,"c_ActionInfo":null,"n_SubPersonID":802770,"c_SubPerson":"Jeffrey Bruma","c_SubPersonShort":"Bruma","c_ActionMinute":"12'"},{"n_ActionID":12190833,"n_ActionCode":1024,"n_ActionCode2":0,"n_ActionCode3":2,"n_ActionSet":12,"n_ActionSort":15,"c_Action":"Vrije trap","c_ActionShort":"VT","n_PeriodSort":2,"c_Period":"Eerste helft","c_PeriodShort":"1H","n_ActionTime":719000,"n_HomeGoals":0,"n_AwayGoals":0,"n_HomeOrAway":-1,"n_TeamID":11,"c_Team":"PSV","c_TeamShort":"PSV","n_PersonID":970699,"c_Person":"Karim Rekik","c_PersonSort":"Rekik, Karim","c_PersonShort":"Rekik","n_PersonNatioGeoID":2201,"c_PersonNatio":"Nederland","c_PersonNatioShort":"NED","n_TeamNatioGeoID":2201,"c_TeamNatio":"Nederland","c_TeamNatioShort":"NED","n_ActionReasonID":0,"c_ActionReason":null,"c_ActionInfo":"Rechtervoet","n_SubPersonID":null,"c_SubPerson":"","c_SubPersonShort":"","c_ActionMinute":"12'"},{"n_ActionID":12190856,"n_ActionCode":65536,"n_ActionCode2":0,"n_ActionCode3":2,"n_ActionSet":12,"n_ActionSort":16,"c_Action":"Schot naast","c_ActionShort":"SN","n_PeriodSort":2,"c_Period":"Eerste helft","c_PeriodShort":"1H","n_ActionTime":789000,"n_HomeGoals":0,"n_AwayGoals":0,"n_HomeOrAway":-1,"n_TeamID":11,"c_Team":"PSV","c_TeamShort":"PSV","n_PersonID":970679,"c_Person":"Memphis Depay","c_PersonSort":"Depay, Memphis","c_PersonShort":"Depay","n_PersonNatioGeoID":2201,"c_PersonNatio":"Nederland","c_PersonNatioShort":"NED","n_TeamNatioGeoID":2201,"c_TeamNatio":"Nederland","c_TeamNatioShort":"NED","n_ActionReasonID":0,"c_ActionReason":null,"c_ActionInfo":"Rechtervoet","n_SubPersonID":null,"c_SubPerson":"","c_SubPersonShort":"","c_ActionMinute":"14'"},{"n_ActionID":12190857,"n_ActionCode":16777216,"n_ActionCode2":134217728,"n_ActionCode3":0,"n_ActionSet":15,"n_ActionSort":17,"c_Action":"Doeltrap","c_ActionShort":"DT","n_PeriodSort":2,"c_Period":"Eerste helft","c_PeriodShort":"1H","n_ActionTime":809000,"n_HomeGoals":0,"n_AwayGoals":0,"n_HomeOrAway":1,"n_TeamID":73,"c_Team":"PEC Zwolle","c_TeamShort":"ZWO","n_PersonID":1064355,"c_Person":"Warner Hahn","c_PersonSort":"Hahn, Warner","c_PersonShort":"Hahn","n_PersonNatioGeoID":2201,"c_PersonNatio":"Nederland","c_PersonNatioShort":"NED","n_TeamNatioGeoID":2201,"c_TeamNatio":"Nederland","c_TeamNatioShort":"NED","n_ActionReasonID":0,"c_ActionReason":null,"c_ActionInfo":null,"n_SubPersonID":null,"c_SubPerson":"","c_SubPersonShort":"","c_ActionMinute":"14'"},{"n_ActionID":12190904,"n_ActionCode":65536,"n_ActionCode2":0,"n_ActionCode3":131076,"n_ActionSet":12,"n_ActionSort":18,"c_Action":"Schot naast","c_ActionShort":"SN","n_PeriodSort":2,"c_Period":"Eerste helft","c_PeriodShort":"1H","n_ActionTime":958000,"n_HomeGoals":0,"n_AwayGoals":0,"n_HomeOrAway":1,"n_TeamID":73,"c_Team":"PEC Zwolle","c_TeamShort":"ZWO","n_PersonID":815993,"c_Person":"Jesper Drost","c_PersonSort":"Drost, Jesper","c_PersonShort":"Drost","n_PersonNatioGeoID":2201,"c_PersonNatio":"Nederland","c_PersonNatioShort":"NED","n_TeamNatioGeoID":2201,"c_TeamNatio":"Nederland","c_TeamNatioShort":"NED","n_ActionReasonID":0,"c_ActionReason":null,"c_ActionInfo":"Kopbal","n_SubPersonID":null,"c_SubPerson":"","c_SubPersonShort":"","c_ActionMinute":"16'"},{"n_ActionID":12190911,"n_ActionCode":16777216,"n_ActionCode2":134217728,"n_ActionCode3":0,"n_ActionSet":15,"n_ActionSort":19,"c_Action":"Doeltrap","c_ActionShort":"DT","n_PeriodSort":2,"c_Period":"Eerste helft","c_PeriodShort":"1H","n_ActionTime":990000,"n_HomeGoals":0,"n_AwayGoals":0,"n_HomeOrAway":-1,"n_TeamID":11,"c_Team":"PSV","c_TeamShort":"PSV","n_PersonID":740537,"c_Person":"Jeroen Zoet","c_PersonSort":"Zoet, Jeroen","c_PersonShort":"Zoet","n_PersonNatioGeoID":2201,"c_PersonNatio":"Nederland","c_PersonNatioShort":"NED","n_TeamNatioGeoID":2201,"c_TeamNatio":"Nederland","c_TeamNatioShort":"NED","n_ActionReasonID":0,"c_ActionReason":null,"c_ActionInfo":null,"n_SubPersonID":null,"c_SubPerson":"","c_SubPersonShort":"","c_ActionMinute":"17'"},{"n_ActionID":12190933,"n_ActionCode":65536,"n_ActionCode2":0,"n_ActionCode3":1,"n_ActionSet":12,"n_ActionSort":20,"c_Action":"Schot naast","c_ActionShort":"SN","n_PeriodSort":2,"c_Period":"Eerste helft","c_PeriodShort":"1H","n_ActionTime":1028000,"n_HomeGoals":0,"n_AwayGoals":0,"n_HomeOrAway":1,"n_TeamID":73,"c_Team":"PEC Zwolle","c_TeamShort":"ZWO","n_PersonID":979594,"c_Person":"Ryan Thomas","c_PersonSort":"Thomas, Ryan","c_PersonShort":"Thomas","n_PersonNatioGeoID":2230,"c_PersonNatio":"Nieuw-Zeeland","c_PersonNatioShort":"NZL","n_TeamNatioGeoID":2201,"c_TeamNatio":"Nederland","c_TeamNatioShort":"NED","n_ActionReasonID":0,"c_ActionReason":null,"c_ActionInfo":"Linkervoet","n_SubPersonID":null,"c_SubPerson":"","c_SubPersonShort":"","c_ActionMinute":"18'"},{"n_ActionID":12189186,"n_ActionCode":16384,"n_ActionCode2":0,"n_ActionCode3":0,"n_ActionSet":5,"n_ActionSort":21,"c_Action":"Wissel","c_ActionShort":"Wis","n_PeriodSort":2,"c_Period":"Eerste helft","c_PeriodShort":"1H","n_ActionTime":1055000,"n_HomeGoals":null,"n_AwayGoals":null,"n_HomeOrAway":-1,"n_TeamID":11,"c_Team":"PSV","c_TeamShort":"PSV","n_PersonID":970689,"c_Person":"Jürgen Locadia","c_PersonSort":"Locadia, Jürgen","c_PersonShort":"Locadia","n_PersonNatioGeoID":2201,"c_PersonNatio":"Nederland","c_PersonNatioShort":"NED","n_TeamNatioGeoID":2201,"c_TeamNatio":"Nederland","c_TeamNatioShort":"NED","n_ActionReasonID":0,"c_ActionReason":null,"c_ActionInfo":null,"n_SubPersonID":970679,"c_SubPerson":"Memphis Depay","c_SubPersonShort":"Depay","c_ActionMinute":"18'"},{"n_ActionID":12190966,"n_ActionCode":16777216,"n_ActionCode2":268435456,"n_ActionCode3":0,"n_ActionSet":15,"n_ActionSort":22,"c_Action":"Doeltrap","c_ActionShort":"DT","n_PeriodSort":2,"c_Period":"Eerste helft","c_PeriodShort":"1H","n_ActionTime":1121000,"n_HomeGoals":0,"n_AwayGoals":0,"n_HomeOrAway":1,"n_TeamID":73,"c_Team":"PEC Zwolle","c_TeamShort":"ZWO","n_PersonID":1064355,"c_Person":"Warner Hahn","c_PersonSort":"Hahn, Warner","c_PersonShort":"Hahn","n_PersonNatioGeoID":2201,"c_PersonNatio":"Nederland","c_PersonNatioShort":"NED","n_TeamNatioGeoID":2201,"c_TeamNatio":"Nederland","c_TeamNatioShort":"NED","n_ActionReasonID":0,"c_ActionReason":null,"c_ActionInfo":null,"n_SubPersonID":null,"c_SubPerson":"","c_SubPersonShort":"","c_ActionMinute":"19'"},{"n_ActionID":12191015,"n_ActionCode":262144,"n_ActionCode2":0,"n_ActionCode3":0,"n_ActionSet":12,"n_ActionSort":23,"c_Action":"Buitenspel","c_ActionShort":"BS","n_PeriodSort":2,"c_Period":"Eerste helft","c_PeriodShort":"1H","n_ActionTime":1252000,"n_HomeGoals":0,"n_AwayGoals":0,"n_HomeOrAway":-1,"n_TeamID":11,"c_Team":"PSV","c_TeamShort":"PSV","n_PersonID":740670,"c_Person":"Luuk de Jong","c_PersonSort":"De Jong, Luuk","c_PersonShort":"L. de Jong","n_PersonNatioGeoID":2201,"c_PersonNatio":"Nederland","c_PersonNatioShort":"NED","n_TeamNatioGeoID":2201,"c_TeamNatio":"Nederland","c_TeamNatioShort":"NED","n_ActionReasonID":0,"c_ActionReason":null,"c_ActionInfo":null,"n_SubPersonID":null,"c_SubPerson":"","c_SubPersonShort":"","c_ActionMinute":"21'"},{"n_ActionID":12191026,"n_ActionCode":1024,"n_ActionCode2":0,"n_ActionCode3":2,"n_ActionSet":12,"n_ActionSort":24,"c_Action":"Vrije trap","c_ActionShort":"VT","n_PeriodSort":2,"c_Period":"Eerste helft","c_PeriodShort":"1H","n_ActionTime":1284000,"n_HomeGoals":0,"n_AwayGoals":0,"n_HomeOrAway":1,"n_TeamID":73,"c_Team":"PEC Zwolle","c_TeamShort":"ZWO","n_PersonID":1064355,"c_Person":"Warner Hahn","c_PersonSort":"Hahn, Warner","c_PersonShort":"Hahn","n_PersonNatioGeoID":2201,"c_PersonNatio":"Nederland","c_PersonNatioShort":"NED","n_TeamNatioGeoID":2201,"c_TeamNatio":"Nederland","c_TeamNatioShort":"NED","n_ActionReasonID":0,"c_ActionReason":null,"c_ActionInfo":"Rechtervoet","n_SubPersonID":null,"c_SubPerson":"","c_SubPersonShort":"","c_ActionMinute":"22'"},{"n_ActionID":12191054,"n_ActionCode":2097152,"n_ActionCode2":0,"n_ActionCode3":0,"n_ActionSet":12,"n_ActionSort":25,"c_Action":"Overtreding","c_ActionShort":"OB","n_PeriodSort":2,"c_Period":"Eerste helft","c_PeriodShort":"1H","n_ActionTime":1353000,"n_HomeGoals":0,"n_AwayGoals":0,"n_HomeOrAway":1,"n_TeamID":73,"c_Team":"PEC Zwolle","c_TeamShort":"ZWO","n_PersonID":693121,"c_Person":"Tomáš Necid","c_PersonSort":"Necid, Tomáš","c_PersonShort":"Necid","n_PersonNatioGeoID":2240,"c_PersonNatio":"Tsjechië","c_PersonNatioShort":"TSJ","n_TeamNatioGeoID":2201,"c_TeamNatio":"Nederland","c_TeamNatioShort":"NED","n_ActionReasonID":0,"c_ActionReason":null,"c_ActionInfo":null,"n_SubPersonID":970699,"c_SubPerson":"Karim Rekik","c_SubPersonShort":"Rekik","c_ActionMinute":"23'"},{"n_ActionID":12191058,"n_ActionCode":1024,"n_ActionCode2":0,"n_ActionCode3":1,"n_ActionSet":12,"n_ActionSort":26,"c_Action":"Vrije trap","c_ActionShort":"VT","n_PeriodSort":2,"c_Period":"Eerste helft","c_PeriodShort":"1H","n_ActionTime":1376000,"n_HomeGoals":0,"n_AwayGoals":0,"n_HomeOrAway":-1,"n_TeamID":11,"c_Team":"PSV","c_TeamShort":"PSV","n_PersonID":970699,"c_Person":"Karim Rekik","c_PersonSort":"Rekik, Karim","c_PersonShort":"Rekik","n_PersonNatioGeoID":2201,"c_PersonNatio":"Nederland","c_PersonNatioShort":"NED","n_TeamNatioGeoID":2201,"c_TeamNatio":"Nederland","c_TeamNatioShort":"NED","n_ActionReasonID":0,"c_ActionReason":null,"c_ActionInfo":"Linkervoet","n_SubPersonID":null,"c_SubPerson":"","c_SubPersonShort":"","c_ActionMinute":"23'"},{"n_ActionID":12191148,"n_ActionCode":512,"n_ActionCode2":16777216,"n_ActionCode3":1,"n_ActionSet":12,"n_ActionSort":27,"c_Action":"Hoekschop","c_ActionShort":"HS","n_PeriodSort":2,"c_Period":"Eerste helft","c_PeriodShort":"1H","n_ActionTime":1584000,"n_HomeGoals":0,"n_AwayGoals":0,"n_HomeOrAway":-1,"n_TeamID":11,"c_Team":"PSV","c_TeamShort":"PSV","n_PersonID":603677,"c_Person":"Andrés Guardado","c_PersonSort":"Guardado, Andrés","c_PersonShort":"Guardado","n_PersonNatioGeoID":2228,"c_PersonNatio":"Mexico","c_PersonNatioShort":"MEX","n_TeamNatioGeoID":2201,"c_TeamNatio":"Nederland","c_TeamNatioShort":"NED","n_ActionReasonID":0,"c_ActionReason":null,"c_ActionInfo":"Linkervoet","n_SubPersonID":null,"c_SubPerson":"","c_SubPersonShort":"","c_ActionMinute":"27'"},{"n_ActionID":12191397,"n_ActionCode":2097152,"n_ActionCode2":0,"n_ActionCode3":0,"n_ActionSet":12,"n_ActionSort":28,"c_Action":"Overtreding","c_ActionShort":"OB","n_PeriodSort":2,"c_Period":"Eerste helft","c_PeriodShort":"1H","n_ActionTime":1806000,"n_HomeGoals":0,"n_AwayGoals":0,"n_HomeOrAway":1,"n_TeamID":73,"c_Team":"PEC Zwolle","c_TeamShort":"ZWO","n_PersonID":911865,"c_Person":"Jody Lukoki","c_PersonSort":"Lukoki, Jody","c_PersonShort":"Lukoki","n_PersonNatioGeoID":2201,"c_PersonNatio":"Nederland","c_PersonNatioShort":"NED","n_TeamNatioGeoID":2201,"c_TeamNatio":"Nederland","c_TeamNatioShort":"NED","n_ActionReasonID":0,"c_ActionReason":null,"c_ActionInfo":null,"n_SubPersonID":603677,"c_SubPerson":"Andrés Guardado","c_SubPersonShort":"Guardado","c_ActionMinute":"31'"},{"n_ActionID":12191401,"n_ActionCode":1024,"n_ActionCode2":0,"n_ActionCode3":2,"n_ActionSet":12,"n_ActionSort":29,"c_Action":"Vrije trap","c_ActionShort":"VT","n_PeriodSort":2,"c_Period":"Eerste helft","c_PeriodShort":"1H","n_ActionTime":1813000,"n_HomeGoals":0,"n_AwayGoals":0,"n_HomeOrAway":-1,"n_TeamID":11,"c_Team":"PSV","c_TeamShort":"PSV","n_PersonID":603677,"c_Person":"Andrés Guardado","c_PersonSort":"Guardado, Andrés","c_PersonShort":"Guardado","n_PersonNatioGeoID":2228,"c_PersonNatio":"Mexico","c_PersonNatioShort":"MEX","n_TeamNatioGeoID":2201,"c_TeamNatio":"Nederland","c_TeamNatioShort":"NED","n_ActionReasonID":0,"c_ActionReason":null,"c_ActionInfo":"Rechtervoet","n_SubPersonID":null,"c_SubPerson":"","c_SubPersonShort":"","c_ActionMinute":"31'"},{"n_ActionID":12191219,"n_ActionCode":1048576,"n_ActionCode2":0,"n_ActionCode3":67108866,"n_ActionSet":12,"n_ActionSort":30,"c_Action":"Schot op doel","c_ActionShort":"SD","n_PeriodSort":2,"c_Period":"Eerste helft","c_PeriodShort":"1H","n_ActionTime":1831000,"n_HomeGoals":0,"n_AwayGoals":0,"n_HomeOrAway":-1,"n_TeamID":11,"c_Team":"PSV","c_TeamShort":"PSV","n_PersonID":868287,"c_Person":"Adam Maher","c_PersonSort":"Maher, Adam","c_PersonShort":"Maher","n_PersonNatioGeoID":2201,"c_PersonNatio":"Nederland","c_PersonNatioShort":"NED","n_TeamNatioGeoID":2201,"c_TeamNatio":"Nederland","c_TeamNatioShort":"NED","n_ActionReasonID":0,"c_ActionReason":null,"c_ActionInfo":"Rechtervoet","n_SubPersonID":null,"c_SubPerson":"","c_SubPersonShort":"","c_ActionMinute":"31'"},{"n_ActionID":12191220,"n_ActionCode":256,"n_ActionCode2":0,"n_ActionCode3":0,"n_ActionSet":12,"n_ActionSort":31,"c_Action":"Redding keeper","c_ActionShort":"RG","n_PeriodSort":2,"c_Period":"Eerste helft","c_PeriodShort":"1H","n_ActionTime":1837000,"n_HomeGoals":0,"n_AwayGoals":0,"n_HomeOrAway":1,"n_TeamID":73,"c_Team":"PEC Zwolle","c_TeamShort":"ZWO","n_PersonID":1064355,"c_Person":"Warner Hahn","c_PersonSort":"Hahn, Warner","c_PersonShort":"Hahn","n_PersonNatioGeoID":2201,"c_PersonNatio":"Nederland","c_PersonNatioShort":"NED","n_TeamNatioGeoID":2201,"c_TeamNatio":"Nederland","c_TeamNatioShort":"NED","n_ActionReasonID":134,"c_ActionReason":null,"c_ActionInfo":null,"n_SubPersonID":null,"c_SubPerson":"","c_SubPersonShort":"","c_ActionMinute":"31'"},{"n_ActionID":12191222,"n_ActionCode":512,"n_ActionCode2":33554432,"n_ActionCode3":2,"n_ActionSet":12,"n_ActionSort":32,"c_Action":"Hoekschop","c_ActionShort":"HS","n_PeriodSort":2,"c_Period":"Eerste helft","c_PeriodShort":"1H","n_ActionTime":1856000,"n_HomeGoals":0,"n_AwayGoals":0,"n_HomeOrAway":-1,"n_TeamID":11,"c_Team":"PSV","c_TeamShort":"PSV","n_PersonID":868287,"c_Person":"Adam Maher","c_PersonSort":"Maher, Adam","c_PersonShort":"Maher","n_PersonNatioGeoID":2201,"c_PersonNatio":"Nederland","c_PersonNatioShort":"NED","n_TeamNatioGeoID":2201,"c_TeamNatio":"Nederland","c_TeamNatioShort":"NED","n_ActionReasonID":0,"c_ActionReason":null,"c_ActionInfo":"Rechtervoet","n_SubPersonID":null,"c_SubPerson":"","c_SubPersonShort":"","c_ActionMinute":"31'"},{"n_ActionID":12191225,"n_ActionCode":2097152,"n_ActionCode2":64,"n_ActionCode3":0,"n_ActionSet":12,"n_ActionSort":33,"c_Action":"Overtreding","c_ActionShort":"OB","n_PeriodSort":2,"c_Period":"Eerste helft","c_PeriodShort":"1H","n_ActionTime":1869000,"n_HomeGoals":0,"n_AwayGoals":0,"n_HomeOrAway":1,"n_TeamID":73,"c_Team":"PEC Zwolle","c_TeamShort":"ZWO","n_PersonID":41468,"c_Person":"Joost Broerse","c_PersonSort":"Broerse, Joost","c_PersonShort":"Broerse","n_PersonNatioGeoID":2201,"c_PersonNatio":"Nederland","c_PersonNatioShort":"NED","n_TeamNatioGeoID":2201,"c_TeamNatio":"Nederland","c_TeamNatioShort":"NED","n_ActionReasonID":45,"c_ActionReason":"Handsbal","c_ActionInfo":null,"n_SubPersonID":null,"c_SubPerson":"","c_SubPersonShort":"","c_ActionMinute":"32'"},{"n_ActionID":12191231,"n_ActionCode":2048,"n_ActionCode2":0,"n_ActionCode3":0,"n_ActionSet":3,"n_ActionSort":34,"c_Action":"Geel","c_ActionShort":"G","n_PeriodSort":2,"c_Period":"Eerste helft","c_PeriodShort":"1H","n_ActionTime":1872000,"n_HomeGoals":0,"n_AwayGoals":0,"n_HomeOrAway":1,"n_TeamID":73,"c_Team":"PEC Zwolle","c_TeamShort":"ZWO","n_PersonID":41468,"c_Person":"Joost Broerse","c_PersonSort":"Broerse, Joost","c_PersonShort":"Broerse","n_PersonNatioGeoID":2201,"c_PersonNatio":"Nederland","c_PersonNatioShort":"NED","n_TeamNatioGeoID":2201,"c_TeamNatio":"Nederland","c_TeamNatioShort":"NED","n_ActionReasonID":45,"c_ActionReason":"Handsbal","c_ActionInfo":null,"n_SubPersonID":null,"c_SubPerson":"","c_SubPersonShort":"","c_ActionMinute":"32'"},{"n_ActionID":12191249,"n_ActionCode":12,"n_ActionCode2":2097152,"n_ActionCode3":131138,"n_ActionSet":1,"n_ActionSort":35,"c_Action":"Doelpunt","c_ActionShort":"D","n_PeriodSort":2,"c_Period":"Eerste helft","c_PeriodShort":"1H","n_ActionTime":1908000,"n_HomeGoals":0,"n_AwayGoals":1,"n_HomeOrAway":-1,"n_TeamID":11,"c_Team":"PSV","c_TeamShort":"PSV","n_PersonID":740670,"c_Person":"Luuk de Jong","c_PersonSort":"De Jong, Luuk","c_PersonShort":"L. de Jong","n_PersonNatioGeoID":2201,"c_PersonNatio":"Nederland","c_PersonNatioShort":"NED","n_TeamNatioGeoID":2201,"c_TeamNatio":"Nederland","c_TeamNatioShort":"NED","n_ActionReasonID":91,"c_ActionReason":"Strafschop","c_ActionInfo":"Rechtervoet","n_SubPersonID":null,"c_SubPerson":"","c_SubPersonShort":"","c_ActionMinute":"32'"},{"n_ActionID":12191265,"n_ActionCode":0,"n_ActionCode2":17408,"n_ActionCode3":0,"n_ActionSet":15,"n_ActionSort":36,"c_Action":"Aftrap","c_ActionShort":"AT","n_PeriodSort":2,"c_Period":"Eerste helft","c_PeriodShort":"1H","n_ActionTime":1950000,"n_HomeGoals":0,"n_AwayGoals":1,"n_HomeOrAway":1,"n_TeamID":73,"c_Team":"PEC Zwolle","c_TeamShort":"ZWO","n_PersonID":693121,"c_Person":"Tomáš Necid","c_PersonSort":"Necid, Tomáš","c_PersonShort":"Necid","n_PersonNatioGeoID":2240,"c_PersonNatio":"Tsjechië","c_PersonNatioShort":"TSJ","n_TeamNatioGeoID":2201,"c_TeamNatio":"Nederland","c_TeamNatioShort":"NED","n_ActionReasonID":0,"c_ActionReason":null,"c_ActionInfo":null,"n_SubPersonID":null,"c_SubPerson":"","c_SubPersonShort":"","c_ActionMinute":"33'"},{"n_ActionID":12191343,"n_ActionCode":2097152,"n_ActionCode2":0,"n_ActionCode3":0,"n_ActionSet":12,"n_ActionSort":37,"c_Action":"Overtreding","c_ActionShort":"OB","n_PeriodSort":2,"c_Period":"Eerste helft","c_PeriodShort":"1H","n_ActionTime":2018000,"n_HomeGoals":0,"n_AwayGoals":1,"n_HomeOrAway":-1,"n_TeamID":11,"c_Team":"PSV","c_TeamShort":"PSV","n_PersonID":868287,"c_Person":"Adam Maher","c_PersonSort":"Maher, Adam","c_PersonShort":"Maher","n_PersonNatioGeoID":2201,"c_PersonNatio":"Nederland","c_PersonNatioShort":"NED","n_TeamNatioGeoID":2201,"c_TeamNatio":"Nederland","c_TeamNatioShort":"NED","n_ActionReasonID":0,"c_ActionReason":null,"c_ActionInfo":null,"n_SubPersonID":620062,"c_SubPerson":"Bram van Polen","c_SubPersonShort":"van Polen","c_ActionMinute":"34'"},{"n_ActionID":12191346,"n_ActionCode":1024,"n_ActionCode2":0,"n_ActionCode3":2,"n_ActionSet":12,"n_ActionSort":38,"c_Action":"Vrije trap","c_ActionShort":"VT","n_PeriodSort":2,"c_Period":"Eerste helft","c_PeriodShort":"1H","n_ActionTime":2029000,"n_HomeGoals":0,"n_AwayGoals":1,"n_HomeOrAway":1,"n_TeamID":73,"c_Team":"PEC Zwolle","c_TeamShort":"ZWO","n_PersonID":981994,"c_Person":"Thomas Lam","c_PersonSort":"Lam, Thomas","c_PersonShort":"Lam","n_PersonNatioGeoID":2237,"c_PersonNatio":"Finland","c_PersonNatioShort":"FIN","n_TeamNatioGeoID":2201,"c_TeamNatio":"Nederland","c_TeamNatioShort":"NED","n_ActionReasonID":0,"c_ActionReason":null,"c_ActionInfo":"Rechtervoet","n_SubPersonID":null,"c_SubPerson":"","c_SubPersonShort":"","c_ActionMinute":"34'"},{"n_ActionID":12191299,"n_ActionCode":65536,"n_ActionCode2":0,"n_ActionCode3":1,"n_ActionSet":12,"n_ActionSort":39,"c_Action":"Schot naast","c_ActionShort":"SN","n_PeriodSort":2,"c_Period":"Eerste helft","c_PeriodShort":"1H","n_ActionTime":2092000,"n_HomeGoals":0,"n_AwayGoals":1,"n_HomeOrAway":-1,"n_TeamID":11,"c_Team":"PSV","c_TeamShort":"PSV","n_PersonID":970689,"c_Person":"Jürgen Locadia","c_PersonSort":"Locadia, Jürgen","c_PersonShort":"Locadia","n_PersonNatioGeoID":2201,"c_PersonNatio":"Nederland","c_PersonNatioShort":"NED","n_TeamNatioGeoID":2201,"c_TeamNatio":"Nederland","c_TeamNatioShort":"NED","n_ActionReasonID":0,"c_ActionReason":null,"c_ActionInfo":"Linkervoet","n_SubPersonID":null,"c_SubPerson":"","c_SubPersonShort":"","c_ActionMinute":"35'"},{"n_ActionID":12191306,"n_ActionCode":16777216,"n_ActionCode2":134217728,"n_ActionCode3":0,"n_ActionSet":15,"n_ActionSort":40,"c_Action":"Doeltrap","c_ActionShort":"DT","n_PeriodSort":2,"c_Period":"Eerste helft","c_PeriodShort":"1H","n_ActionTime":2111000,"n_HomeGoals":0,"n_AwayGoals":1,"n_HomeOrAway":1,"n_TeamID":73,"c_Team":"PEC Zwolle","c_TeamShort":"ZWO","n_PersonID":1064355,"c_Person":"Warner Hahn","c_PersonSort":"Hahn, Warner","c_PersonShort":"Hahn","n_PersonNatioGeoID":2201,"c_PersonNatio":"Nederland","c_PersonNatioShort":"NED","n_TeamNatioGeoID":2201,"c_TeamNatio":"Nederland","c_TeamNatioShort":"NED","n_ActionReasonID":0,"c_ActionReason":null,"c_ActionInfo":null,"n_SubPersonID":null,"c_SubPerson":"","c_SubPersonShort":"","c_ActionMinute":"36'"},{"n_ActionID":12191358,"n_ActionCode":2097152,"n_ActionCode2":0,"n_ActionCode3":0,"n_ActionSet":12,"n_ActionSort":41,"c_Action":"Overtreding","c_ActionShort":"OB","n_PeriodSort":2,"c_Period":"Eerste helft","c_PeriodShort":"1H","n_ActionTime":2232000,"n_HomeGoals":0,"n_AwayGoals":1,"n_HomeOrAway":-1,"n_TeamID":11,"c_Team":"PSV","c_TeamShort":"PSV","n_PersonID":740670,"c_Person":"Luuk de Jong","c_PersonSort":"De Jong, Luuk","c_PersonShort":"L. de Jong","n_PersonNatioGeoID":2201,"c_PersonNatio":"Nederland","c_PersonNatioShort":"NED","n_TeamNatioGeoID":2201,"c_TeamNatio":"Nederland","c_TeamNatioShort":"NED","n_ActionReasonID":0,"c_ActionReason":null,"c_ActionInfo":null,"n_SubPersonID":876636,"c_SubPerson":"Trent Sainsbury","c_SubPersonShort":"Sainsbury","c_ActionMinute":"38'"},{"n_ActionID":12191362,"n_ActionCode":1024,"n_ActionCode2":0,"n_ActionCode3":2,"n_ActionSet":12,"n_ActionSort":42,"c_Action":"Vrije trap","c_ActionShort":"VT","n_PeriodSort":2,"c_Period":"Eerste helft","c_PeriodShort":"1H","n_ActionTime":2241000,"n_HomeGoals":0,"n_AwayGoals":1,"n_HomeOrAway":1,"n_TeamID":73,"c_Team":"PEC Zwolle","c_TeamShort":"ZWO","n_PersonID":876636,"c_Person":"Trent Sainsbury","c_PersonSort":"Sainsbury, Trent","c_PersonShort":"Sainsbury","n_PersonNatioGeoID":2229,"c_PersonNatio":"Australië","c_PersonNatioShort":"AUS","n_TeamNatioGeoID":2201,"c_TeamNatio":"Nederland","c_TeamNatioShort":"NED","n_ActionReasonID":0,"c_ActionReason":null,"c_ActionInfo":"Rechtervoet","n_SubPersonID":null,"c_SubPerson":"","c_SubPersonShort":"","c_ActionMinute":"38'"},{"n_ActionID":12191377,"n_ActionCode":536870912,"n_ActionCode2":0,"n_ActionCode3":0,"n_ActionSet":15,"n_ActionSort":43,"c_Action":"Geblokt Schot Door","c_ActionShort":"Gebl. Sch. Door","n_PeriodSort":2,"c_Period":"Eerste helft","c_PeriodShort":"1H","n_ActionTime":2283000,"n_HomeGoals":0,"n_AwayGoals":1,"n_HomeOrAway":1,"n_TeamID":73,"c_Team":"PEC Zwolle","c_TeamShort":"ZWO","n_PersonID":41468,"c_Person":"Joost Broerse","c_PersonSort":"Broerse, Joost","c_PersonShort":"Broerse","n_PersonNatioGeoID":2201,"c_PersonNatio":"Nederland","c_PersonNatioShort":"NED","n_TeamNatioGeoID":2201,"c_TeamNatio":"Nederland","c_TeamNatioShort":"NED","n_ActionReasonID":0,"c_ActionReason":null,"c_ActionInfo":null,"n_SubPersonID":null,"c_SubPerson":"","c_SubPersonShort":"","c_ActionMinute":"39'"},{"n_ActionID":12191378,"n_ActionCode":4194304,"n_ActionCode2":0,"n_ActionCode3":2,"n_ActionSet":15,"n_ActionSort":44,"c_Action":"Geblokt schot","c_ActionShort":"Gebl. Sch.","n_PeriodSort":2,"c_Period":"Eerste helft","c_PeriodShort":"1H","n_ActionTime":2283000,"n_HomeGoals":0,"n_AwayGoals":1,"n_HomeOrAway":-1,"n_TeamID":11,"c_Team":"PSV","c_TeamShort":"PSV","n_PersonID":868287,"c_Person":"Adam Maher","c_PersonSort":"Maher, Adam","c_PersonShort":"Maher","n_PersonNatioGeoID":2201,"c_PersonNatio":"Nederland","c_PersonNatioShort":"NED","n_TeamNatioGeoID":2201,"c_TeamNatio":"Nederland","c_TeamNatioShort":"NED","n_ActionReasonID":0,"c_ActionReason":null,"c_ActionInfo":"Rechtervoet","n_SubPersonID":null,"c_SubPerson":"","c_SubPersonShort":"","c_ActionMinute":"39'"},{"n_ActionID":12191387,"n_ActionCode":512,"n_ActionCode2":8388608,"n_ActionCode3":1,"n_ActionSet":12,"n_ActionSort":45,"c_Action":"Hoekschop","c_ActionShort":"HS","n_PeriodSort":2,"c_Period":"Eerste helft","c_PeriodShort":"1H","n_ActionTime":2315000,"n_HomeGoals":0,"n_AwayGoals":1,"n_HomeOrAway":-1,"n_TeamID":11,"c_Team":"PSV","c_TeamShort":"PSV","n_PersonID":603677,"c_Person":"Andrés Guardado","c_PersonSort":"Guardado, Andrés","c_PersonShort":"Guardado","n_PersonNatioGeoID":2228,"c_PersonNatio":"Mexico","c_PersonNatioShort":"MEX","n_TeamNatioGeoID":2201,"c_TeamNatio":"Nederland","c_TeamNatioShort":"NED","n_ActionReasonID":0,"c_ActionReason":null,"c_ActionInfo":"Linkervoet","n_SubPersonID":null,"c_SubPerson":"","c_SubPersonShort":"","c_ActionMinute":"39'"},{"n_ActionID":12191409,"n_ActionCode":4,"n_ActionCode2":0,"n_ActionCode3":67108865,"n_ActionSet":1,"n_ActionSort":46,"c_Action":"Doelpunt","c_ActionShort":"D","n_PeriodSort":2,"c_Period":"Eerste helft","c_PeriodShort":"1H","n_ActionTime":2387000,"n_HomeGoals":1,"n_AwayGoals":1,"n_HomeOrAway":1,"n_TeamID":73,"c_Team":"PEC Zwolle","c_TeamShort":"ZWO","n_PersonID":815993,"c_Person":"Jesper Drost","c_PersonSort":"Drost, Jesper","c_PersonShort":"Drost","n_PersonNatioGeoID":2201,"c_PersonNatio":"Nederland","c_PersonNatioShort":"NED","n_TeamNatioGeoID":2201,"c_TeamNatio":"Nederland","c_TeamNatioShort":"NED","n_ActionReasonID":37,"c_ActionReason":"Assist","c_ActionInfo":"Linkervoet","n_SubPersonID":981994,"c_SubPerson":"Thomas Lam","c_SubPersonShort":"Lam","c_ActionMinute":"40'"},{"n_ActionID":12191428,"n_ActionCode":0,"n_ActionCode2":17408,"n_ActionCode3":0,"n_ActionSet":15,"n_ActionSort":47,"c_Action":"Aftrap","c_ActionShort":"AT","n_PeriodSort":2,"c_Period":"Eerste helft","c_PeriodShort":"1H","n_ActionTime":2450000,"n_HomeGoals":1,"n_AwayGoals":1,"n_HomeOrAway":-1,"n_TeamID":11,"c_Team":"PSV","c_TeamShort":"PSV","n_PersonID":740670,"c_Person":"Luuk de Jong","c_PersonSort":"De Jong, Luuk","c_PersonShort":"L. de Jong","n_PersonNatioGeoID":2201,"c_PersonNatio":"Nederland","c_PersonNatioShort":"NED","n_TeamNatioGeoID":2201,"c_TeamNatio":"Nederland","c_TeamNatioShort":"NED","n_ActionReasonID":0,"c_ActionReason":null,"c_ActionInfo":null,"n_SubPersonID":null,"c_SubPerson":"","c_SubPersonShort":"","c_ActionMinute":"41'"},{"n_ActionID":12191444,"n_ActionCode":2097152,"n_ActionCode2":0,"n_ActionCode3":0,"n_ActionSet":12,"n_ActionSort":48,"c_Action":"Overtreding","c_ActionShort":"OB","n_PeriodSort":2,"c_Period":"Eerste helft","c_PeriodShort":"1H","n_ActionTime":2500000,"n_HomeGoals":1,"n_AwayGoals":1,"n_HomeOrAway":1,"n_TeamID":73,"c_Team":"PEC Zwolle","c_TeamShort":"ZWO","n_PersonID":979594,"c_Person":"Ryan Thomas","c_PersonSort":"Thomas, Ryan","c_PersonShort":"Thomas","n_PersonNatioGeoID":2230,"c_PersonNatio":"Nieuw-Zeeland","c_PersonNatioShort":"NZL","n_TeamNatioGeoID":2201,"c_TeamNatio":"Nederland","c_TeamNatioShort":"NED","n_ActionReasonID":0,"c_ActionReason":null,"c_ActionInfo":null,"n_SubPersonID":664067,"c_SubPerson":"Georginio Wijnaldum","c_SubPersonShort":"Wijnaldum","c_ActionMinute":"42'"},{"n_ActionID":12191448,"n_ActionCode":1024,"n_ActionCode2":0,"n_ActionCode3":1,"n_ActionSet":12,"n_ActionSort":49,"c_Action":"Vrije trap","c_ActionShort":"VT","n_PeriodSort":2,"c_Period":"Eerste helft","c_PeriodShort":"1H","n_ActionTime":2514000,"n_HomeGoals":1,"n_AwayGoals":1,"n_HomeOrAway":-1,"n_TeamID":11,"c_Team":"PSV","c_TeamShort":"PSV","n_PersonID":970699,"c_Person":"Karim Rekik","c_PersonSort":"Rekik, Karim","c_PersonShort":"Rekik","n_PersonNatioGeoID":2201,"c_PersonNatio":"Nederland","c_PersonNatioShort":"NED","n_TeamNatioGeoID":2201,"c_TeamNatio":"Nederland","c_TeamNatioShort":"NED","n_ActionReasonID":0,"c_ActionReason":null,"c_ActionInfo":"Linkervoet","n_SubPersonID":null,"c_SubPerson":"","c_SubPersonShort":"","c_ActionMinute":"42'"},{"n_ActionID":12191473,"n_ActionCode":536870912,"n_ActionCode2":0,"n_ActionCode3":0,"n_ActionSet":15,"n_ActionSort":50,"c_Action":"Geblokt Schot Door","c_ActionShort":"Gebl. Sch. Door","n_PeriodSort":2,"c_Period":"Eerste helft","c_PeriodShort":"1H","n_ActionTime":2571000,"n_HomeGoals":1,"n_AwayGoals":1,"n_HomeOrAway":-1,"n_TeamID":11,"c_Team":"PSV","c_TeamShort":"PSV","n_PersonID":802770,"c_Person":"Jeffrey Bruma","c_PersonSort":"Bruma, Jeffrey","c_PersonShort":"Bruma","n_PersonNatioGeoID":2201,"c_PersonNatio":"Nederland","c_PersonNatioShort":"NED","n_TeamNatioGeoID":2201,"c_TeamNatio":"Nederland","c_TeamNatioShort":"NED","n_ActionReasonID":0,"c_ActionReason":null,"c_ActionInfo":null,"n_SubPersonID":null,"c_SubPerson":"","c_SubPersonShort":"","c_ActionMinute":"43'"},{"n_ActionID":12191474,"n_ActionCode":4194304,"n_ActionCode2":0,"n_ActionCode3":2,"n_ActionSet":15,"n_ActionSort":51,"c_Action":"Geblokt schot","c_ActionShort":"Gebl. Sch.","n_PeriodSort":2,"c_Period":"Eerste helft","c_PeriodShort":"1H","n_ActionTime":2571000,"n_HomeGoals":1,"n_AwayGoals":1,"n_HomeOrAway":1,"n_TeamID":73,"c_Team":"PEC Zwolle","c_TeamShort":"ZWO","n_PersonID":979594,"c_Person":"Ryan Thomas","c_PersonSort":"Thomas, Ryan","c_PersonShort":"Thomas","n_PersonNatioGeoID":2230,"c_PersonNatio":"Nieuw-Zeeland","c_PersonNatioShort":"NZL","n_TeamNatioGeoID":2201,"c_TeamNatio":"Nederland","c_TeamNatioShort":"NED","n_ActionReasonID":0,"c_ActionReason":null,"c_ActionInfo":"Rechtervoet","n_SubPersonID":null,"c_SubPerson":"","c_SubPersonShort":"","c_ActionMinute":"43'"},{"n_ActionID":12191484,"n_ActionCode":512,"n_ActionCode2":16777216,"n_ActionCode3":2,"n_ActionSet":12,"n_ActionSort":52,"c_Action":"Hoekschop","c_ActionShort":"HS","n_PeriodSort":2,"c_Period":"Eerste helft","c_PeriodShort":"1H","n_ActionTime":2594000,"n_HomeGoals":1,"n_AwayGoals":1,"n_HomeOrAway":1,"n_TeamID":73,"c_Team":"PEC Zwolle","c_TeamShort":"ZWO","n_PersonID":911865,"c_Person":"Jody Lukoki","c_PersonSort":"Lukoki, Jody","c_PersonShort":"Lukoki","n_PersonNatioGeoID":2201,"c_PersonNatio":"Nederland","c_PersonNatioShort":"NED","n_TeamNatioGeoID":2201,"c_TeamNatio":"Nederland","c_TeamNatioShort":"NED","n_ActionReasonID":0,"c_ActionReason":null,"c_ActionInfo":"Rechtervoet","n_SubPersonID":null,"c_SubPerson":"","c_SubPersonShort":"","c_ActionMinute":"44'"},{"n_ActionID":12191493,"n_ActionCode":536870912,"n_ActionCode2":0,"n_ActionCode3":0,"n_ActionSet":15,"n_ActionSort":53,"c_Action":"Geblokt Schot Door","c_ActionShort":"Gebl. Sch. Door","n_PeriodSort":2,"c_Period":"Eerste helft","c_PeriodShort":"1H","n_ActionTime":2599000,"n_HomeGoals":1,"n_AwayGoals":1,"n_HomeOrAway":-1,"n_TeamID":11,"c_Team":"PSV","c_TeamShort":"PSV","n_PersonID":802770,"c_Person":"Jeffrey Bruma","c_PersonSort":"Bruma, Jeffrey","c_PersonShort":"Bruma","n_PersonNatioGeoID":2201,"c_PersonNatio":"Nederland","c_PersonNatioShort":"NED","n_TeamNatioGeoID":2201,"c_TeamNatio":"Nederland","c_TeamNatioShort":"NED","n_ActionReasonID":0,"c_ActionReason":null,"c_ActionInfo":null,"n_SubPersonID":null,"c_SubPerson":"","c_SubPersonShort":"","c_ActionMinute":"44'"},{"n_ActionID":12191494,"n_ActionCode":4194304,"n_ActionCode2":0,"n_ActionCode3":2,"n_ActionSet":15,"n_ActionSort":54,"c_Action":"Geblokt schot","c_ActionShort":"Gebl. Sch.","n_PeriodSort":2,"c_Period":"Eerste helft","c_PeriodShort":"1H","n_ActionTime":2599000,"n_HomeGoals":1,"n_AwayGoals":1,"n_HomeOrAway":1,"n_TeamID":73,"c_Team":"PEC Zwolle","c_TeamShort":"ZWO","n_PersonID":979594,"c_Person":"Ryan Thomas","c_PersonSort":"Thomas, Ryan","c_PersonShort":"Thomas","n_PersonNatioGeoID":2230,"c_PersonNatio":"Nieuw-Zeeland","c_PersonNatioShort":"NZL","n_TeamNatioGeoID":2201,"c_TeamNatio":"Nederland","c_TeamNatioShort":"NED","n_ActionReasonID":0,"c_ActionReason":null,"c_ActionInfo":"Rechtervoet","n_SubPersonID":null,"c_SubPerson":"","c_SubPersonShort":"","c_ActionMinute":"44'"},{"n_ActionID":12191501,"n_ActionCode":1048576,"n_ActionCode2":0,"n_ActionCode3":134217730,"n_ActionSet":12,"n_ActionSort":55,"c_Action":"Schot op doel","c_ActionShort":"SD","n_PeriodSort":2,"c_Period":"Eerste helft","c_PeriodShort":"1H","n_ActionTime":2613000,"n_HomeGoals":1,"n_AwayGoals":1,"n_HomeOrAway":1,"n_TeamID":73,"c_Team":"PEC Zwolle","c_TeamShort":"ZWO","n_PersonID":693121,"c_Person":"Tomáš Necid","c_PersonSort":"Necid, Tomáš","c_PersonShort":"Necid","n_PersonNatioGeoID":2240,"c_PersonNatio":"Tsjechië","c_PersonNatioShort":"TSJ","n_TeamNatioGeoID":2201,"c_TeamNatio":"Nederland","c_TeamNatioShort":"NED","n_ActionReasonID":0,"c_ActionReason":null,"c_ActionInfo":"Rechtervoet","n_SubPersonID":null,"c_SubPerson":"","c_SubPersonShort":"","c_ActionMinute":"44'"},{"n_ActionID":12191502,"n_ActionCode":256,"n_ActionCode2":0,"n_ActionCode3":0,"n_ActionSet":12,"n_ActionSort":56,"c_Action":"Redding keeper","c_ActionShort":"RG","n_PeriodSort":2,"c_Period":"Eerste helft","c_PeriodShort":"1H","n_ActionTime":2623000,"n_HomeGoals":1,"n_AwayGoals":1,"n_HomeOrAway":-1,"n_TeamID":11,"c_Team":"PSV","c_TeamShort":"PSV","n_PersonID":740537,"c_Person":"Jeroen Zoet","c_PersonSort":"Zoet, Jeroen","c_PersonShort":"Zoet","n_PersonNatioGeoID":2201,"c_PersonNatio":"Nederland","c_PersonNatioShort":"NED","n_TeamNatioGeoID":2201,"c_TeamNatio":"Nederland","c_TeamNatioShort":"NED","n_ActionReasonID":129,"c_ActionReason":null,"c_ActionInfo":null,"n_SubPersonID":null,"c_SubPerson":"","c_SubPersonShort":"","c_ActionMinute":"44'"},{"n_ActionID":12191507,"n_ActionCode":512,"n_ActionCode2":33554432,"n_ActionCode3":2,"n_ActionSet":12,"n_ActionSort":57,"c_Action":"Hoekschop","c_ActionShort":"HS","n_PeriodSort":2,"c_Period":"Eerste helft","c_PeriodShort":"1H","n_ActionTime":2629000,"n_HomeGoals":1,"n_AwayGoals":1,"n_HomeOrAway":1,"n_TeamID":73,"c_Team":"PEC Zwolle","c_TeamShort":"ZWO","n_PersonID":911865,"c_Person":"Jody Lukoki","c_PersonSort":"Lukoki, Jody","c_PersonShort":"Lukoki","n_PersonNatioGeoID":2201,"c_PersonNatio":"Nederland","c_PersonNatioShort":"NED","n_TeamNatioGeoID":2201,"c_TeamNatio":"Nederland","c_TeamNatioShort":"NED","n_ActionReasonID":0,"c_ActionReason":null,"c_ActionInfo":"Rechtervoet","n_SubPersonID":null,"c_SubPerson":"","c_SubPersonShort":"","c_ActionMinute":"44'"},{"n_ActionID":12191531,"n_ActionCode":0,"n_ActionCode2":32,"n_ActionCode3":0,"n_ActionSet":15,"n_ActionSort":58,"c_Action":"Blessuretijd","c_ActionShort":"BT","n_PeriodSort":2,"c_Period":"Eerste helft","c_PeriodShort":"1H","n_ActionTime":2701000,"n_HomeGoals":1,"n_AwayGoals":1,"n_HomeOrAway":0,"n_TeamID":0,"c_Team":"","c_TeamShort":"","n_PersonID":0,"c_Person":"","c_PersonSort":"","c_PersonShort":"","n_PersonNatioGeoID":0,"c_PersonNatio":null,"c_PersonNatioShort":null,"n_TeamNatioGeoID":null,"c_TeamNatio":null,"c_TeamNatioShort":null,"n_ActionReasonID":0,"c_ActionReason":null,"c_ActionInfo":"60000","n_SubPersonID":null,"c_SubPerson":"","c_SubPersonShort":"","c_ActionMinute":"45'+1'"},{"n_ActionID":12191539,"n_ActionCode":2097152,"n_ActionCode2":0,"n_ActionCode3":0,"n_ActionSet":12,"n_ActionSort":59,"c_Action":"Overtreding","c_ActionShort":"OB","n_PeriodSort":2,"c_Period":"Eerste helft","c_PeriodShort":"1H","n_ActionTime":2720000,"n_HomeGoals":1,"n_AwayGoals":1,"n_HomeOrAway":1,"n_TeamID":73,"c_Team":"PEC Zwolle","c_TeamShort":"ZWO","n_PersonID":981994,"c_Person":"Thomas Lam","c_PersonSort":"Lam, Thomas","c_PersonShort":"Lam","n_PersonNatioGeoID":2237,"c_PersonNatio":"Finland","c_PersonNatioShort":"FIN","n_TeamNatioGeoID":2201,"c_TeamNatio":"Nederland","c_TeamNatioShort":"NED","n_ActionReasonID":0,"c_ActionReason":null,"c_ActionInfo":null,"n_SubPersonID":740670,"c_SubPerson":"Luuk de Jong","c_SubPersonShort":"L. de Jong","c_ActionMinute":"45'+1'"},{"n_ActionID":12191553,"n_ActionCode":1024,"n_ActionCode2":0,"n_ActionCode3":1,"n_ActionSet":12,"n_ActionSort":60,"c_Action":"Vrije trap","c_ActionShort":"VT","n_PeriodSort":2,"c_Period":"Eerste helft","c_PeriodShort":"1H","n_ActionTime":2760000,"n_HomeGoals":1,"n_AwayGoals":1,"n_HomeOrAway":-1,"n_TeamID":11,"c_Team":"PSV","c_TeamShort":"PSV","n_PersonID":603677,"c_Person":"Andrés Guardado","c_PersonSort":"Guardado, Andrés","c_PersonShort":"Guardado","n_PersonNatioGeoID":2228,"c_PersonNatio":"Mexico","c_PersonNatioShort":"MEX","n_TeamNatioGeoID":2201,"c_TeamNatio":"Nederland","c_TeamNatioShort":"NED","n_ActionReasonID":93,"c_ActionReason":null,"c_ActionInfo":"Linkervoet","n_SubPersonID":null,"c_SubPerson":"","c_SubPersonShort":"","c_ActionMinute":"45'+1'"},{"n_ActionID":12191555,"n_ActionCode":536870912,"n_ActionCode2":0,"n_ActionCode3":0,"n_ActionSet":15,"n_ActionSort":61,"c_Action":"Geblokt Schot Door","c_ActionShort":"Gebl. Sch. Door","n_PeriodSort":2,"c_Period":"Eerste helft","c_PeriodShort":"1H","n_ActionTime":2763000,"n_HomeGoals":1,"n_AwayGoals":1,"n_HomeOrAway":1,"n_TeamID":73,"c_Team":"PEC Zwolle","c_TeamShort":"ZWO","n_PersonID":979594,"c_Person":"Ryan Thomas","c_PersonSort":"Thomas, Ryan","c_PersonShort":"Thomas","n_PersonNatioGeoID":2230,"c_PersonNatio":"Nieuw-Zeeland","c_PersonNatioShort":"NZL","n_TeamNatioGeoID":2201,"c_TeamNatio":"Nederland","c_TeamNatioShort":"NED","n_ActionReasonID":0,"c_ActionReason":null,"c_ActionInfo":null,"n_SubPersonID":null,"c_SubPerson":"","c_SubPersonShort":"","c_ActionMinute":"45'+2'"},{"n_ActionID":12191556,"n_ActionCode":4194304,"n_ActionCode2":0,"n_ActionCode3":1,"n_ActionSet":15,"n_ActionSort":62,"c_Action":"Geblokt schot","c_ActionShort":"Gebl. Sch.","n_PeriodSort":2,"c_Period":"Eerste helft","c_PeriodShort":"1H","n_ActionTime":2763000,"n_HomeGoals":1,"n_AwayGoals":1,"n_HomeOrAway":-1,"n_TeamID":11,"c_Team":"PSV","c_TeamShort":"PSV","n_PersonID":603677,"c_Person":"Andrés Guardado","c_PersonSort":"Guardado, Andrés","c_PersonShort":"Guardado","n_PersonNatioGeoID":2228,"c_PersonNatio":"Mexico","c_PersonNatioShort":"MEX","n_TeamNatioGeoID":2201,"c_TeamNatio":"Nederland","c_TeamNatioShort":"NED","n_ActionReasonID":0,"c_ActionReason":null,"c_ActionInfo":"Linkervoet","n_SubPersonID":null,"c_SubPerson":"","c_SubPersonShort":"","c_ActionMinute":"45'+2'"},{"n_ActionID":12191559,"n_ActionCode":0,"n_ActionCode2":2048,"n_ActionCode3":0,"n_ActionSet":16,"n_ActionSort":63,"c_Action":"Einde periode","c_ActionShort":"Einde","n_PeriodSort":2,"c_Period":"Eerste helft","c_PeriodShort":"1H","n_ActionTime":2778000,"n_HomeGoals":1,"n_AwayGoals":1,"n_HomeOrAway":0,"n_TeamID":0,"c_Team":"","c_TeamShort":"","n_PersonID":0,"c_Person":"","c_PersonSort":"","c_PersonShort":"","n_PersonNatioGeoID":0,"c_PersonNatio":null,"c_PersonNatioShort":null,"n_TeamNatioGeoID":null,"c_TeamNatio":null,"c_TeamNatioShort":null,"n_ActionReasonID":0,"c_ActionReason":null,"c_ActionInfo":null,"n_SubPersonID":null,"c_SubPerson":"","c_SubPersonShort":"","c_ActionMinute":"45'+2'"},{"n_ActionID":12189190,"n_ActionCode":16384,"n_ActionCode2":0,"n_ActionCode3":0,"n_ActionSet":5,"n_ActionSort":64,"c_Action":"Wissel","c_ActionShort":"Wis","n_PeriodSort":3,"c_Period":"Rust","c_PeriodShort":"R","n_ActionTime":2760000,"n_HomeGoals":null,"n_AwayGoals":null,"n_HomeOrAway":-1,"n_TeamID":11,"c_Team":"PSV","c_TeamShort":"PSV","n_PersonID":871971,"c_Person":"Oscar Hiljemark","c_PersonSort":"Hiljemark, Oscar","c_PersonShort":"Hiljemark","n_PersonNatioGeoID":2222,"c_PersonNatio":"Zweden","c_PersonNatioShort":"ZWE","n_TeamNatioGeoID":2201,"c_TeamNatio":"Nederland","c_TeamNatioShort":"NED","n_ActionReasonID":0,"c_ActionReason":null,"c_ActionInfo":null,"n_SubPersonID":868287,"c_SubPerson":"Adam Maher","c_SubPersonShort":"Maher","c_ActionMinute":"46'"},{"n_ActionID":12191790,"n_ActionCode":0,"n_ActionCode2":1024,"n_ActionCode3":0,"n_ActionSet":16,"n_ActionSort":65,"c_Action":"Aftrap","c_ActionShort":"Begin","n_PeriodSort":4,"c_Period":"Tweede helft","c_PeriodShort":"2H","n_ActionTime":2700000,"n_HomeGoals":1,"n_AwayGoals":1,"n_HomeOrAway":1,"n_TeamID":73,"c_Team":"PEC Zwolle","c_TeamShort":"ZWO","n_PersonID":0,"c_Person":"","c_PersonSort":"","c_PersonShort":"","n_PersonNatioGeoID":0,"c_PersonNatio":null,"c_PersonNatioShort":null,"n_TeamNatioGeoID":2201,"c_TeamNatio":"Nederland","c_TeamNatioShort":"NED","n_ActionReasonID":0,"c_ActionReason":null,"c_ActionInfo":null,"n_SubPersonID":null,"c_SubPerson":"","c_SubPersonShort":"","c_ActionMinute":"45'"},{"n_ActionID":12191858,"n_ActionCode":65536,"n_ActionCode2":0,"n_ActionCode3":2,"n_ActionSet":12,"n_ActionSort":66,"c_Action":"Schot naast","c_ActionShort":"SN","n_PeriodSort":4,"c_Period":"Tweede helft","c_PeriodShort":"2H","n_ActionTime":2861000,"n_HomeGoals":1,"n_AwayGoals":1,"n_HomeOrAway":-1,"n_TeamID":11,"c_Team":"PSV","c_TeamShort":"PSV","n_PersonID":871971,"c_Person":"Oscar Hiljemark","c_PersonSort":"Hiljemark, Oscar","c_PersonShort":"Hiljemark","n_PersonNatioGeoID":2222,"c_PersonNatio":"Zweden","c_PersonNatioShort":"ZWE","n_TeamNatioGeoID":2201,"c_TeamNatio":"Nederland","c_TeamNatioShort":"NED","n_ActionReasonID":0,"c_ActionReason":null,"c_ActionInfo":"Rechtervoet","n_SubPersonID":null,"c_SubPerson":"","c_SubPersonShort":"","c_ActionMinute":"48'"},{"n_ActionID":12191869,"n_ActionCode":16777216,"n_ActionCode2":134217728,"n_ActionCode3":0,"n_ActionSet":15,"n_ActionSort":67,"c_Action":"Doeltrap","c_ActionShort":"DT","n_PeriodSort":4,"c_Period":"Tweede helft","c_PeriodShort":"2H","n_ActionTime":2896000,"n_HomeGoals":1,"n_AwayGoals":1,"n_HomeOrAway":1,"n_TeamID":73,"c_Team":"PEC Zwolle","c_TeamShort":"ZWO","n_PersonID":1064355,"c_Person":"Warner Hahn","c_PersonSort":"Hahn, Warner","c_PersonShort":"Hahn","n_PersonNatioGeoID":2201,"c_PersonNatio":"Nederland","c_PersonNatioShort":"NED","n_TeamNatioGeoID":2201,"c_TeamNatio":"Nederland","c_TeamNatioShort":"NED","n_ActionReasonID":0,"c_ActionReason":null,"c_ActionInfo":null,"n_SubPersonID":null,"c_SubPerson":"","c_SubPersonShort":"","c_ActionMinute":"49'"},{"n_ActionID":12191917,"n_ActionCode":512,"n_ActionCode2":16777216,"n_ActionCode3":2,"n_ActionSet":12,"n_ActionSort":68,"c_Action":"Hoekschop","c_ActionShort":"HS","n_PeriodSort":4,"c_Period":"Tweede helft","c_PeriodShort":"2H","n_ActionTime":3147000,"n_HomeGoals":1,"n_AwayGoals":1,"n_HomeOrAway":-1,"n_TeamID":11,"c_Team":"PSV","c_TeamShort":"PSV","n_PersonID":753369,"c_Person":"Luciano Narsingh","c_PersonSort":"Narsingh, Luciano","c_PersonShort":"Narsingh","n_PersonNatioGeoID":2201,"c_PersonNatio":"Nederland","c_PersonNatioShort":"NED","n_TeamNatioGeoID":2201,"c_TeamNatio":"Nederland","c_TeamNatioShort":"NED","n_ActionReasonID":0,"c_ActionReason":null,"c_ActionInfo":"Rechtervoet","n_SubPersonID":null,"c_SubPerson":"","c_SubPersonShort":"","c_ActionMinute":"53'"},{"n_ActionID":12191955,"n_ActionCode":2097152,"n_ActionCode2":0,"n_ActionCode3":0,"n_ActionSet":12,"n_ActionSort":69,"c_Action":"Overtreding","c_ActionShort":"OB","n_PeriodSort":4,"c_Period":"Tweede helft","c_PeriodShort":"2H","n_ActionTime":3354000,"n_HomeGoals":1,"n_AwayGoals":1,"n_HomeOrAway":1,"n_TeamID":73,"c_Team":"PEC Zwolle","c_TeamShort":"ZWO","n_PersonID":604407,"c_Person":"Bart van Hintum","c_PersonSort":"Van Hintum, Bart","c_PersonShort":"van Hintum","n_PersonNatioGeoID":2201,"c_PersonNatio":"Nederland","c_PersonNatioShort":"NED","n_TeamNatioGeoID":2201,"c_TeamNatio":"Nederland","c_TeamNatioShort":"NED","n_ActionReasonID":0,"c_ActionReason":null,"c_ActionInfo":null,"n_SubPersonID":970689,"c_SubPerson":"Jürgen Locadia","c_SubPersonShort":"Locadia","c_ActionMinute":"56'"},{"n_ActionID":12191956,"n_ActionCode":1024,"n_ActionCode2":0,"n_ActionCode3":2,"n_ActionSet":12,"n_ActionSort":70,"c_Action":"Vrije trap","c_ActionShort":"VT","n_PeriodSort":4,"c_Period":"Tweede helft","c_PeriodShort":"2H","n_ActionTime":3374000,"n_HomeGoals":1,"n_AwayGoals":1,"n_HomeOrAway":-1,"n_TeamID":11,"c_Team":"PSV","c_TeamShort":"PSV","n_PersonID":802770,"c_Person":"Jeffrey Bruma","c_PersonSort":"Bruma, Jeffrey","c_PersonShort":"Bruma","n_PersonNatioGeoID":2201,"c_PersonNatio":"Nederland","c_PersonNatioShort":"NED","n_TeamNatioGeoID":2201,"c_TeamNatio":"Nederland","c_TeamNatioShort":"NED","n_ActionReasonID":0,"c_ActionReason":null,"c_ActionInfo":"Rechtervoet","n_SubPersonID":null,"c_SubPerson":"","c_SubPersonShort":"","c_ActionMinute":"57'"},{"n_ActionID":12191963,"n_ActionCode":65536,"n_ActionCode2":0,"n_ActionCode3":2,"n_ActionSet":12,"n_ActionSort":71,"c_Action":"Schot naast","c_ActionShort":"SN","n_PeriodSort":4,"c_Period":"Tweede helft","c_PeriodShort":"2H","n_ActionTime":3419000,"n_HomeGoals":1,"n_AwayGoals":1,"n_HomeOrAway":-1,"n_TeamID":11,"c_Team":"PSV","c_TeamShort":"PSV","n_PersonID":753369,"c_Person":"Luciano Narsingh","c_PersonSort":"Narsingh, Luciano","c_PersonShort":"Narsingh","n_PersonNatioGeoID":2201,"c_PersonNatio":"Nederland","c_PersonNatioShort":"NED","n_TeamNatioGeoID":2201,"c_TeamNatio":"Nederland","c_TeamNatioShort":"NED","n_ActionReasonID":0,"c_ActionReason":null,"c_ActionInfo":"Rechtervoet","n_SubPersonID":null,"c_SubPerson":"","c_SubPersonShort":"","c_ActionMinute":"57'"},{"n_ActionID":12191966,"n_ActionCode":16777216,"n_ActionCode2":134217728,"n_ActionCode3":0,"n_ActionSet":15,"n_ActionSort":72,"c_Action":"Doeltrap","c_ActionShort":"DT","n_PeriodSort":4,"c_Period":"Tweede helft","c_PeriodShort":"2H","n_ActionTime":3438000,"n_HomeGoals":1,"n_AwayGoals":1,"n_HomeOrAway":1,"n_TeamID":73,"c_Team":"PEC Zwolle","c_TeamShort":"ZWO","n_PersonID":1064355,"c_Person":"Warner Hahn","c_PersonSort":"Hahn, Warner","c_PersonShort":"Hahn","n_PersonNatioGeoID":2201,"c_PersonNatio":"Nederland","c_PersonNatioShort":"NED","n_TeamNatioGeoID":2201,"c_TeamNatio":"Nederland","c_TeamNatioShort":"NED","n_ActionReasonID":0,"c_ActionReason":null,"c_ActionInfo":null,"n_SubPersonID":null,"c_SubPerson":"","c_SubPersonShort":"","c_ActionMinute":"58'"},{"n_ActionID":12191982,"n_ActionCode":2097152,"n_ActionCode2":0,"n_ActionCode3":0,"n_ActionSet":12,"n_ActionSort":73,"c_Action":"Overtreding","c_ActionShort":"OB","n_PeriodSort":4,"c_Period":"Tweede helft","c_PeriodShort":"2H","n_ActionTime":3509000,"n_HomeGoals":1,"n_AwayGoals":1,"n_HomeOrAway":-1,"n_TeamID":11,"c_Team":"PSV","c_TeamShort":"PSV","n_PersonID":911639,"c_Person":"Jetro Willems","c_PersonSort":"Willems, Jetro","c_PersonShort":"Willems","n_PersonNatioGeoID":2201,"c_PersonNatio":"Nederland","c_PersonNatioShort":"NED","n_TeamNatioGeoID":2201,"c_TeamNatio":"Nederland","c_TeamNatioShort":"NED","n_ActionReasonID":0,"c_ActionReason":null,"c_ActionInfo":null,"n_SubPersonID":911865,"c_SubPerson":"Jody Lukoki","c_SubPersonShort":"Lukoki","c_ActionMinute":"59'"},{"n_ActionID":12191984,"n_ActionCode":1024,"n_ActionCode2":0,"n_ActionCode3":2,"n_ActionSet":12,"n_ActionSort":74,"c_Action":"Vrije trap","c_ActionShort":"VT","n_PeriodSort":4,"c_Period":"Tweede helft","c_PeriodShort":"2H","n_ActionTime":3523000,"n_HomeGoals":1,"n_AwayGoals":1,"n_HomeOrAway":1,"n_TeamID":73,"c_Team":"PEC Zwolle","c_TeamShort":"ZWO","n_PersonID":911865,"c_Person":"Jody Lukoki","c_PersonSort":"Lukoki, Jody","c_PersonShort":"Lukoki","n_PersonNatioGeoID":2201,"c_PersonNatio":"Nederland","c_PersonNatioShort":"NED","n_TeamNatioGeoID":2201,"c_TeamNatio":"Nederland","c_TeamNatioShort":"NED","n_ActionReasonID":0,"c_ActionReason":null,"c_ActionInfo":"Rechtervoet","n_SubPersonID":null,"c_SubPerson":"","c_SubPersonShort":"","c_ActionMinute":"59'"},{"n_ActionID":12191991,"n_ActionCode":2097152,"n_ActionCode2":0,"n_ActionCode3":0,"n_ActionSet":12,"n_ActionSort":75,"c_Action":"Overtreding","c_ActionShort":"OB","n_PeriodSort":4,"c_Period":"Tweede helft","c_PeriodShort":"2H","n_ActionTime":3535000,"n_HomeGoals":1,"n_AwayGoals":1,"n_HomeOrAway":1,"n_TeamID":73,"c_Team":"PEC Zwolle","c_TeamShort":"ZWO","n_PersonID":911865,"c_Person":"Jody Lukoki","c_PersonSort":"Lukoki, Jody","c_PersonShort":"Lukoki","n_PersonNatioGeoID":2201,"c_PersonNatio":"Nederland","c_PersonNatioShort":"NED","n_TeamNatioGeoID":2201,"c_TeamNatio":"Nederland","c_TeamNatioShort":"NED","n_ActionReasonID":0,"c_ActionReason":null,"c_ActionInfo":null,"n_SubPersonID":753369,"c_SubPerson":"Luciano Narsingh","c_SubPersonShort":"Narsingh","c_ActionMinute":"59'"},{"n_ActionID":12192000,"n_ActionCode":1024,"n_ActionCode2":0,"n_ActionCode3":2,"n_ActionSet":12,"n_ActionSort":76,"c_Action":"Vrije trap","c_ActionShort":"VT","n_PeriodSort":4,"c_Period":"Tweede helft","c_PeriodShort":"2H","n_ActionTime":3564000,"n_HomeGoals":1,"n_AwayGoals":1,"n_HomeOrAway":-1,"n_TeamID":11,"c_Team":"PSV","c_TeamShort":"PSV","n_PersonID":871971,"c_Person":"Oscar Hiljemark","c_PersonSort":"Hiljemark, Oscar","c_PersonShort":"Hiljemark","n_PersonNatioGeoID":2222,"c_PersonNatio":"Zweden","c_PersonNatioShort":"ZWE","n_TeamNatioGeoID":2201,"c_TeamNatio":"Nederland","c_TeamNatioShort":"NED","n_ActionReasonID":0,"c_ActionReason":null,"c_ActionInfo":"Rechtervoet","n_SubPersonID":null,"c_SubPerson":"","c_SubPersonShort":"","c_ActionMinute":"60'"},{"n_ActionID":12192014,"n_ActionCode":1048576,"n_ActionCode2":0,"n_ActionCode3":134217730,"n_ActionSet":12,"n_ActionSort":77,"c_Action":"Schot op doel","c_ActionShort":"SD","n_PeriodSort":4,"c_Period":"Tweede helft","c_PeriodShort":"2H","n_ActionTime":3592000,"n_HomeGoals":1,"n_AwayGoals":1,"n_HomeOrAway":-1,"n_TeamID":11,"c_Team":"PSV","c_TeamShort":"PSV","n_PersonID":740670,"c_Person":"Luuk de Jong","c_PersonSort":"De Jong, Luuk","c_PersonShort":"L. de Jong","n_PersonNatioGeoID":2201,"c_PersonNatio":"Nederland","c_PersonNatioShort":"NED","n_TeamNatioGeoID":2201,"c_TeamNatio":"Nederland","c_TeamNatioShort":"NED","n_ActionReasonID":0,"c_ActionReason":null,"c_ActionInfo":"Rechtervoet","n_SubPersonID":null,"c_SubPerson":"","c_SubPersonShort":"","c_ActionMinute":"60'"},{"n_ActionID":12192016,"n_ActionCode":256,"n_ActionCode2":0,"n_ActionCode3":0,"n_ActionSet":12,"n_ActionSort":78,"c_Action":"Redding keeper","c_ActionShort":"RG","n_PeriodSort":4,"c_Period":"Tweede helft","c_PeriodShort":"2H","n_ActionTime":3598000,"n_HomeGoals":1,"n_AwayGoals":1,"n_HomeOrAway":1,"n_TeamID":73,"c_Team":"PEC Zwolle","c_TeamShort":"ZWO","n_PersonID":1064355,"c_Person":"Warner Hahn","c_PersonSort":"Hahn, Warner","c_PersonShort":"Hahn","n_PersonNatioGeoID":2201,"c_PersonNatio":"Nederland","c_PersonNatioShort":"NED","n_TeamNatioGeoID":2201,"c_TeamNatio":"Nederland","c_TeamNatioShort":"NED","n_ActionReasonID":130,"c_ActionReason":null,"c_ActionInfo":null,"n_SubPersonID":null,"c_SubPerson":"","c_SubPersonShort":"","c_ActionMinute":"60'"},{"n_ActionID":12192026,"n_ActionCode":2097152,"n_ActionCode2":0,"n_ActionCode3":0,"n_ActionSet":12,"n_ActionSort":79,"c_Action":"Overtreding","c_ActionShort":"OB","n_PeriodSort":4,"c_Period":"Tweede helft","c_PeriodShort":"2H","n_ActionTime":3647000,"n_HomeGoals":1,"n_AwayGoals":1,"n_HomeOrAway":1,"n_TeamID":73,"c_Team":"PEC Zwolle","c_TeamShort":"ZWO","n_PersonID":981994,"c_Person":"Thomas Lam","c_PersonSort":"Lam, Thomas","c_PersonShort":"Lam","n_PersonNatioGeoID":2237,"c_PersonNatio":"Finland","c_PersonNatioShort":"FIN","n_TeamNatioGeoID":2201,"c_TeamNatio":"Nederland","c_TeamNatioShort":"NED","n_ActionReasonID":0,"c_ActionReason":null,"c_ActionInfo":null,"n_SubPersonID":740670,"c_SubPerson":"Luuk de Jong","c_SubPersonShort":"L. de Jong","c_ActionMinute":"61'"},{"n_ActionID":12192029,"n_ActionCode":2048,"n_ActionCode2":0,"n_ActionCode3":0,"n_ActionSet":3,"n_ActionSort":80,"c_Action":"Geel","c_ActionShort":"G","n_PeriodSort":4,"c_Period":"Tweede helft","c_PeriodShort":"2H","n_ActionTime":3658000,"n_HomeGoals":1,"n_AwayGoals":1,"n_HomeOrAway":1,"n_TeamID":73,"c_Team":"PEC Zwolle","c_TeamShort":"ZWO","n_PersonID":981994,"c_Person":"Thomas Lam","c_PersonSort":"Lam, Thomas","c_PersonShort":"Lam","n_PersonNatioGeoID":2237,"c_PersonNatio":"Finland","c_PersonNatioShort":"FIN","n_TeamNatioGeoID":2201,"c_TeamNatio":"Nederland","c_TeamNatioShort":"NED","n_ActionReasonID":49,"c_ActionReason":"Tackle","c_ActionInfo":null,"n_SubPersonID":null,"c_SubPerson":"","c_SubPersonShort":"","c_ActionMinute":"61'"},{"n_ActionID":12192030,"n_ActionCode":1024,"n_ActionCode2":0,"n_ActionCode3":1,"n_ActionSet":12,"n_ActionSort":81,"c_Action":"Vrije trap","c_ActionShort":"VT","n_PeriodSort":4,"c_Period":"Tweede helft","c_PeriodShort":"2H","n_ActionTime":3671000,"n_HomeGoals":1,"n_AwayGoals":1,"n_HomeOrAway":-1,"n_TeamID":11,"c_Team":"PSV","c_TeamShort":"PSV","n_PersonID":911639,"c_Person":"Jetro Willems","c_PersonSort":"Willems, Jetro","c_PersonShort":"Willems","n_PersonNatioGeoID":2201,"c_PersonNatio":"Nederland","c_PersonNatioShort":"NED","n_TeamNatioGeoID":2201,"c_TeamNatio":"Nederland","c_TeamNatioShort":"NED","n_ActionReasonID":0,"c_ActionReason":null,"c_ActionInfo":"Linkervoet","n_SubPersonID":null,"c_SubPerson":"","c_SubPersonShort":"","c_ActionMinute":"62'"},{"n_ActionID":12192042,"n_ActionCode":2097152,"n_ActionCode2":0,"n_ActionCode3":0,"n_ActionSet":12,"n_ActionSort":82,"c_Action":"Overtreding","c_ActionShort":"OB","n_PeriodSort":4,"c_Period":"Tweede helft","c_PeriodShort":"2H","n_ActionTime":3731000,"n_HomeGoals":1,"n_AwayGoals":1,"n_HomeOrAway":-1,"n_TeamID":11,"c_Team":"PSV","c_TeamShort":"PSV","n_PersonID":802770,"c_Person":"Jeffrey Bruma","c_PersonSort":"Bruma, Jeffrey","c_PersonShort":"Bruma","n_PersonNatioGeoID":2201,"c_PersonNatio":"Nederland","c_PersonNatioShort":"NED","n_TeamNatioGeoID":2201,"c_TeamNatio":"Nederland","c_TeamNatioShort":"NED","n_ActionReasonID":0,"c_ActionReason":null,"c_ActionInfo":null,"n_SubPersonID":693121,"c_SubPerson":"Tomáš Necid","c_SubPersonShort":"Necid","c_ActionMinute":"63'"},{"n_ActionID":12192051,"n_ActionCode":1024,"n_ActionCode2":0,"n_ActionCode3":2,"n_ActionSet":12,"n_ActionSort":83,"c_Action":"Vrije trap","c_ActionShort":"VT","n_PeriodSort":4,"c_Period":"Tweede helft","c_PeriodShort":"2H","n_ActionTime":3756000,"n_HomeGoals":1,"n_AwayGoals":1,"n_HomeOrAway":1,"n_TeamID":73,"c_Team":"PEC Zwolle","c_TeamShort":"ZWO","n_PersonID":871049,"c_Person":"Ben Rienstra","c_PersonSort":"Rienstra, Ben","c_PersonShort":"Rienstra","n_PersonNatioGeoID":2201,"c_PersonNatio":"Nederland","c_PersonNatioShort":"NED","n_TeamNatioGeoID":2201,"c_TeamNatio":"Nederland","c_TeamNatioShort":"NED","n_ActionReasonID":0,"c_ActionReason":null,"c_ActionInfo":"Rechtervoet","n_SubPersonID":null,"c_SubPerson":"","c_SubPersonShort":"","c_ActionMinute":"63'"},{"n_ActionID":12192056,"n_ActionCode":2097152,"n_ActionCode2":0,"n_ActionCode3":0,"n_ActionSet":12,"n_ActionSort":84,"c_Action":"Overtreding","c_ActionShort":"OB","n_PeriodSort":4,"c_Period":"Tweede helft","c_PeriodShort":"2H","n_ActionTime":3773000,"n_HomeGoals":1,"n_AwayGoals":1,"n_HomeOrAway":-1,"n_TeamID":11,"c_Team":"PSV","c_TeamShort":"PSV","n_PersonID":871971,"c_Person":"Oscar Hiljemark","c_PersonSort":"Hiljemark, Oscar","c_PersonShort":"Hiljemark","n_PersonNatioGeoID":2222,"c_PersonNatio":"Zweden","c_PersonNatioShort":"ZWE","n_TeamNatioGeoID":2201,"c_TeamNatio":"Nederland","c_TeamNatioShort":"NED","n_ActionReasonID":0,"c_ActionReason":null,"c_ActionInfo":null,"n_SubPersonID":979594,"c_SubPerson":"Ryan Thomas","c_SubPersonShort":"Thomas","c_ActionMinute":"63'"},{"n_ActionID":12192057,"n_ActionCode":2048,"n_ActionCode2":0,"n_ActionCode3":0,"n_ActionSet":3,"n_ActionSort":85,"c_Action":"Geel","c_ActionShort":"G","n_PeriodSort":4,"c_Period":"Tweede helft","c_PeriodShort":"2H","n_ActionTime":3778000,"n_HomeGoals":1,"n_AwayGoals":1,"n_HomeOrAway":-1,"n_TeamID":11,"c_Team":"PSV","c_TeamShort":"PSV","n_PersonID":871971,"c_Person":"Oscar Hiljemark","c_PersonSort":"Hiljemark, Oscar","c_PersonShort":"Hiljemark","n_PersonNatioGeoID":2222,"c_PersonNatio":"Zweden","c_PersonNatioShort":"ZWE","n_TeamNatioGeoID":2201,"c_TeamNatio":"Nederland","c_TeamNatioShort":"NED","n_ActionReasonID":51,"c_ActionReason":"Duwen","c_ActionInfo":null,"n_SubPersonID":null,"c_SubPerson":"","c_SubPersonShort":"","c_ActionMinute":"63'"},{"n_ActionID":12192065,"n_ActionCode":1024,"n_ActionCode2":0,"n_ActionCode3":1,"n_ActionSet":12,"n_ActionSort":86,"c_Action":"Vrije trap","c_ActionShort":"VT","n_PeriodSort":4,"c_Period":"Tweede helft","c_PeriodShort":"2H","n_ActionTime":3833000,"n_HomeGoals":1,"n_AwayGoals":1,"n_HomeOrAway":1,"n_TeamID":73,"c_Team":"PEC Zwolle","c_TeamShort":"ZWO","n_PersonID":41468,"c_Person":"Joost Broerse","c_PersonSort":"Broerse, Joost","c_PersonShort":"Broerse","n_PersonNatioGeoID":2201,"c_PersonNatio":"Nederland","c_PersonNatioShort":"NED","n_TeamNatioGeoID":2201,"c_TeamNatio":"Nederland","c_TeamNatioShort":"NED","n_ActionReasonID":0,"c_ActionReason":null,"c_ActionInfo":"Linkervoet","n_SubPersonID":null,"c_SubPerson":"","c_SubPersonShort":"","c_ActionMinute":"64'"},{"n_ActionID":12192068,"n_ActionCode":1028,"n_ActionCode2":2097152,"n_ActionCode3":257,"n_ActionSet":1,"n_ActionSort":87,"c_Action":"Doelpunt","c_ActionShort":"D","n_PeriodSort":4,"c_Period":"Tweede helft","c_PeriodShort":"2H","n_ActionTime":3836000,"n_HomeGoals":2,"n_AwayGoals":1,"n_HomeOrAway":1,"n_TeamID":73,"c_Team":"PEC Zwolle","c_TeamShort":"ZWO","n_PersonID":41468,"c_Person":"Joost Broerse","c_PersonSort":"Broerse, Joost","c_PersonShort":"Broerse","n_PersonNatioGeoID":2201,"c_PersonNatio":"Nederland","c_PersonNatioShort":"NED","n_TeamNatioGeoID":2201,"c_TeamNatio":"Nederland","c_TeamNatioShort":"NED","n_ActionReasonID":86,"c_ActionReason":"Vrije trap","c_ActionInfo":"Linkervoet","n_SubPersonID":null,"c_SubPerson":"","c_SubPersonShort":"","c_ActionMinute":"64'"},{"n_ActionID":12192081,"n_ActionCode":0,"n_ActionCode2":17408,"n_ActionCode3":0,"n_ActionSet":15,"n_ActionSort":88,"c_Action":"Aftrap","c_ActionShort":"AT","n_PeriodSort":4,"c_Period":"Tweede helft","c_PeriodShort":"2H","n_ActionTime":3897000,"n_HomeGoals":2,"n_AwayGoals":1,"n_HomeOrAway":-1,"n_TeamID":11,"c_Team":"PSV","c_TeamShort":"PSV","n_PersonID":740670,"c_Person":"Luuk de Jong","c_PersonSort":"De Jong, Luuk","c_PersonShort":"L. de Jong","n_PersonNatioGeoID":2201,"c_PersonNatio":"Nederland","c_PersonNatioShort":"NED","n_TeamNatioGeoID":2201,"c_TeamNatio":"Nederland","c_TeamNatioShort":"NED","n_ActionReasonID":0,"c_ActionReason":null,"c_ActionInfo":null,"n_SubPersonID":null,"c_SubPerson":"","c_SubPersonShort":"","c_ActionMinute":"65'"},{"n_ActionID":12192121,"n_ActionCode":2097152,"n_ActionCode2":0,"n_ActionCode3":0,"n_ActionSet":12,"n_ActionSort":89,"c_Action":"Overtreding","c_ActionShort":"OB","n_PeriodSort":4,"c_Period":"Tweede helft","c_PeriodShort":"2H","n_ActionTime":4045000,"n_HomeGoals":2,"n_AwayGoals":1,"n_HomeOrAway":1,"n_TeamID":73,"c_Team":"PEC Zwolle","c_TeamShort":"ZWO","n_PersonID":911865,"c_Person":"Jody Lukoki","c_PersonSort":"Lukoki, Jody","c_PersonShort":"Lukoki","n_PersonNatioGeoID":2201,"c_PersonNatio":"Nederland","c_PersonNatioShort":"NED","n_TeamNatioGeoID":2201,"c_TeamNatio":"Nederland","c_TeamNatioShort":"NED","n_ActionReasonID":0,"c_ActionReason":null,"c_ActionInfo":null,"n_SubPersonID":911639,"c_SubPerson":"Jetro Willems","c_SubPersonShort":"Willems","c_ActionMinute":"68'"},{"n_ActionID":12189518,"n_ActionCode":16384,"n_ActionCode2":0,"n_ActionCode3":0,"n_ActionSet":5,"n_ActionSort":90,"c_Action":"Wissel","c_ActionShort":"Wis","n_PeriodSort":4,"c_Period":"Tweede helft","c_PeriodShort":"2H","n_ActionTime":4073000,"n_HomeGoals":null,"n_AwayGoals":null,"n_HomeOrAway":1,"n_TeamID":73,"c_Team":"PEC Zwolle","c_TeamShort":"ZWO","n_PersonID":691200,"c_Person":"Stef Nijland","c_PersonSort":"Nijland, Stef","c_PersonShort":"Nijland","n_PersonNatioGeoID":2201,"c_PersonNatio":"Nederland","c_PersonNatioShort":"NED","n_TeamNatioGeoID":2201,"c_TeamNatio":"Nederland","c_TeamNatioShort":"NED","n_ActionReasonID":0,"c_ActionReason":null,"c_ActionInfo":null,"n_SubPersonID":979594,"c_SubPerson":"Ryan Thomas","c_SubPersonShort":"Thomas","c_ActionMinute":"68'"},{"n_ActionID":12192127,"n_ActionCode":1024,"n_ActionCode2":0,"n_ActionCode3":1,"n_ActionSet":12,"n_ActionSort":91,"c_Action":"Vrije trap","c_ActionShort":"VT","n_PeriodSort":4,"c_Period":"Tweede helft","c_PeriodShort":"2H","n_ActionTime":4089000,"n_HomeGoals":2,"n_AwayGoals":1,"n_HomeOrAway":-1,"n_TeamID":11,"c_Team":"PSV","c_TeamShort":"PSV","n_PersonID":911639,"c_Person":"Jetro Willems","c_PersonSort":"Willems, Jetro","c_PersonShort":"Willems","n_PersonNatioGeoID":2201,"c_PersonNatio":"Nederland","c_PersonNatioShort":"NED","n_TeamNatioGeoID":2201,"c_TeamNatio":"Nederland","c_TeamNatioShort":"NED","n_ActionReasonID":0,"c_ActionReason":null,"c_ActionInfo":"Linkervoet","n_SubPersonID":null,"c_SubPerson":"","c_SubPersonShort":"","c_ActionMinute":"69'"},{"n_ActionID":12192136,"n_ActionCode":65536,"n_ActionCode2":0,"n_ActionCode3":4,"n_ActionSet":12,"n_ActionSort":92,"c_Action":"Schot naast","c_ActionShort":"SN","n_PeriodSort":4,"c_Period":"Tweede helft","c_PeriodShort":"2H","n_ActionTime":4171000,"n_HomeGoals":2,"n_AwayGoals":1,"n_HomeOrAway":-1,"n_TeamID":11,"c_Team":"PSV","c_TeamShort":"PSV","n_PersonID":740670,"c_Person":"Luuk de Jong","c_PersonSort":"De Jong, Luuk","c_PersonShort":"L. de Jong","n_PersonNatioGeoID":2201,"c_PersonNatio":"Nederland","c_PersonNatioShort":"NED","n_TeamNatioGeoID":2201,"c_TeamNatio":"Nederland","c_TeamNatioShort":"NED","n_ActionReasonID":0,"c_ActionReason":null,"c_ActionInfo":"Kopbal","n_SubPersonID":null,"c_SubPerson":"","c_SubPersonShort":"","c_ActionMinute":"70'"},{"n_ActionID":12192146,"n_ActionCode":16777216,"n_ActionCode2":134217728,"n_ActionCode3":0,"n_ActionSet":15,"n_ActionSort":93,"c_Action":"Doeltrap","c_ActionShort":"DT","n_PeriodSort":4,"c_Period":"Tweede helft","c_PeriodShort":"2H","n_ActionTime":4206000,"n_HomeGoals":2,"n_AwayGoals":1,"n_HomeOrAway":1,"n_TeamID":73,"c_Team":"PEC Zwolle","c_TeamShort":"ZWO","n_PersonID":1064355,"c_Person":"Warner Hahn","c_PersonSort":"Hahn, Warner","c_PersonShort":"Hahn","n_PersonNatioGeoID":2201,"c_PersonNatio":"Nederland","c_PersonNatioShort":"NED","n_TeamNatioGeoID":2201,"c_TeamNatio":"Nederland","c_TeamNatioShort":"NED","n_ActionReasonID":0,"c_ActionReason":null,"c_ActionInfo":null,"n_SubPersonID":null,"c_SubPerson":"","c_SubPersonShort":"","c_ActionMinute":"71'"},{"n_ActionID":12192148,"n_ActionCode":2097152,"n_ActionCode2":0,"n_ActionCode3":0,"n_ActionSet":12,"n_ActionSort":94,"c_Action":"Overtreding","c_ActionShort":"OB","n_PeriodSort":4,"c_Period":"Tweede helft","c_PeriodShort":"2H","n_ActionTime":4210000,"n_HomeGoals":2,"n_AwayGoals":1,"n_HomeOrAway":-1,"n_TeamID":11,"c_Team":"PSV","c_TeamShort":"PSV","n_PersonID":857345,"c_Person":"Santiago Arias","c_PersonSort":"Arias, Santiago","c_PersonShort":"Arias","n_PersonNatioGeoID":2226,"c_PersonNatio":"Colombia","c_PersonNatioShort":"COL","n_TeamNatioGeoID":2201,"c_TeamNatio":"Nederland","c_TeamNatioShort":"NED","n_ActionReasonID":0,"c_ActionReason":null,"c_ActionInfo":null,"n_SubPersonID":691200,"c_SubPerson":"Stef Nijland","c_SubPersonShort":"Nijland","c_ActionMinute":"71'"},{"n_ActionID":12192149,"n_ActionCode":1024,"n_ActionCode2":0,"n_ActionCode3":2,"n_ActionSet":12,"n_ActionSort":95,"c_Action":"Vrije trap","c_ActionShort":"VT","n_PeriodSort":4,"c_Period":"Tweede helft","c_PeriodShort":"2H","n_ActionTime":4228000,"n_HomeGoals":2,"n_AwayGoals":1,"n_HomeOrAway":1,"n_TeamID":73,"c_Team":"PEC Zwolle","c_TeamShort":"ZWO","n_PersonID":981994,"c_Person":"Thomas Lam","c_PersonSort":"Lam, Thomas","c_PersonShort":"Lam","n_PersonNatioGeoID":2237,"c_PersonNatio":"Finland","c_PersonNatioShort":"FIN","n_TeamNatioGeoID":2201,"c_TeamNatio":"Nederland","c_TeamNatioShort":"NED","n_ActionReasonID":0,"c_ActionReason":null,"c_ActionInfo":"Rechtervoet","n_SubPersonID":null,"c_SubPerson":"","c_SubPersonShort":"","c_ActionMinute":"71'"},{"n_ActionID":12189510,"n_ActionCode":16384,"n_ActionCode2":0,"n_ActionCode3":0,"n_ActionSet":5,"n_ActionSort":96,"c_Action":"Wissel","c_ActionShort":"Wis","n_PeriodSort":4,"c_Period":"Tweede helft","c_PeriodShort":"2H","n_ActionTime":4476000,"n_HomeGoals":null,"n_AwayGoals":null,"n_HomeOrAway":1,"n_TeamID":73,"c_Team":"PEC Zwolle","c_TeamShort":"ZWO","n_PersonID":916484,"c_Person":"Mustafa Saymak","c_PersonSort":"Saymak, Mustafa","c_PersonShort":"Saymak","n_PersonNatioGeoID":2201,"c_PersonNatio":"Nederland","c_PersonNatioShort":"NED","n_TeamNatioGeoID":2201,"c_TeamNatio":"Nederland","c_TeamNatioShort":"NED","n_ActionReasonID":0,"c_ActionReason":null,"c_ActionInfo":null,"n_SubPersonID":911865,"c_SubPerson":"Jody Lukoki","c_SubPersonShort":"Lukoki","c_ActionMinute":"75'"},{"n_ActionID":12192266,"n_ActionCode":2097152,"n_ActionCode2":0,"n_ActionCode3":0,"n_ActionSet":12,"n_ActionSort":97,"c_Action":"Overtreding","c_ActionShort":"OB","n_PeriodSort":4,"c_Period":"Tweede helft","c_PeriodShort":"2H","n_ActionTime":4519000,"n_HomeGoals":2,"n_AwayGoals":1,"n_HomeOrAway":1,"n_TeamID":73,"c_Team":"PEC Zwolle","c_TeamShort":"ZWO","n_PersonID":871049,"c_Person":"Ben Rienstra","c_PersonSort":"Rienstra, Ben","c_PersonShort":"Rienstra","n_PersonNatioGeoID":2201,"c_PersonNatio":"Nederland","c_PersonNatioShort":"NED","n_TeamNatioGeoID":2201,"c_TeamNatio":"Nederland","c_TeamNatioShort":"NED","n_ActionReasonID":0,"c_ActionReason":null,"c_ActionInfo":null,"n_SubPersonID":603677,"c_SubPerson":"Andrés Guardado","c_SubPersonShort":"Guardado","c_ActionMinute":"76'"},{"n_ActionID":12192271,"n_ActionCode":1024,"n_ActionCode2":0,"n_ActionCode3":1,"n_ActionSet":12,"n_ActionSort":98,"c_Action":"Vrije trap","c_ActionShort":"VT","n_PeriodSort":4,"c_Period":"Tweede helft","c_PeriodShort":"2H","n_ActionTime":4535000,"n_HomeGoals":2,"n_AwayGoals":1,"n_HomeOrAway":-1,"n_TeamID":11,"c_Team":"PSV","c_TeamShort":"PSV","n_PersonID":603677,"c_Person":"Andrés Guardado","c_PersonSort":"Guardado, Andrés","c_PersonShort":"Guardado","n_PersonNatioGeoID":2228,"c_PersonNatio":"Mexico","c_PersonNatioShort":"MEX","n_TeamNatioGeoID":2201,"c_TeamNatio":"Nederland","c_TeamNatioShort":"NED","n_ActionReasonID":0,"c_ActionReason":null,"c_ActionInfo":"Linkervoet","n_SubPersonID":null,"c_SubPerson":"","c_SubPersonShort":"","c_ActionMinute":"76'"},{"n_ActionID":12192240,"n_ActionCode":1048576,"n_ActionCode2":0,"n_ActionCode3":67108868,"n_ActionSet":12,"n_ActionSort":99,"c_Action":"Schot op doel","c_ActionShort":"SD","n_PeriodSort":4,"c_Period":"Tweede helft","c_PeriodShort":"2H","n_ActionTime":4637000,"n_HomeGoals":2,"n_AwayGoals":1,"n_HomeOrAway":-1,"n_TeamID":11,"c_Team":"PSV","c_TeamShort":"PSV","n_PersonID":740670,"c_Person":"Luuk de Jong","c_PersonSort":"De Jong, Luuk","c_PersonShort":"L. de Jong","n_PersonNatioGeoID":2201,"c_PersonNatio":"Nederland","c_PersonNatioShort":"NED","n_TeamNatioGeoID":2201,"c_TeamNatio":"Nederland","c_TeamNatioShort":"NED","n_ActionReasonID":0,"c_ActionReason":null,"c_ActionInfo":"Kopbal","n_SubPersonID":null,"c_SubPerson":"","c_SubPersonShort":"","c_ActionMinute":"78'"},{"n_ActionID":12192242,"n_ActionCode":256,"n_ActionCode2":0,"n_ActionCode3":0,"n_ActionSet":12,"n_ActionSort":100,"c_Action":"Redding keeper","c_ActionShort":"RG","n_PeriodSort":4,"c_Period":"Tweede helft","c_PeriodShort":"2H","n_ActionTime":4642000,"n_HomeGoals":2,"n_AwayGoals":1,"n_HomeOrAway":1,"n_TeamID":73,"c_Team":"PEC Zwolle","c_TeamShort":"ZWO","n_PersonID":1064355,"c_Person":"Warner Hahn","c_PersonSort":"Hahn, Warner","c_PersonShort":"Hahn","n_PersonNatioGeoID":2201,"c_PersonNatio":"Nederland","c_PersonNatioShort":"NED","n_TeamNatioGeoID":2201,"c_TeamNatio":"Nederland","c_TeamNatioShort":"NED","n_ActionReasonID":128,"c_ActionReason":null,"c_ActionInfo":null,"n_SubPersonID":null,"c_SubPerson":"","c_SubPersonShort":"","c_ActionMinute":"78'"},{"n_ActionID":12192303,"n_ActionCode":2097152,"n_ActionCode2":0,"n_ActionCode3":0,"n_ActionSet":12,"n_ActionSort":101,"c_Action":"Overtreding","c_ActionShort":"OB","n_PeriodSort":4,"c_Period":"Tweede helft","c_PeriodShort":"2H","n_ActionTime":4709000,"n_HomeGoals":2,"n_AwayGoals":1,"n_HomeOrAway":1,"n_TeamID":73,"c_Team":"PEC Zwolle","c_TeamShort":"ZWO","n_PersonID":691200,"c_Person":"Stef Nijland","c_PersonSort":"Nijland, Stef","c_PersonShort":"Nijland","n_PersonNatioGeoID":2201,"c_PersonNatio":"Nederland","c_PersonNatioShort":"NED","n_TeamNatioGeoID":2201,"c_TeamNatio":"Nederland","c_TeamNatioShort":"NED","n_ActionReasonID":0,"c_ActionReason":null,"c_ActionInfo":null,"n_SubPersonID":857345,"c_SubPerson":"Santiago Arias","c_SubPersonShort":"Arias","c_ActionMinute":"79'"},{"n_ActionID":12192332,"n_ActionCode":1024,"n_ActionCode2":0,"n_ActionCode3":2,"n_ActionSet":12,"n_ActionSort":102,"c_Action":"Vrije trap","c_ActionShort":"VT","n_PeriodSort":4,"c_Period":"Tweede helft","c_PeriodShort":"2H","n_ActionTime":4723000,"n_HomeGoals":2,"n_AwayGoals":1,"n_HomeOrAway":-1,"n_TeamID":11,"c_Team":"PSV","c_TeamShort":"PSV","n_PersonID":871971,"c_Person":"Oscar Hiljemark","c_PersonSort":"Hiljemark, Oscar","c_PersonShort":"Hiljemark","n_PersonNatioGeoID":2222,"c_PersonNatio":"Zweden","c_PersonNatioShort":"ZWE","n_TeamNatioGeoID":2201,"c_TeamNatio":"Nederland","c_TeamNatioShort":"NED","n_ActionReasonID":0,"c_ActionReason":null,"c_ActionInfo":"Rechtervoet","n_SubPersonID":null,"c_SubPerson":"","c_SubPersonShort":"","c_ActionMinute":"79'"},{"n_ActionID":12192278,"n_ActionCode":2097152,"n_ActionCode2":0,"n_ActionCode3":0,"n_ActionSet":12,"n_ActionSort":103,"c_Action":"Overtreding","c_ActionShort":"OB","n_PeriodSort":4,"c_Period":"Tweede helft","c_PeriodShort":"2H","n_ActionTime":4806000,"n_HomeGoals":2,"n_AwayGoals":1,"n_HomeOrAway":1,"n_TeamID":73,"c_Team":"PEC Zwolle","c_TeamShort":"ZWO","n_PersonID":693121,"c_Person":"Tomáš Necid","c_PersonSort":"Necid, Tomáš","c_PersonShort":"Necid","n_PersonNatioGeoID":2240,"c_PersonNatio":"Tsjechië","c_PersonNatioShort":"TSJ","n_TeamNatioGeoID":2201,"c_TeamNatio":"Nederland","c_TeamNatioShort":"NED","n_ActionReasonID":0,"c_ActionReason":null,"c_ActionInfo":null,"n_SubPersonID":802770,"c_SubPerson":"Jeffrey Bruma","c_SubPersonShort":"Bruma","c_ActionMinute":"81'"},{"n_ActionID":12192280,"n_ActionCode":1024,"n_ActionCode2":0,"n_ActionCode3":2,"n_ActionSet":12,"n_ActionSort":104,"c_Action":"Vrije trap","c_ActionShort":"VT","n_PeriodSort":4,"c_Period":"Tweede helft","c_PeriodShort":"2H","n_ActionTime":4822000,"n_HomeGoals":2,"n_AwayGoals":1,"n_HomeOrAway":-1,"n_TeamID":11,"c_Team":"PSV","c_TeamShort":"PSV","n_PersonID":753369,"c_Person":"Luciano Narsingh","c_PersonSort":"Narsingh, Luciano","c_PersonShort":"Narsingh","n_PersonNatioGeoID":2201,"c_PersonNatio":"Nederland","c_PersonNatioShort":"NED","n_TeamNatioGeoID":2201,"c_TeamNatio":"Nederland","c_TeamNatioShort":"NED","n_ActionReasonID":0,"c_ActionReason":null,"c_ActionInfo":"Rechtervoet","n_SubPersonID":null,"c_SubPerson":"","c_SubPersonShort":"","c_ActionMinute":"81'"},{"n_ActionID":12192284,"n_ActionCode":262144,"n_ActionCode2":0,"n_ActionCode3":0,"n_ActionSet":12,"n_ActionSort":105,"c_Action":"Buitenspel","c_ActionShort":"BS","n_PeriodSort":4,"c_Period":"Tweede helft","c_PeriodShort":"2H","n_ActionTime":4837000,"n_HomeGoals":2,"n_AwayGoals":1,"n_HomeOrAway":-1,"n_TeamID":11,"c_Team":"PSV","c_TeamShort":"PSV","n_PersonID":740670,"c_Person":"Luuk de Jong","c_PersonSort":"De Jong, Luuk","c_PersonShort":"L. de Jong","n_PersonNatioGeoID":2201,"c_PersonNatio":"Nederland","c_PersonNatioShort":"NED","n_TeamNatioGeoID":2201,"c_TeamNatio":"Nederland","c_TeamNatioShort":"NED","n_ActionReasonID":0,"c_ActionReason":null,"c_ActionInfo":null,"n_SubPersonID":null,"c_SubPerson":"","c_SubPersonShort":"","c_ActionMinute":"81'"},{"n_ActionID":12192295,"n_ActionCode":1024,"n_ActionCode2":0,"n_ActionCode3":2,"n_ActionSet":12,"n_ActionSort":106,"c_Action":"Vrije trap","c_ActionShort":"VT","n_PeriodSort":4,"c_Period":"Tweede helft","c_PeriodShort":"2H","n_ActionTime":4862000,"n_HomeGoals":2,"n_AwayGoals":1,"n_HomeOrAway":1,"n_TeamID":73,"c_Team":"PEC Zwolle","c_TeamShort":"ZWO","n_PersonID":1064355,"c_Person":"Warner Hahn","c_PersonSort":"Hahn, Warner","c_PersonShort":"Hahn","n_PersonNatioGeoID":2201,"c_PersonNatio":"Nederland","c_PersonNatioShort":"NED","n_TeamNatioGeoID":2201,"c_TeamNatio":"Nederland","c_TeamNatioShort":"NED","n_ActionReasonID":0,"c_ActionReason":null,"c_ActionInfo":"Rechtervoet","n_SubPersonID":null,"c_SubPerson":"","c_SubPersonShort":"","c_ActionMinute":"82'"},{"n_ActionID":12192361,"n_ActionCode":2097152,"n_ActionCode2":0,"n_ActionCode3":0,"n_ActionSet":12,"n_ActionSort":107,"c_Action":"Overtreding","c_ActionShort":"OB","n_PeriodSort":4,"c_Period":"Tweede helft","c_PeriodShort":"2H","n_ActionTime":4895000,"n_HomeGoals":2,"n_AwayGoals":1,"n_HomeOrAway":-1,"n_TeamID":11,"c_Team":"PSV","c_TeamShort":"PSV","n_PersonID":970689,"c_Person":"Jürgen Locadia","c_PersonSort":"Locadia, Jürgen","c_PersonShort":"Locadia","n_PersonNatioGeoID":2201,"c_PersonNatio":"Nederland","c_PersonNatioShort":"NED","n_TeamNatioGeoID":2201,"c_TeamNatio":"Nederland","c_TeamNatioShort":"NED","n_ActionReasonID":0,"c_ActionReason":null,"c_ActionInfo":null,"n_SubPersonID":620062,"c_SubPerson":"Bram van Polen","c_SubPersonShort":"van Polen","c_ActionMinute":"82'"},{"n_ActionID":12192365,"n_ActionCode":1024,"n_ActionCode2":0,"n_ActionCode3":2,"n_ActionSet":12,"n_ActionSort":108,"c_Action":"Vrije trap","c_ActionShort":"VT","n_PeriodSort":4,"c_Period":"Tweede helft","c_PeriodShort":"2H","n_ActionTime":4927000,"n_HomeGoals":2,"n_AwayGoals":1,"n_HomeOrAway":1,"n_TeamID":73,"c_Team":"PEC Zwolle","c_TeamShort":"ZWO","n_PersonID":1064355,"c_Person":"Warner Hahn","c_PersonSort":"Hahn, Warner","c_PersonShort":"Hahn","n_PersonNatioGeoID":2201,"c_PersonNatio":"Nederland","c_PersonNatioShort":"NED","n_TeamNatioGeoID":2201,"c_TeamNatio":"Nederland","c_TeamNatioShort":"NED","n_ActionReasonID":0,"c_ActionReason":null,"c_ActionInfo":"Rechtervoet","n_SubPersonID":null,"c_SubPerson":"","c_SubPersonShort":"","c_ActionMinute":"83'"},{"n_ActionID":12192325,"n_ActionCode":65536,"n_ActionCode2":0,"n_ActionCode3":1,"n_ActionSet":12,"n_ActionSort":109,"c_Action":"Schot naast","c_ActionShort":"SN","n_PeriodSort":4,"c_Period":"Tweede helft","c_PeriodShort":"2H","n_ActionTime":4986000,"n_HomeGoals":2,"n_AwayGoals":1,"n_HomeOrAway":1,"n_TeamID":73,"c_Team":"PEC Zwolle","c_TeamShort":"ZWO","n_PersonID":41468,"c_Person":"Joost Broerse","c_PersonSort":"Broerse, Joost","c_PersonShort":"Broerse","n_PersonNatioGeoID":2201,"c_PersonNatio":"Nederland","c_PersonNatioShort":"NED","n_TeamNatioGeoID":2201,"c_TeamNatio":"Nederland","c_TeamNatioShort":"NED","n_ActionReasonID":0,"c_ActionReason":null,"c_ActionInfo":"Linkervoet","n_SubPersonID":null,"c_SubPerson":"","c_SubPersonShort":"","c_ActionMinute":"84'"},{"n_ActionID":12192328,"n_ActionCode":16777216,"n_ActionCode2":134217728,"n_ActionCode3":0,"n_ActionSet":15,"n_ActionSort":110,"c_Action":"Doeltrap","c_ActionShort":"DT","n_PeriodSort":4,"c_Period":"Tweede helft","c_PeriodShort":"2H","n_ActionTime":5001000,"n_HomeGoals":2,"n_AwayGoals":1,"n_HomeOrAway":-1,"n_TeamID":11,"c_Team":"PSV","c_TeamShort":"PSV","n_PersonID":740537,"c_Person":"Jeroen Zoet","c_PersonSort":"Zoet, Jeroen","c_PersonShort":"Zoet","n_PersonNatioGeoID":2201,"c_PersonNatio":"Nederland","c_PersonNatioShort":"NED","n_TeamNatioGeoID":2201,"c_TeamNatio":"Nederland","c_TeamNatioShort":"NED","n_ActionReasonID":0,"c_ActionReason":null,"c_ActionInfo":null,"n_SubPersonID":null,"c_SubPerson":"","c_SubPersonShort":"","c_ActionMinute":"84'"},{"n_ActionID":12189184,"n_ActionCode":16384,"n_ActionCode2":0,"n_ActionCode3":0,"n_ActionSet":5,"n_ActionSort":111,"c_Action":"Wissel","c_ActionShort":"Wis","n_PeriodSort":4,"c_Period":"Tweede helft","c_PeriodShort":"2H","n_ActionTime":5114000,"n_HomeGoals":null,"n_AwayGoals":null,"n_HomeOrAway":-1,"n_TeamID":11,"c_Team":"PSV","c_TeamShort":"PSV","n_PersonID":877830,"c_Person":"Florian Jozefzoon","c_PersonSort":"Jozefzoon, Florian","c_PersonShort":"Jozefzoon","n_PersonNatioGeoID":2201,"c_PersonNatio":"Nederland","c_PersonNatioShort":"NED","n_TeamNatioGeoID":2201,"c_TeamNatio":"Nederland","c_TeamNatioShort":"NED","n_ActionReasonID":0,"c_ActionReason":null,"c_ActionInfo":null,"n_SubPersonID":911639,"c_SubPerson":"Jetro Willems","c_SubPersonShort":"Willems","c_ActionMinute":"86'"},{"n_ActionID":12192367,"n_ActionCode":4,"n_ActionCode2":0,"n_ActionCode3":134217730,"n_ActionSet":1,"n_ActionSort":112,"c_Action":"Doelpunt","c_ActionShort":"D","n_PeriodSort":4,"c_Period":"Tweede helft","c_PeriodShort":"2H","n_ActionTime":5183000,"n_HomeGoals":3,"n_AwayGoals":1,"n_HomeOrAway":1,"n_TeamID":73,"c_Team":"PEC Zwolle","c_TeamShort":"ZWO","n_PersonID":871049,"c_Person":"Ben Rienstra","c_PersonSort":"Rienstra, Ben","c_PersonShort":"Rienstra","n_PersonNatioGeoID":2201,"c_PersonNatio":"Nederland","c_PersonNatioShort":"NED","n_TeamNatioGeoID":2201,"c_TeamNatio":"Nederland","c_TeamNatioShort":"NED","n_ActionReasonID":41,"c_ActionReason":"Onderschepping","c_ActionInfo":"Rechtervoet","n_SubPersonID":null,"c_SubPerson":"","c_SubPersonShort":"","c_ActionMinute":"87'"},{"n_ActionID":12192378,"n_ActionCode":0,"n_ActionCode2":17408,"n_ActionCode3":0,"n_ActionSet":15,"n_ActionSort":113,"c_Action":"Aftrap","c_ActionShort":"AT","n_PeriodSort":4,"c_Period":"Tweede helft","c_PeriodShort":"2H","n_ActionTime":5244000,"n_HomeGoals":3,"n_AwayGoals":1,"n_HomeOrAway":-1,"n_TeamID":11,"c_Team":"PSV","c_TeamShort":"PSV","n_PersonID":740670,"c_Person":"Luuk de Jong","c_PersonSort":"De Jong, Luuk","c_PersonShort":"L. de Jong","n_PersonNatioGeoID":2201,"c_PersonNatio":"Nederland","c_PersonNatioShort":"NED","n_TeamNatioGeoID":2201,"c_TeamNatio":"Nederland","c_TeamNatioShort":"NED","n_ActionReasonID":0,"c_ActionReason":null,"c_ActionInfo":null,"n_SubPersonID":null,"c_SubPerson":"","c_SubPersonShort":"","c_ActionMinute":"88'"},{"n_ActionID":12192383,"n_ActionCode":65536,"n_ActionCode2":0,"n_ActionCode3":2,"n_ActionSet":12,"n_ActionSort":114,"c_Action":"Schot naast","c_ActionShort":"SN","n_PeriodSort":4,"c_Period":"Tweede helft","c_PeriodShort":"2H","n_ActionTime":5302000,"n_HomeGoals":3,"n_AwayGoals":1,"n_HomeOrAway":1,"n_TeamID":73,"c_Team":"PEC Zwolle","c_TeamShort":"ZWO","n_PersonID":691200,"c_Person":"Stef Nijland","c_PersonSort":"Nijland, Stef","c_PersonShort":"Nijland","n_PersonNatioGeoID":2201,"c_PersonNatio":"Nederland","c_PersonNatioShort":"NED","n_TeamNatioGeoID":2201,"c_TeamNatio":"Nederland","c_TeamNatioShort":"NED","n_ActionReasonID":0,"c_ActionReason":null,"c_ActionInfo":"Rechtervoet","n_SubPersonID":null,"c_SubPerson":"","c_SubPersonShort":"","c_ActionMinute":"89'"},{"n_ActionID":12189506,"n_ActionCode":16384,"n_ActionCode2":0,"n_ActionCode3":0,"n_ActionSet":5,"n_ActionSort":115,"c_Action":"Wissel","c_ActionShort":"Wis","n_PeriodSort":4,"c_Period":"Tweede helft","c_PeriodShort":"2H","n_ActionTime":5330000,"n_HomeGoals":null,"n_AwayGoals":null,"n_HomeOrAway":1,"n_TeamID":73,"c_Team":"PEC Zwolle","c_TeamShort":"ZWO","n_PersonID":713677,"c_Person":"Maikel van der Werff","c_PersonSort":"Van der Werff, Maikel","c_PersonShort":"van der Werff","n_PersonNatioGeoID":2201,"c_PersonNatio":"Nederland","c_PersonNatioShort":"NED","n_TeamNatioGeoID":2201,"c_TeamNatio":"Nederland","c_TeamNatioShort":"NED","n_ActionReasonID":0,"c_ActionReason":null,"c_ActionInfo":null,"n_SubPersonID":981994,"c_SubPerson":"Thomas Lam","c_SubPersonShort":"Lam","c_ActionMinute":"89'"},{"n_ActionID":12192389,"n_ActionCode":2097152,"n_ActionCode2":0,"n_ActionCode3":0,"n_ActionSet":12,"n_ActionSort":116,"c_Action":"Overtreding","c_ActionShort":"OB","n_PeriodSort":4,"c_Period":"Tweede helft","c_PeriodShort":"2H","n_ActionTime":5366000,"n_HomeGoals":3,"n_AwayGoals":1,"n_HomeOrAway":-1,"n_TeamID":11,"c_Team":"PSV","c_TeamShort":"PSV","n_PersonID":802770,"c_Person":"Jeffrey Bruma","c_PersonSort":"Bruma, Jeffrey","c_PersonShort":"Bruma","n_PersonNatioGeoID":2201,"c_PersonNatio":"Nederland","c_PersonNatioShort":"NED","n_TeamNatioGeoID":2201,"c_TeamNatio":"Nederland","c_TeamNatioShort":"NED","n_ActionReasonID":0,"c_ActionReason":null,"c_ActionInfo":null,"n_SubPersonID":691200,"c_SubPerson":"Stef Nijland","c_SubPersonShort":"Nijland","c_ActionMinute":"90'"},{"n_ActionID":12192390,"n_ActionCode":2048,"n_ActionCode2":0,"n_ActionCode3":0,"n_ActionSet":3,"n_ActionSort":117,"c_Action":"Geel","c_ActionShort":"G","n_PeriodSort":4,"c_Period":"Tweede helft","c_PeriodShort":"2H","n_ActionTime":5370000,"n_HomeGoals":3,"n_AwayGoals":1,"n_HomeOrAway":-1,"n_TeamID":11,"c_Team":"PSV","c_TeamShort":"PSV","n_PersonID":802770,"c_Person":"Jeffrey Bruma","c_PersonSort":"Bruma, Jeffrey","c_PersonShort":"Bruma","n_PersonNatioGeoID":2201,"c_PersonNatio":"Nederland","c_PersonNatioShort":"NED","n_TeamNatioGeoID":2201,"c_TeamNatio":"Nederland","c_TeamNatioShort":"NED","n_ActionReasonID":52,"c_ActionReason":"Ruw spel","c_ActionInfo":null,"n_SubPersonID":null,"c_SubPerson":"","c_SubPersonShort":"","c_ActionMinute":"90'"},{"n_ActionID":12192398,"n_ActionCode":0,"n_ActionCode2":32,"n_ActionCode3":0,"n_ActionSet":15,"n_ActionSort":118,"c_Action":"Blessuretijd","c_ActionShort":"BT","n_PeriodSort":4,"c_Period":"Tweede helft","c_PeriodShort":"2H","n_ActionTime":5400000,"n_HomeGoals":3,"n_AwayGoals":1,"n_HomeOrAway":0,"n_TeamID":0,"c_Team":"","c_TeamShort":"","n_PersonID":0,"c_Person":"","c_PersonSort":"","c_PersonShort":"","n_PersonNatioGeoID":0,"c_PersonNatio":null,"c_PersonNatioShort":null,"n_TeamNatioGeoID":null,"c_TeamNatio":null,"c_TeamNatioShort":null,"n_ActionReasonID":0,"c_ActionReason":null,"c_ActionInfo":"180000","n_SubPersonID":null,"c_SubPerson":"","c_SubPersonShort":"","c_ActionMinute":"90'"},{"n_ActionID":12192395,"n_ActionCode":1024,"n_ActionCode2":0,"n_ActionCode3":2,"n_ActionSet":12,"n_ActionSort":119,"c_Action":"Vrije trap","c_ActionShort":"VT","n_PeriodSort":4,"c_Period":"Tweede helft","c_PeriodShort":"2H","n_ActionTime":5421000,"n_HomeGoals":3,"n_AwayGoals":1,"n_HomeOrAway":1,"n_TeamID":73,"c_Team":"PEC Zwolle","c_TeamShort":"ZWO","n_PersonID":691200,"c_Person":"Stef Nijland","c_PersonSort":"Nijland, Stef","c_PersonShort":"Nijland","n_PersonNatioGeoID":2201,"c_PersonNatio":"Nederland","c_PersonNatioShort":"NED","n_TeamNatioGeoID":2201,"c_TeamNatio":"Nederland","c_TeamNatioShort":"NED","n_ActionReasonID":0,"c_ActionReason":null,"c_ActionInfo":"Rechtervoet","n_SubPersonID":null,"c_SubPerson":"","c_SubPersonShort":"","c_ActionMinute":"90'+1'"},{"n_ActionID":12192397,"n_ActionCode":65536,"n_ActionCode2":0,"n_ActionCode3":2,"n_ActionSet":12,"n_ActionSort":120,"c_Action":"Schot naast","c_ActionShort":"SN","n_PeriodSort":4,"c_Period":"Tweede helft","c_PeriodShort":"2H","n_ActionTime":5423000,"n_HomeGoals":3,"n_AwayGoals":1,"n_HomeOrAway":1,"n_TeamID":73,"c_Team":"PEC Zwolle","c_TeamShort":"ZWO","n_PersonID":691200,"c_Person":"Stef Nijland","c_PersonSort":"Nijland, Stef","c_PersonShort":"Nijland","n_PersonNatioGeoID":2201,"c_PersonNatio":"Nederland","c_PersonNatioShort":"NED","n_TeamNatioGeoID":2201,"c_TeamNatio":"Nederland","c_TeamNatioShort":"NED","n_ActionReasonID":0,"c_ActionReason":null,"c_ActionInfo":"Rechtervoet","n_SubPersonID":null,"c_SubPerson":"","c_SubPersonShort":"","c_ActionMinute":"90'+1'"},{"n_ActionID":12192407,"n_ActionCode":65536,"n_ActionCode2":0,"n_ActionCode3":1,"n_ActionSet":12,"n_ActionSort":121,"c_Action":"Schot naast","c_ActionShort":"SN","n_PeriodSort":4,"c_Period":"Tweede helft","c_PeriodShort":"2H","n_ActionTime":5486000,"n_HomeGoals":3,"n_AwayGoals":1,"n_HomeOrAway":1,"n_TeamID":73,"c_Team":"PEC Zwolle","c_TeamShort":"ZWO","n_PersonID":693121,"c_Person":"Tomáš Necid","c_PersonSort":"Necid, Tomáš","c_PersonShort":"Necid","n_PersonNatioGeoID":2240,"c_PersonNatio":"Tsjechië","c_PersonNatioShort":"TSJ","n_TeamNatioGeoID":2201,"c_TeamNatio":"Nederland","c_TeamNatioShort":"NED","n_ActionReasonID":0,"c_ActionReason":null,"c_ActionInfo":"Linkervoet","n_SubPersonID":null,"c_SubPerson":"","c_SubPersonShort":"","c_ActionMinute":"90'+2'"},{"n_ActionID":12192408,"n_ActionCode":512,"n_ActionCode2":4194304,"n_ActionCode3":2,"n_ActionSet":12,"n_ActionSort":122,"c_Action":"Hoekschop","c_ActionShort":"HS","n_PeriodSort":4,"c_Period":"Tweede helft","c_PeriodShort":"2H","n_ActionTime":5505000,"n_HomeGoals":3,"n_AwayGoals":1,"n_HomeOrAway":1,"n_TeamID":73,"c_Team":"PEC Zwolle","c_TeamShort":"ZWO","n_PersonID":916484,"c_Person":"Mustafa Saymak","c_PersonSort":"Saymak, Mustafa","c_PersonShort":"Saymak","n_PersonNatioGeoID":2201,"c_PersonNatio":"Nederland","c_PersonNatioShort":"NED","n_TeamNatioGeoID":2201,"c_TeamNatio":"Nederland","c_TeamNatioShort":"NED","n_ActionReasonID":0,"c_ActionReason":null,"c_ActionInfo":"Rechtervoet","n_SubPersonID":null,"c_SubPerson":"","c_SubPersonShort":"","c_ActionMinute":"90'+2'"},{"n_ActionID":12192417,"n_ActionCode":0,"n_ActionCode2":2048,"n_ActionCode3":0,"n_ActionSet":16,"n_ActionSort":123,"c_Action":"Einde periode","c_ActionShort":"Einde","n_PeriodSort":4,"c_Period":"Tweede helft","c_PeriodShort":"2H","n_ActionTime":5574000,"n_HomeGoals":3,"n_AwayGoals":1,"n_HomeOrAway":0,"n_TeamID":0,"c_Team":"","c_TeamShort":"","n_PersonID":0,"c_Person":"","c_PersonSort":"","c_PersonShort":"","n_PersonNatioGeoID":0,"c_PersonNatio":null,"c_PersonNatioShort":null,"n_TeamNatioGeoID":null,"c_TeamNatio":null,"c_TeamNatioShort":null,"n_ActionReasonID":0,"c_ActionReason":null,"c_ActionInfo":null,"n_SubPersonID":null,"c_SubPerson":"","c_SubPersonShort":"","c_ActionMinute":"90'+3'"}]