﻿[{"n_CompetitionID":2,"n_CompetitionLevel":1,"c_Competition":"Eredivisie","c_CompetitionShort":"Ere","n_CompetitionNatioGeoID":2201,"c_CompetitionNatio":"Netherlands","c_CompetitionNatioShort":"NED","n_HomeTeamID":11,"c_HomeTeam":"PSV","c_HomeTeamShort":"PSV","n_HomeTeamNatioGeoID":2201,"c_HomeTeamNatio":"Netherlands","c_HomeTeamNatioShort":"NED","n_AwayTeamID":77,"c_AwayTeam":"ADO Den Haag","c_AwayTeamShort":"ADO","n_AwayTeamNatioGeoID":2201,"c_AwayTeamNatio":"Netherlands","c_AwayTeamNatioShort":"NED","n_Matches":41,"n_MatchesWonHome":29,"n_MatchesDrawn":7,"n_MatchesWonAway":5,"n_GoalsForHome":117,"n_GoalsForAway":36}]