﻿[{"n_ActionID":12698836,"n_ActionCode":2048,"n_ActionCode2":0,"n_ActionCode3":0,"n_ActionSet":3,"n_ActionSort":1,"c_Action":"Yellow","c_ActionShort":"Y","n_PeriodSort":2,"c_Period":"First half","c_PeriodShort":"1H","n_ActionTime":720000,"n_HomeGoals":0,"n_AwayGoals":0,"n_HomeOrAway":-1,"n_TeamID":4,"c_Team":"Feyenoord","c_TeamShort":"FEY","n_PersonID":551047,"c_Person":"Karim El Ahmadi","c_PersonSort":"El Ahmadi, Karim","c_PersonShort":"El Ahmadi","n_PersonNatioGeoID":2779,"c_PersonNatio":"Morocco","c_PersonNatioShort":"MAR","n_TeamNatioGeoID":2201,"c_TeamNatio":"Netherlands","c_TeamNatioShort":"NED","n_ActionReasonID":49,"c_ActionReason":"Tackle","c_ActionInfo":null,"n_SubPersonID":null,"c_SubPerson":null,"c_SubPersonShort":null,"c_ActionMinute":"12'"},{"n_ActionID":12698843,"n_ActionCode":2048,"n_ActionCode2":0,"n_ActionCode3":0,"n_ActionSet":3,"n_ActionSort":2,"c_Action":"Yellow","c_ActionShort":"Y","n_PeriodSort":2,"c_Period":"First half","c_PeriodShort":"1H","n_ActionTime":859000,"n_HomeGoals":0,"n_AwayGoals":1,"n_HomeOrAway":-1,"n_TeamID":4,"c_Team":"Feyenoord","c_TeamShort":"FEY","n_PersonID":431398,"c_Person":"Luke Wilkshire","c_PersonSort":"Wilkshire, Luke","c_PersonShort":"Wilkshire","n_PersonNatioGeoID":2229,"c_PersonNatio":"Australia","c_PersonNatioShort":"AUS","n_TeamNatioGeoID":2201,"c_TeamNatio":"Netherlands","c_TeamNatioShort":"NED","n_ActionReasonID":52,"c_ActionReason":"Rough play","c_ActionInfo":null,"n_SubPersonID":null,"c_SubPerson":null,"c_SubPersonShort":null,"c_ActionMinute":"15'"},{"n_ActionID":12698966,"n_ActionCode":2048,"n_ActionCode2":0,"n_ActionCode3":0,"n_ActionSet":3,"n_ActionSort":3,"c_Action":"Yellow","c_ActionShort":"Y","n_PeriodSort":2,"c_Period":"First half","c_PeriodShort":"1H","n_ActionTime":1569000,"n_HomeGoals":1,"n_AwayGoals":1,"n_HomeOrAway":-1,"n_TeamID":4,"c_Team":"Feyenoord","c_TeamShort":"FEY","n_PersonID":812969,"c_Person":"Miquel Nelom","c_PersonSort":"Nelom, Miquel","c_PersonShort":"Nelom","n_PersonNatioGeoID":2201,"c_PersonNatio":"Netherlands","c_PersonNatioShort":"NED","n_TeamNatioGeoID":2201,"c_TeamNatio":"Netherlands","c_TeamNatioShort":"NED","n_ActionReasonID":49,"c_ActionReason":"Tackle","c_ActionInfo":null,"n_SubPersonID":null,"c_SubPerson":null,"c_SubPersonShort":null,"c_ActionMinute":"27'"},{"n_ActionID":12699527,"n_ActionCode":2048,"n_ActionCode2":0,"n_ActionCode3":0,"n_ActionSet":3,"n_ActionSort":4,"c_Action":"Yellow","c_ActionShort":"Y","n_PeriodSort":4,"c_Period":"Second half","c_PeriodShort":"2H","n_ActionTime":4427000,"n_HomeGoals":3,"n_AwayGoals":2,"n_HomeOrAway":-1,"n_TeamID":4,"c_Team":"Feyenoord","c_TeamShort":"FEY","n_PersonID":868019,"c_Person":"Jordy Clasie","c_PersonSort":"Clasie, Jordy","c_PersonShort":"Clasie","n_PersonNatioGeoID":2201,"c_PersonNatio":"Netherlands","c_PersonNatioShort":"NED","n_TeamNatioGeoID":2201,"c_TeamNatio":"Netherlands","c_TeamNatioShort":"NED","n_ActionReasonID":49,"c_ActionReason":"Tackle","c_ActionInfo":null,"n_SubPersonID":null,"c_SubPerson":null,"c_SubPersonShort":null,"c_ActionMinute":"74'"},{"n_ActionID":12699535,"n_ActionCode":2048,"n_ActionCode2":0,"n_ActionCode3":0,"n_ActionSet":3,"n_ActionSort":5,"c_Action":"Yellow","c_ActionShort":"Y","n_PeriodSort":4,"c_Period":"Second half","c_PeriodShort":"2H","n_ActionTime":4607000,"n_HomeGoals":3,"n_AwayGoals":2,"n_HomeOrAway":1,"n_TeamID":11,"c_Team":"PSV","c_TeamShort":"PSV","n_PersonID":911639,"c_Person":"Jetro Willems","c_PersonSort":"Willems, Jetro","c_PersonShort":"Willems","n_PersonNatioGeoID":2201,"c_PersonNatio":"Netherlands","c_PersonNatioShort":"NED","n_TeamNatioGeoID":2201,"c_TeamNatio":"Netherlands","c_TeamNatioShort":"NED","n_ActionReasonID":52,"c_ActionReason":"Rough play","c_ActionInfo":null,"n_SubPersonID":null,"c_SubPerson":null,"c_SubPersonShort":null,"c_ActionMinute":"77'"}]