﻿[{"n_ActionID":12665818,"n_ActionCode":0,"n_ActionCode2":1024,"n_ActionCode3":0,"n_ActionSet":16,"n_ActionSort":1,"c_Action":"Kick-off","c_ActionShort":"KO","n_PeriodSort":2,"c_Period":"First half","c_PeriodShort":"1H","n_ActionTime":0,"n_HomeGoals":0,"n_AwayGoals":0,"n_HomeOrAway":0,"n_TeamID":0,"c_Team":"","c_TeamShort":"","n_PersonID":0,"c_Person":"","c_PersonSort":"","c_PersonShort":"","n_PersonNatioGeoID":0,"c_PersonNatio":null,"c_PersonNatioShort":null,"n_TeamNatioGeoID":null,"c_TeamNatio":null,"c_TeamNatioShort":null,"n_ActionReasonID":0,"c_ActionReason":null,"c_ActionInfo":null,"n_SubPersonID":null,"c_SubPerson":"","c_SubPersonShort":"","c_ActionMinute":"0'"},{"n_ActionID":12665853,"n_ActionCode":2048,"n_ActionCode2":0,"n_ActionCode3":0,"n_ActionSet":3,"n_ActionSort":2,"c_Action":"Yellow","c_ActionShort":"Y","n_PeriodSort":2,"c_Period":"First half","c_PeriodShort":"1H","n_ActionTime":1680000,"n_HomeGoals":0,"n_AwayGoals":0,"n_HomeOrAway":-1,"n_TeamID":4045,"c_Team":"Dinamo Moskva","c_TeamShort":"DMO","n_PersonID":657416,"c_Person":"William Vainqueur","c_PersonSort":"Vainqueur, William","c_PersonShort":"Vainqueur","n_PersonNatioGeoID":2202,"c_PersonNatio":"France","c_PersonNatioShort":"FRA","n_TeamNatioGeoID":2204,"c_TeamNatio":"Russia","c_TeamNatioShort":"RUS","n_ActionReasonID":0,"c_ActionReason":null,"c_ActionInfo":null,"n_SubPersonID":null,"c_SubPerson":"","c_SubPersonShort":"","c_ActionMinute":"28'"},{"n_ActionID":12665876,"n_ActionCode":0,"n_ActionCode2":2048,"n_ActionCode3":0,"n_ActionSet":16,"n_ActionSort":3,"c_Action":"End of period","c_ActionShort":"End","n_PeriodSort":2,"c_Period":"First half","c_PeriodShort":"1H","n_ActionTime":2717000,"n_HomeGoals":0,"n_AwayGoals":0,"n_HomeOrAway":0,"n_TeamID":0,"c_Team":"","c_TeamShort":"","n_PersonID":0,"c_Person":"","c_PersonSort":"","c_PersonShort":"","n_PersonNatioGeoID":0,"c_PersonNatio":null,"c_PersonNatioShort":null,"n_TeamNatioGeoID":null,"c_TeamNatio":null,"c_TeamNatioShort":null,"n_ActionReasonID":0,"c_ActionReason":null,"c_ActionInfo":null,"n_SubPersonID":null,"c_SubPerson":"","c_SubPersonShort":"","c_ActionMinute":"45'+1'"},{"n_ActionID":12666009,"n_ActionCode":0,"n_ActionCode2":1024,"n_ActionCode3":0,"n_ActionSet":16,"n_ActionSort":4,"c_Action":"Kick-off","c_ActionShort":"KO","n_PeriodSort":4,"c_Period":"Second half","c_PeriodShort":"2H","n_ActionTime":2700000,"n_HomeGoals":0,"n_AwayGoals":0,"n_HomeOrAway":0,"n_TeamID":0,"c_Team":"","c_TeamShort":"","n_PersonID":0,"c_Person":"","c_PersonSort":"","c_PersonShort":"","n_PersonNatioGeoID":0,"c_PersonNatio":null,"c_PersonNatioShort":null,"n_TeamNatioGeoID":null,"c_TeamNatio":null,"c_TeamNatioShort":null,"n_ActionReasonID":0,"c_ActionReason":null,"c_ActionInfo":null,"n_SubPersonID":null,"c_SubPerson":"","c_SubPersonShort":"","c_ActionMinute":"45'"},{"n_ActionID":12665585,"n_ActionCode":16384,"n_ActionCode2":0,"n_ActionCode3":0,"n_ActionSet":5,"n_ActionSort":5,"c_Action":"Substitution","c_ActionShort":"Sub","n_PeriodSort":4,"c_Period":"Second half","c_PeriodShort":"2H","n_ActionTime":3540000,"n_HomeGoals":null,"n_AwayGoals":null,"n_HomeOrAway":-1,"n_TeamID":4045,"c_Team":"Dinamo Moskva","c_TeamShort":"DMO","n_PersonID":709210,"c_Person":"Aleksey Ionov","c_PersonSort":"Ionov, Aleksey","c_PersonShort":"Ionov","n_PersonNatioGeoID":2204,"c_PersonNatio":"Russia","c_PersonNatioShort":"RUS","n_TeamNatioGeoID":2204,"c_TeamNatio":"Russia","c_TeamNatioShort":"RUS","n_ActionReasonID":0,"c_ActionReason":null,"c_ActionInfo":null,"n_SubPersonID":657416,"c_SubPerson":"William Vainqueur","c_SubPersonShort":"Vainqueur","c_ActionMinute":"59'"},{"n_ActionID":12666151,"n_ActionCode":2048,"n_ActionCode2":0,"n_ActionCode3":0,"n_ActionSet":3,"n_ActionSort":6,"c_Action":"Yellow","c_ActionShort":"Y","n_PeriodSort":4,"c_Period":"Second half","c_PeriodShort":"2H","n_ActionTime":3840000,"n_HomeGoals":0,"n_AwayGoals":0,"n_HomeOrAway":-1,"n_TeamID":4045,"c_Team":"Dinamo Moskva","c_TeamShort":"DMO","n_PersonID":847425,"c_Person":"Aleksey Kozlov","c_PersonSort":"Kozlov, Aleksey","c_PersonShort":"Kozlov","n_PersonNatioGeoID":2204,"c_PersonNatio":"Russia","c_PersonNatioShort":"RUS","n_TeamNatioGeoID":2204,"c_TeamNatio":"Russia","c_TeamNatioShort":"RUS","n_ActionReasonID":0,"c_ActionReason":null,"c_ActionInfo":null,"n_SubPersonID":null,"c_SubPerson":"","c_SubPersonShort":"","c_ActionMinute":"64'"},{"n_ActionID":12665569,"n_ActionCode":16384,"n_ActionCode2":0,"n_ActionCode3":0,"n_ActionSet":5,"n_ActionSort":7,"c_Action":"Substitution","c_ActionShort":"Sub","n_PeriodSort":4,"c_Period":"Second half","c_PeriodShort":"2H","n_ActionTime":4020000,"n_HomeGoals":null,"n_AwayGoals":null,"n_HomeOrAway":1,"n_TeamID":11,"c_Team":"PSV","c_TeamShort":"PSV","n_PersonID":740670,"c_Person":"Luuk de Jong","c_PersonSort":"De Jong, Luuk","c_PersonShort":"L. de Jong","n_PersonNatioGeoID":2201,"c_PersonNatio":"Netherlands","c_PersonNatioShort":"NED","n_TeamNatioGeoID":2201,"c_TeamNatio":"Netherlands","c_TeamNatioShort":"NED","n_ActionReasonID":0,"c_ActionReason":null,"c_ActionInfo":null,"n_SubPersonID":970679,"c_SubPerson":"Memphis Depay","c_SubPersonShort":"Depay","c_ActionMinute":"67'"},{"n_ActionID":12665568,"n_ActionCode":16384,"n_ActionCode2":0,"n_ActionCode3":0,"n_ActionSet":5,"n_ActionSort":8,"c_Action":"Substitution","c_ActionShort":"Sub","n_PeriodSort":4,"c_Period":"Second half","c_PeriodShort":"2H","n_ActionTime":4020000,"n_HomeGoals":null,"n_AwayGoals":null,"n_HomeOrAway":1,"n_TeamID":11,"c_Team":"PSV","c_TeamShort":"PSV","n_PersonID":801376,"c_Person":"Marcel Ritzmaier","c_PersonSort":"Ritzmaier, Marcel","c_PersonShort":"Ritzmaier","n_PersonNatioGeoID":2219,"c_PersonNatio":"Austria","c_PersonNatioShort":"AUT","n_TeamNatioGeoID":2201,"c_TeamNatio":"Netherlands","c_TeamNatioShort":"NED","n_ActionReasonID":0,"c_ActionReason":null,"c_ActionInfo":null,"n_SubPersonID":1115087,"c_SubPerson":"Jorrit Hendrix","c_SubPersonShort":"Hendrix","c_ActionMinute":"67'"},{"n_ActionID":12665588,"n_ActionCode":16384,"n_ActionCode2":0,"n_ActionCode3":0,"n_ActionSet":5,"n_ActionSort":9,"c_Action":"Substitution","c_ActionShort":"Sub","n_PeriodSort":4,"c_Period":"Second half","c_PeriodShort":"2H","n_ActionTime":4080000,"n_HomeGoals":null,"n_AwayGoals":null,"n_HomeOrAway":-1,"n_TeamID":4045,"c_Team":"Dinamo Moskva","c_TeamShort":"DMO","n_PersonID":691215,"c_Person":"Aleksandr Prudnikov","c_PersonSort":"Prudnikov, Aleksandr","c_PersonShort":"Prudnikov","n_PersonNatioGeoID":2204,"c_PersonNatio":"Russia","c_PersonNatioShort":"RUS","n_TeamNatioGeoID":2204,"c_TeamNatio":"Russia","c_TeamNatioShort":"RUS","n_ActionReasonID":0,"c_ActionReason":null,"c_ActionInfo":null,"n_SubPersonID":379214,"c_SubPerson":"Kevin Kuranyi","c_SubPersonShort":"Kuranyi","c_ActionMinute":"68'"},{"n_ActionID":12666206,"n_ActionCode":2048,"n_ActionCode2":0,"n_ActionCode3":0,"n_ActionSet":3,"n_ActionSort":10,"c_Action":"Yellow","c_ActionShort":"Y","n_PeriodSort":4,"c_Period":"Second half","c_PeriodShort":"2H","n_ActionTime":4500000,"n_HomeGoals":0,"n_AwayGoals":0,"n_HomeOrAway":1,"n_TeamID":11,"c_Team":"PSV","c_TeamShort":"PSV","n_PersonID":850175,"c_Person":"Nicolas Isimat-Mirin","c_PersonSort":"Isimat-Mirin, Nicolas","c_PersonShort":"Isimat-Mirin","n_PersonNatioGeoID":2202,"c_PersonNatio":"France","c_PersonNatioShort":"FRA","n_TeamNatioGeoID":2201,"c_TeamNatio":"Netherlands","c_TeamNatioShort":"NED","n_ActionReasonID":0,"c_ActionReason":null,"c_ActionInfo":null,"n_SubPersonID":null,"c_SubPerson":"","c_SubPersonShort":"","c_ActionMinute":"75'"},{"n_ActionID":12665567,"n_ActionCode":16384,"n_ActionCode2":0,"n_ActionCode3":0,"n_ActionSet":5,"n_ActionSort":11,"c_Action":"Substitution","c_ActionShort":"Sub","n_PeriodSort":4,"c_Period":"Second half","c_PeriodShort":"2H","n_ActionTime":4860000,"n_HomeGoals":null,"n_AwayGoals":null,"n_HomeOrAway":1,"n_TeamID":11,"c_Team":"PSV","c_TeamShort":"PSV","n_PersonID":664067,"c_Person":"Georginio Wijnaldum","c_PersonSort":"Wijnaldum, Georginio","c_PersonShort":"Wijnaldum","n_PersonNatioGeoID":2201,"c_PersonNatio":"Netherlands","c_PersonNatioShort":"NED","n_TeamNatioGeoID":2201,"c_TeamNatio":"Netherlands","c_TeamNatioShort":"NED","n_ActionReasonID":0,"c_ActionReason":null,"c_ActionInfo":null,"n_SubPersonID":868287,"c_SubPerson":"Adam Maher","c_SubPersonShort":"Maher","c_ActionMinute":"81'"},{"n_ActionID":12666217,"n_ActionCode":4,"n_ActionCode2":0,"n_ActionCode3":0,"n_ActionSet":1,"n_ActionSort":12,"c_Action":"Goal","c_ActionShort":"G","n_PeriodSort":4,"c_Period":"Second half","c_PeriodShort":"2H","n_ActionTime":5400000,"n_HomeGoals":0,"n_AwayGoals":1,"n_HomeOrAway":-1,"n_TeamID":4045,"c_Team":"Dinamo Moskva","c_TeamShort":"DMO","n_PersonID":709210,"c_Person":"Aleksey Ionov","c_PersonSort":"Ionov, Aleksey","c_PersonShort":"Ionov","n_PersonNatioGeoID":2204,"c_PersonNatio":"Russia","c_PersonNatioShort":"RUS","n_TeamNatioGeoID":2204,"c_TeamNatio":"Russia","c_TeamNatioShort":"RUS","n_ActionReasonID":0,"c_ActionReason":null,"c_ActionInfo":null,"n_SubPersonID":null,"c_SubPerson":"","c_SubPersonShort":"","c_ActionMinute":"90'"},{"n_ActionID":12666221,"n_ActionCode":0,"n_ActionCode2":2048,"n_ActionCode3":0,"n_ActionSet":16,"n_ActionSort":13,"c_Action":"End of period","c_ActionShort":"End","n_PeriodSort":4,"c_Period":"Second half","c_PeriodShort":"2H","n_ActionTime":5580000,"n_HomeGoals":0,"n_AwayGoals":1,"n_HomeOrAway":0,"n_TeamID":0,"c_Team":"","c_TeamShort":"","n_PersonID":0,"c_Person":"","c_PersonSort":"","c_PersonShort":"","n_PersonNatioGeoID":0,"c_PersonNatio":null,"c_PersonNatioShort":null,"n_TeamNatioGeoID":null,"c_TeamNatio":null,"c_TeamNatioShort":null,"n_ActionReasonID":0,"c_ActionReason":null,"c_ActionInfo":null,"n_SubPersonID":null,"c_SubPerson":"","c_SubPersonShort":"","c_ActionMinute":"90'+3'"},{"n_ActionID":12665587,"n_ActionCode":16384,"n_ActionCode2":0,"n_ActionCode3":0,"n_ActionSet":5,"n_ActionSort":14,"c_Action":"Substitution","c_ActionShort":"Sub","n_PeriodSort":4,"c_Period":"Second half","c_PeriodShort":"2H","n_ActionTime":5580000,"n_HomeGoals":null,"n_AwayGoals":null,"n_HomeOrAway":-1,"n_TeamID":4045,"c_Team":"Dinamo Moskva","c_TeamShort":"DMO","n_PersonID":1297998,"c_Person":"Alexander Tashaev","c_PersonSort":"Tashaev, Alexander","c_PersonShort":"Tashaev","n_PersonNatioGeoID":2204,"c_PersonNatio":"Russia","c_PersonNatioShort":"RUS","n_TeamNatioGeoID":2204,"c_TeamNatio":"Russia","c_TeamNatioShort":"RUS","n_ActionReasonID":0,"c_ActionReason":null,"c_ActionInfo":null,"n_SubPersonID":674831,"c_SubPerson":"Balázs Dzsudzsák","c_SubPersonShort":"Dzsudzsák","c_ActionMinute":"90'+3'"}]