﻿[{"n_ActionID":12328378,"n_ActionCode":8192,"n_ActionCode2":0,"n_ActionCode3":0,"n_ActionSet":3,"n_ActionSort":1,"c_Action":"Red (straight)","c_ActionShort":"Red","n_PeriodSort":4,"c_Period":"Second half","c_PeriodShort":"2H","n_ActionTime":3585000,"n_HomeGoals":3,"n_AwayGoals":0,"n_HomeOrAway":1,"n_TeamID":11,"c_Team":"PSV","c_TeamShort":"PSV","n_PersonID":802770,"c_Person":"Jeffrey Bruma","c_PersonSort":"Bruma, Jeffrey","c_PersonShort":"Bruma","n_PersonNatioGeoID":2201,"c_PersonNatio":"Netherlands","c_PersonNatioShort":"NED","n_TeamNatioGeoID":2201,"c_TeamNatio":"Netherlands","c_TeamNatioShort":"NED","n_ActionReasonID":61,"c_ActionReason":"Foul on breakaway player","c_ActionInfo":null,"n_SubPersonID":null,"c_SubPerson":null,"c_SubPersonShort":null,"c_ActionMinute":"60'"}]