﻿[{"n_CompetitionID":2,"n_CompetitionLevel":1,"c_Competition":"Eredivisie","c_CompetitionShort":"Ere","n_CompetitionNatioGeoID":2201,"c_CompetitionNatio":"Netherlands","c_CompetitionNatioShort":"NED","n_EditionID":20864,"c_Season":"2013\/2014","n_MatchID":1787183,"d_Date":"\/Date(1379860200000+0200)\/","d_DateLocal":"\/Date(1379860200000+0200)\/","d_DateUTC":"\/Date(1379853000000+0200)\/","n_RoundNr":7,"n_PhaseID":104155,"n_PhaseLevel":1,"c_Phase":"Regular","c_PhaseShort":null,"n_HomeTeamID":11,"c_HomeTeam":"PSV","c_HomeTeamShort":"PSV","n_HomeTeamNatioGeoID":2201,"c_HomeTeamNatio":"Netherlands","c_HomeTeamNatioShort":"NED","n_AwayTeamID":2,"c_AwayTeam":"Ajax","c_AwayTeamShort":"AJA","n_AwayTeamNatioGeoID":2201,"c_AwayTeamNatio":"Netherlands","c_AwayTeamNatioShort":"NED","n_StadiumGeoID":5067,"c_Stadium":"Philips Stadion","n_CityGeoID":4001,"c_City":"Eindhoven","n_CountryGeoID":2201,"c_Country":"Netherlands","c_CountryShort":"NED","c_Score":"4-0 (0-0) ","c_ScoreSuffix":null,"n_HomeGoals":4,"n_AwayGoals":0,"n_HomeGoalsHalftime":0,"n_AwayGoalsHalftime":0,"n_HomeGoals90mins":null,"n_AwayGoals90mins":null,"n_HomeGoals105mins":null,"n_AwayGoals105mins":null,"n_HomeGoalsShootout":null,"n_AwayGoalsShootout":null,"n_MatchStatusCode":128,"c_MatchStatus":"Full time","c_MatchStatusShort":"FT","n_RefereeID":294928,"c_Referee":"Bas Nijhuis","n_RefereeNatioGeoID":2201,"c_RefereeNatio":"Netherlands","c_RefereeNatioShort":"NED","n_Spectators":33300,"n_KnockoutPhaseID":null,"n_Leg":null,"c_ScoreFirstLeg":null,"n_WinnerOnAggregateTeamID":null},{"n_CompetitionID":2,"n_CompetitionLevel":1,"c_Competition":"Eredivisie","c_CompetitionShort":"Ere","n_CompetitionNatioGeoID":2201,"c_CompetitionNatio":"Netherlands","c_CompetitionNatioShort":"NED","n_EditionID":19832,"c_Season":"2012\/2013","n_MatchID":1697399,"d_Date":"\/Date(1365949800000+0200)\/","d_DateLocal":"\/Date(1365949800000+0200)\/","d_DateUTC":"\/Date(1365942600000+0200)\/","n_RoundNr":30,"n_PhaseID":97873,"n_PhaseLevel":1,"c_Phase":"Regular","c_PhaseShort":null,"n_HomeTeamID":11,"c_HomeTeam":"PSV","c_HomeTeamShort":"PSV","n_HomeTeamNatioGeoID":2201,"c_HomeTeamNatio":"Netherlands","c_HomeTeamNatioShort":"NED","n_AwayTeamID":2,"c_AwayTeam":"Ajax","c_AwayTeamShort":"AJA","n_AwayTeamNatioGeoID":2201,"c_AwayTeamNatio":"Netherlands","c_AwayTeamNatioShort":"NED","n_StadiumGeoID":5067,"c_Stadium":"Philips Stadion","n_CityGeoID":4001,"c_City":"Eindhoven","n_CountryGeoID":2201,"c_Country":"Netherlands","c_CountryShort":"NED","c_Score":"2-3 (1-1) ","c_ScoreSuffix":null,"n_HomeGoals":2,"n_AwayGoals":3,"n_HomeGoalsHalftime":1,"n_AwayGoalsHalftime":1,"n_HomeGoals90mins":null,"n_AwayGoals90mins":null,"n_HomeGoals105mins":null,"n_AwayGoals105mins":null,"n_HomeGoalsShootout":null,"n_AwayGoalsShootout":null,"n_MatchStatusCode":128,"c_MatchStatus":"Full time","c_MatchStatusShort":"FT","n_RefereeID":392439,"c_Referee":"Björn Kuipers","n_RefereeNatioGeoID":2201,"c_RefereeNatio":"Netherlands","c_RefereeNatioShort":"NED","n_Spectators":34500,"n_KnockoutPhaseID":null,"n_Leg":null,"c_ScoreFirstLeg":null,"n_WinnerOnAggregateTeamID":null},{"n_CompetitionID":2,"n_CompetitionLevel":1,"c_Competition":"Eredivisie","c_CompetitionShort":"Ere","n_CompetitionNatioGeoID":2201,"c_CompetitionNatio":"Netherlands","c_CompetitionNatioShort":"NED","n_EditionID":18803,"c_Season":"2011\/2012","n_MatchID":1622051,"d_Date":"\/Date(1316341800000+0200)\/","d_DateLocal":"\/Date(1316341800000+0200)\/","d_DateUTC":"\/Date(1316334600000+0200)\/","n_RoundNr":6,"n_PhaseID":92852,"n_PhaseLevel":1,"c_Phase":"Regular","c_PhaseShort":null,"n_HomeTeamID":11,"c_HomeTeam":"PSV","c_HomeTeamShort":"PSV","n_HomeTeamNatioGeoID":2201,"c_HomeTeamNatio":"Netherlands","c_HomeTeamNatioShort":"NED","n_AwayTeamID":2,"c_AwayTeam":"Ajax","c_AwayTeamShort":"AJA","n_AwayTeamNatioGeoID":2201,"c_AwayTeamNatio":"Netherlands","c_AwayTeamNatioShort":"NED","n_StadiumGeoID":5067,"c_Stadium":"Philips Stadion","n_CityGeoID":4001,"c_City":"Eindhoven","n_CountryGeoID":2201,"c_Country":"Netherlands","c_CountryShort":"NED","c_Score":"2-2 (1-1) ","c_ScoreSuffix":null,"n_HomeGoals":2,"n_AwayGoals":2,"n_HomeGoalsHalftime":1,"n_AwayGoalsHalftime":1,"n_HomeGoals90mins":null,"n_AwayGoals90mins":null,"n_HomeGoals105mins":null,"n_AwayGoals105mins":null,"n_HomeGoalsShootout":null,"n_AwayGoalsShootout":null,"n_MatchStatusCode":128,"c_MatchStatus":"Full time","c_MatchStatusShort":"FT","n_RefereeID":392439,"c_Referee":"Björn Kuipers","n_RefereeNatioGeoID":2201,"c_RefereeNatio":"Netherlands","c_RefereeNatioShort":"NED","n_Spectators":34400,"n_KnockoutPhaseID":null,"n_Leg":null,"c_ScoreFirstLeg":null,"n_WinnerOnAggregateTeamID":null},{"n_CompetitionID":2,"n_CompetitionLevel":1,"c_Competition":"Eredivisie","c_CompetitionShort":"Ere","n_CompetitionNatioGeoID":2201,"c_CompetitionNatio":"Netherlands","c_CompetitionNatioShort":"NED","n_EditionID":18090,"c_Season":"2010\/2011","n_MatchID":1531551,"d_Date":"\/Date(1298813400000+0100)\/","d_DateLocal":"\/Date(1298813400000+0100)\/","d_DateUTC":"\/Date(1298809800000+0100)\/","n_RoundNr":25,"n_PhaseID":86922,"n_PhaseLevel":1,"c_Phase":"Regular","c_PhaseShort":null,"n_HomeTeamID":11,"c_HomeTeam":"PSV","c_HomeTeamShort":"PSV","n_HomeTeamNatioGeoID":2201,"c_HomeTeamNatio":"Netherlands","c_HomeTeamNatioShort":"NED","n_AwayTeamID":2,"c_AwayTeam":"Ajax","c_AwayTeamShort":"AJA","n_AwayTeamNatioGeoID":2201,"c_AwayTeamNatio":"Netherlands","c_AwayTeamNatioShort":"NED","n_StadiumGeoID":5067,"c_Stadium":"Philips Stadion","n_CityGeoID":4001,"c_City":"Eindhoven","n_CountryGeoID":2201,"c_Country":"Netherlands","c_CountryShort":"NED","c_Score":"0-0 (0-0) ","c_ScoreSuffix":null,"n_HomeGoals":0,"n_AwayGoals":0,"n_HomeGoalsHalftime":0,"n_AwayGoalsHalftime":0,"n_HomeGoals90mins":null,"n_AwayGoals90mins":null,"n_HomeGoals105mins":null,"n_AwayGoals105mins":null,"n_HomeGoalsShootout":null,"n_AwayGoalsShootout":null,"n_MatchStatusCode":128,"c_MatchStatus":"Full time","c_MatchStatusShort":"FT","n_RefereeID":482,"c_Referee":"Eric Braamhaar","n_RefereeNatioGeoID":2201,"c_RefereeNatio":"Netherlands","c_RefereeNatioShort":"NED","n_Spectators":34400,"n_KnockoutPhaseID":null,"n_Leg":null,"c_ScoreFirstLeg":null,"n_WinnerOnAggregateTeamID":null},{"n_CompetitionID":2,"n_CompetitionLevel":1,"c_Competition":"Eredivisie","c_CompetitionShort":"Ere","n_CompetitionNatioGeoID":2201,"c_CompetitionNatio":"Netherlands","c_CompetitionNatioShort":"NED","n_EditionID":17234,"c_Season":"2009\/2010","n_MatchID":1410963,"d_Date":"\/Date(1250418600000+0200)\/","d_DateLocal":"\/Date(1250418600000+0200)\/","d_DateUTC":"\/Date(1250411400000+0200)\/","n_RoundNr":3,"n_PhaseID":80834,"n_PhaseLevel":1,"c_Phase":"Regular","c_PhaseShort":null,"n_HomeTeamID":11,"c_HomeTeam":"PSV","c_HomeTeamShort":"PSV","n_HomeTeamNatioGeoID":2201,"c_HomeTeamNatio":"Netherlands","c_HomeTeamNatioShort":"NED","n_AwayTeamID":2,"c_AwayTeam":"Ajax","c_AwayTeamShort":"AJA","n_AwayTeamNatioGeoID":2201,"c_AwayTeamNatio":"Netherlands","c_AwayTeamNatioShort":"NED","n_StadiumGeoID":5067,"c_Stadium":"Philips Stadion","n_CityGeoID":4001,"c_City":"Eindhoven","n_CountryGeoID":2201,"c_Country":"Netherlands","c_CountryShort":"NED","c_Score":"4-3 (1-2) ","c_ScoreSuffix":null,"n_HomeGoals":4,"n_AwayGoals":3,"n_HomeGoalsHalftime":1,"n_AwayGoalsHalftime":2,"n_HomeGoals90mins":null,"n_AwayGoals90mins":null,"n_HomeGoals105mins":null,"n_AwayGoals105mins":null,"n_HomeGoalsShootout":null,"n_AwayGoalsShootout":null,"n_MatchStatusCode":128,"c_MatchStatus":"Full time","c_MatchStatusShort":"FT","n_RefereeID":816,"c_Referee":"Pieter Vink","n_RefereeNatioGeoID":2201,"c_RefereeNatio":"Netherlands","c_RefereeNatioShort":"NED","n_Spectators":34300,"n_KnockoutPhaseID":null,"n_Leg":null,"c_ScoreFirstLeg":null,"n_WinnerOnAggregateTeamID":null},{"n_CompetitionID":2,"n_CompetitionLevel":1,"c_Competition":"Eredivisie","c_CompetitionShort":"Ere","n_CompetitionNatioGeoID":2201,"c_CompetitionNatio":"Netherlands","c_CompetitionNatioShort":"NED","n_EditionID":16583,"c_Season":"2008\/2009","n_MatchID":1304989,"d_Date":"\/Date(1240151400000+0200)\/","d_DateLocal":"\/Date(1240151400000+0200)\/","d_DateUTC":"\/Date(1240144200000+0200)\/","n_RoundNr":31,"n_PhaseID":77107,"n_PhaseLevel":1,"c_Phase":"Regular","c_PhaseShort":null,"n_HomeTeamID":11,"c_HomeTeam":"PSV","c_HomeTeamShort":"PSV","n_HomeTeamNatioGeoID":2201,"c_HomeTeamNatio":"Netherlands","c_HomeTeamNatioShort":"NED","n_AwayTeamID":2,"c_AwayTeam":"Ajax","c_AwayTeamShort":"AJA","n_AwayTeamNatioGeoID":2201,"c_AwayTeamNatio":"Netherlands","c_AwayTeamNatioShort":"NED","n_StadiumGeoID":5067,"c_Stadium":"Philips Stadion","n_CityGeoID":4001,"c_City":"Eindhoven","n_CountryGeoID":2201,"c_Country":"Netherlands","c_CountryShort":"NED","c_Score":"6-2 (3-1) ","c_ScoreSuffix":null,"n_HomeGoals":6,"n_AwayGoals":2,"n_HomeGoalsHalftime":3,"n_AwayGoalsHalftime":1,"n_HomeGoals90mins":null,"n_AwayGoals90mins":null,"n_HomeGoals105mins":null,"n_AwayGoals105mins":null,"n_HomeGoalsShootout":null,"n_AwayGoalsShootout":null,"n_MatchStatusCode":128,"c_MatchStatus":"Full time","c_MatchStatusShort":"FT","n_RefereeID":438,"c_Referee":"Jan Wegereef","n_RefereeNatioGeoID":2201,"c_RefereeNatio":"Netherlands","c_RefereeNatioShort":"NED","n_Spectators":33500,"n_KnockoutPhaseID":null,"n_Leg":null,"c_ScoreFirstLeg":null,"n_WinnerOnAggregateTeamID":null},{"n_CompetitionID":2,"n_CompetitionLevel":1,"c_Competition":"Eredivisie","c_CompetitionShort":"Ere","n_CompetitionNatioGeoID":2201,"c_CompetitionNatio":"Netherlands","c_CompetitionNatioShort":"NED","n_EditionID":15896,"c_Season":"2007\/2008","n_MatchID":1165876,"d_Date":"\/Date(1205955900000+0100)\/","d_DateLocal":"\/Date(1205955900000+0100)\/","d_DateUTC":"\/Date(1205952300000+0100)\/","n_RoundNr":28,"n_PhaseID":70768,"n_PhaseLevel":1,"c_Phase":"Regular","c_PhaseShort":null,"n_HomeTeamID":11,"c_HomeTeam":"PSV","c_HomeTeamShort":"PSV","n_HomeTeamNatioGeoID":2201,"c_HomeTeamNatio":"Netherlands","c_HomeTeamNatioShort":"NED","n_AwayTeamID":2,"c_AwayTeam":"Ajax","c_AwayTeamShort":"AJA","n_AwayTeamNatioGeoID":2201,"c_AwayTeamNatio":"Netherlands","c_AwayTeamNatioShort":"NED","n_StadiumGeoID":5067,"c_Stadium":"Philips Stadion","n_CityGeoID":4001,"c_City":"Eindhoven","n_CountryGeoID":2201,"c_Country":"Netherlands","c_CountryShort":"NED","c_Score":"0-0 (0-0) ","c_ScoreSuffix":null,"n_HomeGoals":0,"n_AwayGoals":0,"n_HomeGoalsHalftime":0,"n_AwayGoalsHalftime":0,"n_HomeGoals90mins":null,"n_AwayGoals90mins":null,"n_HomeGoals105mins":null,"n_AwayGoals105mins":null,"n_HomeGoalsShootout":null,"n_AwayGoalsShootout":null,"n_MatchStatusCode":128,"c_MatchStatus":"Full time","c_MatchStatusShort":"FT","n_RefereeID":482,"c_Referee":"Eric Braamhaar","n_RefereeNatioGeoID":2201,"c_RefereeNatio":"Netherlands","c_RefereeNatioShort":"NED","n_Spectators":35000,"n_KnockoutPhaseID":null,"n_Leg":null,"c_ScoreFirstLeg":null,"n_WinnerOnAggregateTeamID":null},{"n_CompetitionID":2,"n_CompetitionLevel":1,"c_Competition":"Eredivisie","c_CompetitionShort":"Ere","n_CompetitionNatioGeoID":2201,"c_CompetitionNatio":"Netherlands","c_CompetitionNatioShort":"NED","n_EditionID":15383,"c_Season":"2006\/2007","n_MatchID":1093836,"d_Date":"\/Date(1174224600000+0100)\/","d_DateLocal":"\/Date(1174224600000+0100)\/","d_DateUTC":"\/Date(1174221000000+0100)\/","n_RoundNr":29,"n_PhaseID":67062,"n_PhaseLevel":1,"c_Phase":"Regular","c_PhaseShort":null,"n_HomeTeamID":11,"c_HomeTeam":"PSV","c_HomeTeamShort":"PSV","n_HomeTeamNatioGeoID":2201,"c_HomeTeamNatio":"Netherlands","c_HomeTeamNatioShort":"NED","n_AwayTeamID":2,"c_AwayTeam":"Ajax","c_AwayTeamShort":"AJA","n_AwayTeamNatioGeoID":2201,"c_AwayTeamNatio":"Netherlands","c_AwayTeamNatioShort":"NED","n_StadiumGeoID":5067,"c_Stadium":"Philips Stadion","n_CityGeoID":4001,"c_City":"Eindhoven","n_CountryGeoID":2201,"c_Country":"Netherlands","c_CountryShort":"NED","c_Score":"1-5 (0-2) ","c_ScoreSuffix":null,"n_HomeGoals":1,"n_AwayGoals":5,"n_HomeGoalsHalftime":0,"n_AwayGoalsHalftime":2,"n_HomeGoals90mins":null,"n_AwayGoals90mins":null,"n_HomeGoals105mins":null,"n_AwayGoals105mins":null,"n_HomeGoalsShootout":null,"n_AwayGoalsShootout":null,"n_MatchStatusCode":128,"c_MatchStatus":"Full time","c_MatchStatusShort":"FT","n_RefereeID":482,"c_Referee":"Eric Braamhaar","n_RefereeNatioGeoID":2201,"c_RefereeNatio":"Netherlands","c_RefereeNatioShort":"NED","n_Spectators":35100,"n_KnockoutPhaseID":null,"n_Leg":null,"c_ScoreFirstLeg":null,"n_WinnerOnAggregateTeamID":null},{"n_CompetitionID":2,"n_CompetitionLevel":1,"c_Competition":"Eredivisie","c_CompetitionShort":"Ere","n_CompetitionNatioGeoID":2201,"c_CompetitionNatio":"Netherlands","c_CompetitionNatioShort":"NED","n_EditionID":14502,"c_Season":"2005\/2006","n_MatchID":976971,"d_Date":"\/Date(1130063400000+0200)\/","d_DateLocal":"\/Date(1130063400000+0200)\/","d_DateUTC":"\/Date(1130056200000+0200)\/","n_RoundNr":9,"n_PhaseID":62430,"n_PhaseLevel":1,"c_Phase":"Regular","c_PhaseShort":null,"n_HomeTeamID":11,"c_HomeTeam":"PSV","c_HomeTeamShort":"PSV","n_HomeTeamNatioGeoID":2201,"c_HomeTeamNatio":"Netherlands","c_HomeTeamNatioShort":"NED","n_AwayTeamID":2,"c_AwayTeam":"Ajax","c_AwayTeamShort":"AJA","n_AwayTeamNatioGeoID":2201,"c_AwayTeamNatio":"Netherlands","c_AwayTeamNatioShort":"NED","n_StadiumGeoID":5067,"c_Stadium":"Philips Stadion","n_CityGeoID":4001,"c_City":"Eindhoven","n_CountryGeoID":2201,"c_Country":"Netherlands","c_CountryShort":"NED","c_Score":"1-0 (1-0) ","c_ScoreSuffix":null,"n_HomeGoals":1,"n_AwayGoals":0,"n_HomeGoalsHalftime":1,"n_AwayGoalsHalftime":0,"n_HomeGoals90mins":null,"n_AwayGoals90mins":null,"n_HomeGoals105mins":null,"n_AwayGoals105mins":null,"n_HomeGoalsShootout":null,"n_AwayGoalsShootout":null,"n_MatchStatusCode":128,"c_MatchStatus":"Full time","c_MatchStatusShort":"FT","n_RefereeID":816,"c_Referee":"Pieter Vink","n_RefereeNatioGeoID":2201,"c_RefereeNatio":"Netherlands","c_RefereeNatioShort":"NED","n_Spectators":34700,"n_KnockoutPhaseID":null,"n_Leg":null,"c_ScoreFirstLeg":null,"n_WinnerOnAggregateTeamID":null},{"n_CompetitionID":2,"n_CompetitionLevel":1,"c_Competition":"Holland Casino Eredivisie","c_CompetitionShort":"HCE","n_CompetitionNatioGeoID":2201,"c_CompetitionNatio":"Netherlands","c_CompetitionNatioShort":"NED","n_EditionID":13469,"c_Season":"2004\/2005","n_MatchID":852723,"d_Date":"\/Date(1098613800000+0200)\/","d_DateLocal":"\/Date(1098613800000+0200)\/","d_DateUTC":"\/Date(1098606600000+0200)\/","n_RoundNr":9,"n_PhaseID":56344,"n_PhaseLevel":1,"c_Phase":"Regular","c_PhaseShort":null,"n_HomeTeamID":11,"c_HomeTeam":"PSV","c_HomeTeamShort":"PSV","n_HomeTeamNatioGeoID":2201,"c_HomeTeamNatio":"Netherlands","c_HomeTeamNatioShort":"NED","n_AwayTeamID":2,"c_AwayTeam":"Ajax","c_AwayTeamShort":"AJA","n_AwayTeamNatioGeoID":2201,"c_AwayTeamNatio":"Netherlands","c_AwayTeamNatioShort":"NED","n_StadiumGeoID":5067,"c_Stadium":"Philips Stadion","n_CityGeoID":4001,"c_City":"Eindhoven","n_CountryGeoID":2201,"c_Country":"Netherlands","c_CountryShort":"NED","c_Score":"2-0 (1-0) ","c_ScoreSuffix":null,"n_HomeGoals":2,"n_AwayGoals":0,"n_HomeGoalsHalftime":1,"n_AwayGoalsHalftime":0,"n_HomeGoals90mins":null,"n_AwayGoals90mins":null,"n_HomeGoals105mins":null,"n_AwayGoals105mins":null,"n_HomeGoalsShootout":null,"n_AwayGoalsShootout":null,"n_MatchStatusCode":128,"c_MatchStatus":"Full time","c_MatchStatusShort":"FT","n_RefereeID":471,"c_Referee":"Dick van Egmond","n_RefereeNatioGeoID":2201,"c_RefereeNatio":"Netherlands","c_RefereeNatioShort":"NED","n_Spectators":35000,"n_KnockoutPhaseID":null,"n_Leg":null,"c_ScoreFirstLeg":null,"n_WinnerOnAggregateTeamID":null},{"n_CompetitionID":2,"n_CompetitionLevel":1,"c_Competition":"Holland Casino Eredivisie","c_CompetitionShort":"HCE","n_CompetitionNatioGeoID":2201,"c_CompetitionNatio":"Netherlands","c_CompetitionNatioShort":"NED","n_EditionID":12948,"c_Season":"2003\/2004","n_MatchID":697195,"d_Date":"\/Date(1067167800000+0100)\/","d_DateLocal":"\/Date(1067167800000+0100)\/","d_DateUTC":"\/Date(1067164200000+0100)\/","n_RoundNr":9,"n_PhaseID":45944,"n_PhaseLevel":1,"c_Phase":"Regular","c_PhaseShort":null,"n_HomeTeamID":11,"c_HomeTeam":"PSV","c_HomeTeamShort":"PSV","n_HomeTeamNatioGeoID":2201,"c_HomeTeamNatio":"Netherlands","c_HomeTeamNatioShort":"NED","n_AwayTeamID":2,"c_AwayTeam":"Ajax","c_AwayTeamShort":"AJA","n_AwayTeamNatioGeoID":2201,"c_AwayTeamNatio":"Netherlands","c_AwayTeamNatioShort":"NED","n_StadiumGeoID":5067,"c_Stadium":"Philips Stadion","n_CityGeoID":4001,"c_City":"Eindhoven","n_CountryGeoID":2201,"c_Country":"Netherlands","c_CountryShort":"NED","c_Score":"2-2 (0-0) ","c_ScoreSuffix":null,"n_HomeGoals":2,"n_AwayGoals":2,"n_HomeGoalsHalftime":0,"n_AwayGoalsHalftime":0,"n_HomeGoals90mins":null,"n_AwayGoals90mins":null,"n_HomeGoals105mins":null,"n_AwayGoals105mins":null,"n_HomeGoalsShootout":null,"n_AwayGoalsShootout":null,"n_MatchStatusCode":128,"c_MatchStatus":"Full time","c_MatchStatusShort":"FT","n_RefereeID":482,"c_Referee":"Eric Braamhaar","n_RefereeNatioGeoID":2201,"c_RefereeNatio":"Netherlands","c_RefereeNatioShort":"NED","n_Spectators":35000,"n_KnockoutPhaseID":null,"n_Leg":null,"c_ScoreFirstLeg":null,"n_WinnerOnAggregateTeamID":null},{"n_CompetitionID":2,"n_CompetitionLevel":1,"c_Competition":"Holland Casino Eredivisie","c_CompetitionShort":"HCE","n_CompetitionNatioGeoID":2201,"c_CompetitionNatio":"Netherlands","c_CompetitionNatioShort":"NED","n_EditionID":12374,"c_Season":"2002\/2003","n_MatchID":640150,"d_Date":"\/Date(1048420800000+0100)\/","d_DateLocal":"\/Date(1048420800000+0100)\/","d_DateUTC":"\/Date(1048417200000+0100)\/","n_RoundNr":25,"n_PhaseID":38586,"n_PhaseLevel":1,"c_Phase":"Regular","c_PhaseShort":null,"n_HomeTeamID":11,"c_HomeTeam":"PSV","c_HomeTeamShort":"PSV","n_HomeTeamNatioGeoID":2201,"c_HomeTeamNatio":"Netherlands","c_HomeTeamNatioShort":"NED","n_AwayTeamID":2,"c_AwayTeam":"Ajax","c_AwayTeamShort":"AJA","n_AwayTeamNatioGeoID":2201,"c_AwayTeamNatio":"Netherlands","c_AwayTeamNatioShort":"NED","n_StadiumGeoID":5067,"c_Stadium":"Philips Stadion","n_CityGeoID":4001,"c_City":"Eindhoven","n_CountryGeoID":2201,"c_Country":"Netherlands","c_CountryShort":"NED","c_Score":"2-0 (1-0) ","c_ScoreSuffix":null,"n_HomeGoals":2,"n_AwayGoals":0,"n_HomeGoalsHalftime":1,"n_AwayGoalsHalftime":0,"n_HomeGoals90mins":null,"n_AwayGoals90mins":null,"n_HomeGoals105mins":null,"n_AwayGoals105mins":null,"n_HomeGoalsShootout":null,"n_AwayGoalsShootout":null,"n_MatchStatusCode":128,"c_MatchStatus":"Full time","c_MatchStatusShort":"FT","n_RefereeID":438,"c_Referee":"Jan Wegereef","n_RefereeNatioGeoID":2201,"c_RefereeNatio":"Netherlands","c_RefereeNatioShort":"NED","n_Spectators":34000,"n_KnockoutPhaseID":null,"n_Leg":null,"c_ScoreFirstLeg":null,"n_WinnerOnAggregateTeamID":null},{"n_CompetitionID":2,"n_CompetitionLevel":1,"c_Competition":"KPN Eredivisie","c_CompetitionShort":"KPN","n_CompetitionNatioGeoID":2201,"c_CompetitionNatio":"Netherlands","c_CompetitionNatioShort":"NED","n_EditionID":6642,"c_Season":"2001\/2002","n_MatchID":587973,"d_Date":"\/Date(1016971200000+0100)\/","d_DateLocal":"\/Date(1016971200000+0100)\/","d_DateUTC":"\/Date(1016967600000+0100)\/","n_RoundNr":28,"n_PhaseID":31933,"n_PhaseLevel":1,"c_Phase":"Regular","c_PhaseShort":null,"n_HomeTeamID":11,"c_HomeTeam":"PSV","c_HomeTeamShort":"PSV","n_HomeTeamNatioGeoID":2201,"c_HomeTeamNatio":"Netherlands","c_HomeTeamNatioShort":"NED","n_AwayTeamID":2,"c_AwayTeam":"Ajax","c_AwayTeamShort":"AJA","n_AwayTeamNatioGeoID":2201,"c_AwayTeamNatio":"Netherlands","c_AwayTeamNatioShort":"NED","n_StadiumGeoID":5067,"c_Stadium":"Philips Stadion","n_CityGeoID":4001,"c_City":"Eindhoven","n_CountryGeoID":2201,"c_Country":"Netherlands","c_CountryShort":"NED","c_Score":"1-1 (1-1) ","c_ScoreSuffix":null,"n_HomeGoals":1,"n_AwayGoals":1,"n_HomeGoalsHalftime":1,"n_AwayGoalsHalftime":1,"n_HomeGoals90mins":null,"n_AwayGoals90mins":null,"n_HomeGoals105mins":null,"n_AwayGoals105mins":null,"n_HomeGoalsShootout":null,"n_AwayGoalsShootout":null,"n_MatchStatusCode":128,"c_MatchStatus":"Full time","c_MatchStatusShort":"FT","n_RefereeID":435,"c_Referee":"René Temmink","n_RefereeNatioGeoID":2201,"c_RefereeNatio":"Netherlands","c_RefereeNatioShort":"NED","n_Spectators":33000,"n_KnockoutPhaseID":null,"n_Leg":null,"c_ScoreFirstLeg":null,"n_WinnerOnAggregateTeamID":null},{"n_CompetitionID":2,"n_CompetitionLevel":1,"c_Competition":"KPN Eredivisie","c_CompetitionShort":"KPN","n_CompetitionNatioGeoID":2201,"c_CompetitionNatio":"Netherlands","c_CompetitionNatioShort":"NED","n_EditionID":3912,"c_Season":"2000\/2001","n_MatchID":487264,"d_Date":"\/Date(972820800000+0100)\/","d_DateLocal":"\/Date(972820800000+0100)\/","d_DateUTC":"\/Date(972813600000+0100)\/","n_RoundNr":10,"n_PhaseID":5044,"n_PhaseLevel":1,"c_Phase":"Regular","c_PhaseShort":null,"n_HomeTeamID":11,"c_HomeTeam":"PSV","c_HomeTeamShort":"PSV","n_HomeTeamNatioGeoID":2201,"c_HomeTeamNatio":"Netherlands","c_HomeTeamNatioShort":"NED","n_AwayTeamID":2,"c_AwayTeam":"Ajax","c_AwayTeamShort":"AJA","n_AwayTeamNatioGeoID":2201,"c_AwayTeamNatio":"Netherlands","c_AwayTeamNatioShort":"NED","n_StadiumGeoID":5067,"c_Stadium":"Philips Stadion","n_CityGeoID":4001,"c_City":"Eindhoven","n_CountryGeoID":2201,"c_Country":"Netherlands","c_CountryShort":"NED","c_Score":"1-1 (0-1) ","c_ScoreSuffix":null,"n_HomeGoals":1,"n_AwayGoals":1,"n_HomeGoalsHalftime":0,"n_AwayGoalsHalftime":1,"n_HomeGoals90mins":null,"n_AwayGoals90mins":null,"n_HomeGoals105mins":null,"n_AwayGoals105mins":null,"n_HomeGoalsShootout":null,"n_AwayGoalsShootout":null,"n_MatchStatusCode":128,"c_MatchStatus":"Full time","c_MatchStatusShort":"FT","n_RefereeID":22005,"c_Referee":"Mario van der Ende","n_RefereeNatioGeoID":2201,"c_RefereeNatio":"Netherlands","c_RefereeNatioShort":"NED","n_Spectators":33000,"n_KnockoutPhaseID":null,"n_Leg":null,"c_ScoreFirstLeg":null,"n_WinnerOnAggregateTeamID":null},{"n_CompetitionID":2,"n_CompetitionLevel":1,"c_Competition":"KPN Telecompetitie","c_CompetitionShort":"KPN","n_CompetitionNatioGeoID":2201,"c_CompetitionNatio":"Netherlands","c_CompetitionNatioShort":"NED","n_EditionID":3297,"c_Season":"1999\/2000","n_MatchID":329782,"d_Date":"\/Date(950209200000+0100)\/","d_DateLocal":"\/Date(950209200000+0100)\/","d_DateUTC":"\/Date(950205600000+0100)\/","n_RoundNr":22,"n_PhaseID":4610,"n_PhaseLevel":1,"c_Phase":"Regular","c_PhaseShort":null,"n_HomeTeamID":11,"c_HomeTeam":"PSV","c_HomeTeamShort":"PSV","n_HomeTeamNatioGeoID":2201,"c_HomeTeamNatio":"Netherlands","c_HomeTeamNatioShort":"NED","n_AwayTeamID":2,"c_AwayTeam":"Ajax","c_AwayTeamShort":"AJA","n_AwayTeamNatioGeoID":2201,"c_AwayTeamNatio":"Netherlands","c_AwayTeamNatioShort":"NED","n_StadiumGeoID":5067,"c_Stadium":"Philips Stadion","n_CityGeoID":4001,"c_City":"Eindhoven","n_CountryGeoID":2201,"c_Country":"Netherlands","c_CountryShort":"NED","c_Score":"4-0 (3-0) ","c_ScoreSuffix":null,"n_HomeGoals":4,"n_AwayGoals":0,"n_HomeGoalsHalftime":3,"n_AwayGoalsHalftime":0,"n_HomeGoals90mins":null,"n_AwayGoals90mins":null,"n_HomeGoals105mins":null,"n_AwayGoals105mins":null,"n_HomeGoalsShootout":null,"n_AwayGoalsShootout":null,"n_MatchStatusCode":128,"c_MatchStatus":"Full time","c_MatchStatusShort":"FT","n_RefereeID":22007,"c_Referee":"Dick Jol","n_RefereeNatioGeoID":2201,"c_RefereeNatio":"Netherlands","c_RefereeNatioShort":"NED","n_Spectators":28000,"n_KnockoutPhaseID":null,"n_Leg":null,"c_ScoreFirstLeg":null,"n_WinnerOnAggregateTeamID":null},{"n_CompetitionID":2,"n_CompetitionLevel":1,"c_Competition":"KPN Telecompetitie","c_CompetitionShort":"KPN","n_CompetitionNatioGeoID":2201,"c_CompetitionNatio":"Netherlands","c_CompetitionNatioShort":"NED","n_EditionID":1652,"c_Season":"1998\/1999","n_MatchID":231078,"d_Date":"\/Date(923229000000+0200)\/","d_DateLocal":"\/Date(923229000000+0200)\/","d_DateUTC":"\/Date(923221800000+0200)\/","n_RoundNr":27,"n_PhaseID":2809,"n_PhaseLevel":1,"c_Phase":"Regular","c_PhaseShort":null,"n_HomeTeamID":11,"c_HomeTeam":"PSV","c_HomeTeamShort":"PSV","n_HomeTeamNatioGeoID":2201,"c_HomeTeamNatio":"Netherlands","c_HomeTeamNatioShort":"NED","n_AwayTeamID":2,"c_AwayTeam":"Ajax","c_AwayTeamShort":"AJA","n_AwayTeamNatioGeoID":2201,"c_AwayTeamNatio":"Netherlands","c_AwayTeamNatioShort":"NED","n_StadiumGeoID":5067,"c_Stadium":"Philips Stadion","n_CityGeoID":4001,"c_City":"Eindhoven","n_CountryGeoID":2201,"c_Country":"Netherlands","c_CountryShort":"NED","c_Score":"3-1 (0-1) ","c_ScoreSuffix":null,"n_HomeGoals":3,"n_AwayGoals":1,"n_HomeGoalsHalftime":0,"n_AwayGoalsHalftime":1,"n_HomeGoals90mins":null,"n_AwayGoals90mins":null,"n_HomeGoals105mins":null,"n_AwayGoals105mins":null,"n_HomeGoalsShootout":null,"n_AwayGoalsShootout":null,"n_MatchStatusCode":128,"c_MatchStatus":"Full time","c_MatchStatusShort":"FT","n_RefereeID":22005,"c_Referee":"Mario van der Ende","n_RefereeNatioGeoID":2201,"c_RefereeNatio":"Netherlands","c_RefereeNatioShort":"NED","n_Spectators":29500,"n_KnockoutPhaseID":null,"n_Leg":null,"c_ScoreFirstLeg":null,"n_WinnerOnAggregateTeamID":null},{"n_CompetitionID":2,"n_CompetitionLevel":1,"c_Competition":"PTT-Telecompetitie","c_CompetitionShort":"PTT","n_CompetitionNatioGeoID":2201,"c_CompetitionNatio":"Netherlands","c_CompetitionNatioShort":"NED","n_EditionID":744,"c_Season":"1997\/1998","n_MatchID":106984,"d_Date":"\/Date(887497200000+0100)\/","d_DateLocal":"\/Date(887497200000+0100)\/","d_DateUTC":"\/Date(887497200000+0100)\/","n_RoundNr":null,"n_PhaseID":1606,"n_PhaseLevel":1,"c_Phase":"Regular","c_PhaseShort":null,"n_HomeTeamID":11,"c_HomeTeam":"PSV","c_HomeTeamShort":"PSV","n_HomeTeamNatioGeoID":2201,"c_HomeTeamNatio":"Netherlands","c_HomeTeamNatioShort":"NED","n_AwayTeamID":2,"c_AwayTeam":"Ajax","c_AwayTeamShort":"AJA","n_AwayTeamNatioGeoID":2201,"c_AwayTeamNatio":"Netherlands","c_AwayTeamNatioShort":"NED","n_StadiumGeoID":5067,"c_Stadium":"Philips Stadion","n_CityGeoID":4001,"c_City":"Eindhoven","n_CountryGeoID":2201,"c_Country":"Netherlands","c_CountryShort":"NED","c_Score":"1-1 (0-1) ","c_ScoreSuffix":null,"n_HomeGoals":1,"n_AwayGoals":1,"n_HomeGoalsHalftime":0,"n_AwayGoalsHalftime":1,"n_HomeGoals90mins":null,"n_AwayGoals90mins":null,"n_HomeGoals105mins":null,"n_AwayGoals105mins":null,"n_HomeGoalsShootout":null,"n_AwayGoalsShootout":null,"n_MatchStatusCode":128,"c_MatchStatus":"Full time","c_MatchStatusShort":"FT","n_RefereeID":436,"c_Referee":"Jaap Uilenberg","n_RefereeNatioGeoID":2201,"c_RefereeNatio":"Netherlands","c_RefereeNatioShort":"NED","n_Spectators":29500,"n_KnockoutPhaseID":null,"n_Leg":null,"c_ScoreFirstLeg":null,"n_WinnerOnAggregateTeamID":null},{"n_CompetitionID":2,"n_CompetitionLevel":1,"c_Competition":"PTT-Telecompetitie","c_CompetitionShort":"PTT","n_CompetitionNatioGeoID":2201,"c_CompetitionNatio":"Netherlands","c_CompetitionNatioShort":"NED","n_EditionID":41,"c_Season":"1996\/1997","n_MatchID":19258,"d_Date":"\/Date(860882400000+0200)\/","d_DateLocal":"\/Date(860882400000+0200)\/","d_DateUTC":"\/Date(860882400000+0200)\/","n_RoundNr":28,"n_PhaseID":42,"n_PhaseLevel":1,"c_Phase":"Regular","c_PhaseShort":null,"n_HomeTeamID":11,"c_HomeTeam":"PSV","c_HomeTeamShort":"PSV","n_HomeTeamNatioGeoID":2201,"c_HomeTeamNatio":"Netherlands","c_HomeTeamNatioShort":"NED","n_AwayTeamID":2,"c_AwayTeam":"Ajax","c_AwayTeamShort":"AJA","n_AwayTeamNatioGeoID":2201,"c_AwayTeamNatio":"Netherlands","c_AwayTeamNatioShort":"NED","n_StadiumGeoID":5067,"c_Stadium":"Philips Stadion","n_CityGeoID":4001,"c_City":"Eindhoven","n_CountryGeoID":2201,"c_Country":"Netherlands","c_CountryShort":"NED","c_Score":"2-0 (1-0) ","c_ScoreSuffix":null,"n_HomeGoals":2,"n_AwayGoals":0,"n_HomeGoalsHalftime":1,"n_AwayGoalsHalftime":0,"n_HomeGoals90mins":null,"n_AwayGoals90mins":null,"n_HomeGoals105mins":null,"n_AwayGoals105mins":null,"n_HomeGoalsShootout":null,"n_AwayGoalsShootout":null,"n_MatchStatusCode":128,"c_MatchStatus":null,"c_MatchStatusShort":null,"n_RefereeID":436,"c_Referee":"Jaap Uilenberg","n_RefereeNatioGeoID":2201,"c_RefereeNatio":"Netherlands","c_RefereeNatioShort":"NED","n_Spectators":28500,"n_KnockoutPhaseID":null,"n_Leg":null,"c_ScoreFirstLeg":null,"n_WinnerOnAggregateTeamID":null},{"n_CompetitionID":2,"n_CompetitionLevel":1,"c_Competition":"PTT-Telecompetitie","c_CompetitionShort":"PTT","n_CompetitionNatioGeoID":2201,"c_CompetitionNatio":"Netherlands","c_CompetitionNatioShort":"NED","n_EditionID":40,"c_Season":"1995\/1996","n_MatchID":1957,"d_Date":"\/Date(828914400000+0200)\/","d_DateLocal":"\/Date(828914400000+0200)\/","d_DateUTC":"\/Date(828914400000+0200)\/","n_RoundNr":31,"n_PhaseID":41,"n_PhaseLevel":1,"c_Phase":"Regular","c_PhaseShort":null,"n_HomeTeamID":11,"c_HomeTeam":"PSV","c_HomeTeamShort":"PSV","n_HomeTeamNatioGeoID":2201,"c_HomeTeamNatio":"Netherlands","c_HomeTeamNatioShort":"NED","n_AwayTeamID":2,"c_AwayTeam":"Ajax","c_AwayTeamShort":"AJA","n_AwayTeamNatioGeoID":2201,"c_AwayTeamNatio":"Netherlands","c_AwayTeamNatioShort":"NED","n_StadiumGeoID":5067,"c_Stadium":"Philips Stadion","n_CityGeoID":4001,"c_City":"Eindhoven","n_CountryGeoID":2201,"c_Country":"Netherlands","c_CountryShort":"NED","c_Score":"1-1 (1-0) ","c_ScoreSuffix":null,"n_HomeGoals":1,"n_AwayGoals":1,"n_HomeGoalsHalftime":1,"n_AwayGoalsHalftime":0,"n_HomeGoals90mins":null,"n_AwayGoals90mins":null,"n_HomeGoals105mins":null,"n_AwayGoals105mins":null,"n_HomeGoalsShootout":null,"n_AwayGoalsShootout":null,"n_MatchStatusCode":128,"c_MatchStatus":null,"c_MatchStatusShort":null,"n_RefereeID":22005,"c_Referee":"Mario van der Ende","n_RefereeNatioGeoID":2201,"c_RefereeNatio":"Netherlands","c_RefereeNatioShort":"NED","n_Spectators":27600,"n_KnockoutPhaseID":null,"n_Leg":null,"c_ScoreFirstLeg":null,"n_WinnerOnAggregateTeamID":null},{"n_CompetitionID":2,"n_CompetitionLevel":1,"c_Competition":"PTT-Telecompetitie","c_CompetitionShort":"PTT","n_CompetitionNatioGeoID":2201,"c_CompetitionNatio":"Netherlands","c_CompetitionNatioShort":"NED","n_EditionID":1,"c_Season":"1994\/1995","n_MatchID":10309,"d_Date":"\/Date(782863200000+0200)\/","d_DateLocal":"\/Date(782863200000+0200)\/","d_DateUTC":"\/Date(782863200000+0200)\/","n_RoundNr":2,"n_PhaseID":2,"n_PhaseLevel":1,"c_Phase":"Regular","c_PhaseShort":null,"n_HomeTeamID":11,"c_HomeTeam":"PSV","c_HomeTeamShort":"PSV","n_HomeTeamNatioGeoID":2201,"c_HomeTeamNatio":"Netherlands","c_HomeTeamNatioShort":"NED","n_AwayTeamID":2,"c_AwayTeam":"Ajax","c_AwayTeamShort":"AJA","n_AwayTeamNatioGeoID":2201,"c_AwayTeamNatio":"Netherlands","c_AwayTeamNatioShort":"NED","n_StadiumGeoID":5067,"c_Stadium":"Philips Stadion","n_CityGeoID":4001,"c_City":"Eindhoven","n_CountryGeoID":2201,"c_Country":"Netherlands","c_CountryShort":"NED","c_Score":"1-4 (0-3) ","c_ScoreSuffix":null,"n_HomeGoals":1,"n_AwayGoals":4,"n_HomeGoalsHalftime":0,"n_AwayGoalsHalftime":3,"n_HomeGoals90mins":null,"n_AwayGoals90mins":null,"n_HomeGoals105mins":null,"n_AwayGoals105mins":null,"n_HomeGoalsShootout":null,"n_AwayGoalsShootout":null,"n_MatchStatusCode":128,"c_MatchStatus":"Full time","c_MatchStatusShort":"FT","n_RefereeID":22005,"c_Referee":"Mario van der Ende","n_RefereeNatioGeoID":2201,"c_RefereeNatio":"Netherlands","c_RefereeNatioShort":"NED","n_Spectators":27000,"n_KnockoutPhaseID":null,"n_Leg":null,"c_ScoreFirstLeg":null,"n_WinnerOnAggregateTeamID":null},{"n_CompetitionID":2,"n_CompetitionLevel":1,"c_Competition":"PTT-Telecompetitie","c_CompetitionShort":"PTT","n_CompetitionNatioGeoID":2201,"c_CompetitionNatio":"Netherlands","c_CompetitionNatioShort":"NED","n_EditionID":2,"c_Season":"1993\/1994","n_MatchID":234,"d_Date":"\/Date(760489200000+0100)\/","d_DateLocal":"\/Date(760489200000+0100)\/","d_DateUTC":"\/Date(760489200000+0100)\/","n_RoundNr":22,"n_PhaseID":3,"n_PhaseLevel":1,"c_Phase":"Regular","c_PhaseShort":null,"n_HomeTeamID":11,"c_HomeTeam":"PSV","c_HomeTeamShort":"PSV","n_HomeTeamNatioGeoID":2201,"c_HomeTeamNatio":"Netherlands","c_HomeTeamNatioShort":"NED","n_AwayTeamID":2,"c_AwayTeam":"Ajax","c_AwayTeamShort":"AJA","n_AwayTeamNatioGeoID":2201,"c_AwayTeamNatio":"Netherlands","c_AwayTeamNatioShort":"NED","n_StadiumGeoID":5067,"c_Stadium":"Philips Stadion","n_CityGeoID":4001,"c_City":"Eindhoven","n_CountryGeoID":2201,"c_Country":"Netherlands","c_CountryShort":"NED","c_Score":"4-1 (3-0) ","c_ScoreSuffix":null,"n_HomeGoals":4,"n_AwayGoals":1,"n_HomeGoalsHalftime":3,"n_AwayGoalsHalftime":0,"n_HomeGoals90mins":null,"n_AwayGoals90mins":null,"n_HomeGoals105mins":null,"n_AwayGoals105mins":null,"n_HomeGoalsShootout":null,"n_AwayGoalsShootout":null,"n_MatchStatusCode":128,"c_MatchStatus":null,"c_MatchStatusShort":null,"n_RefereeID":436,"c_Referee":"Jaap Uilenberg","n_RefereeNatioGeoID":2201,"c_RefereeNatio":"Netherlands","c_RefereeNatioShort":"NED","n_Spectators":29500,"n_KnockoutPhaseID":null,"n_Leg":null,"c_ScoreFirstLeg":null,"n_WinnerOnAggregateTeamID":null},{"n_CompetitionID":2,"n_CompetitionLevel":1,"c_Competition":"PTT-Telecompetitie","c_CompetitionShort":"PTT","n_CompetitionNatioGeoID":2201,"c_CompetitionNatio":"Netherlands","c_CompetitionNatioShort":"NED","n_EditionID":3,"c_Season":"1992\/1993","n_MatchID":557,"d_Date":"\/Date(729644400000+0100)\/","d_DateLocal":"\/Date(729644400000+0100)\/","d_DateUTC":"\/Date(729644400000+0100)\/","n_RoundNr":21,"n_PhaseID":4,"n_PhaseLevel":1,"c_Phase":"Regular","c_PhaseShort":null,"n_HomeTeamID":11,"c_HomeTeam":"PSV","c_HomeTeamShort":"PSV","n_HomeTeamNatioGeoID":2201,"c_HomeTeamNatio":"Netherlands","c_HomeTeamNatioShort":"NED","n_AwayTeamID":2,"c_AwayTeam":"Ajax","c_AwayTeamShort":"AJA","n_AwayTeamNatioGeoID":2201,"c_AwayTeamNatio":"Netherlands","c_AwayTeamNatioShort":"NED","n_StadiumGeoID":5067,"c_Stadium":"Philips Stadion","n_CityGeoID":4001,"c_City":"Eindhoven","n_CountryGeoID":2201,"c_Country":"Netherlands","c_CountryShort":"NED","c_Score":"2-1 (1-1) ","c_ScoreSuffix":null,"n_HomeGoals":2,"n_AwayGoals":1,"n_HomeGoalsHalftime":1,"n_AwayGoalsHalftime":1,"n_HomeGoals90mins":null,"n_AwayGoals90mins":null,"n_HomeGoals105mins":null,"n_AwayGoals105mins":null,"n_HomeGoalsShootout":null,"n_AwayGoalsShootout":null,"n_MatchStatusCode":128,"c_MatchStatus":null,"c_MatchStatusShort":null,"n_RefereeID":22005,"c_Referee":"Mario van der Ende","n_RefereeNatioGeoID":2201,"c_RefereeNatio":"Netherlands","c_RefereeNatioShort":"NED","n_Spectators":27700,"n_KnockoutPhaseID":null,"n_Leg":null,"c_ScoreFirstLeg":null,"n_WinnerOnAggregateTeamID":null},{"n_CompetitionID":2,"n_CompetitionLevel":1,"c_Competition":"PTT-Telecompetitie","c_CompetitionShort":"PTT","n_CompetitionNatioGeoID":2201,"c_CompetitionNatio":"Netherlands","c_CompetitionNatioShort":"NED","n_EditionID":4,"c_Season":"1991\/1992","n_MatchID":829,"d_Date":"\/Date(687909600000+0200)\/","d_DateLocal":"\/Date(687909600000+0200)\/","d_DateUTC":"\/Date(687909600000+0200)\/","n_RoundNr":5,"n_PhaseID":5,"n_PhaseLevel":1,"c_Phase":"Regular","c_PhaseShort":null,"n_HomeTeamID":11,"c_HomeTeam":"PSV","c_HomeTeamShort":"PSV","n_HomeTeamNatioGeoID":2201,"c_HomeTeamNatio":"Netherlands","c_HomeTeamNatioShort":"NED","n_AwayTeamID":2,"c_AwayTeam":"Ajax","c_AwayTeamShort":"AJA","n_AwayTeamNatioGeoID":2201,"c_AwayTeamNatio":"Netherlands","c_AwayTeamNatioShort":"NED","n_StadiumGeoID":5067,"c_Stadium":"Philips Stadion","n_CityGeoID":4001,"c_City":"Eindhoven","n_CountryGeoID":2201,"c_Country":"Netherlands","c_CountryShort":"NED","c_Score":"3-2 (2-1) ","c_ScoreSuffix":null,"n_HomeGoals":3,"n_AwayGoals":2,"n_HomeGoalsHalftime":2,"n_AwayGoalsHalftime":1,"n_HomeGoals90mins":null,"n_AwayGoals90mins":null,"n_HomeGoals105mins":null,"n_AwayGoals105mins":null,"n_HomeGoalsShootout":null,"n_AwayGoalsShootout":null,"n_MatchStatusCode":128,"c_MatchStatus":null,"c_MatchStatusShort":null,"n_RefereeID":22005,"c_Referee":"Mario van der Ende","n_RefereeNatioGeoID":2201,"c_RefereeNatio":"Netherlands","c_RefereeNatioShort":"NED","n_Spectators":26500,"n_KnockoutPhaseID":null,"n_Leg":null,"c_ScoreFirstLeg":null,"n_WinnerOnAggregateTeamID":null},{"n_CompetitionID":2,"n_CompetitionLevel":1,"c_Competition":"PTT-Telecompetitie","c_CompetitionShort":"PTT","n_CompetitionNatioGeoID":2201,"c_CompetitionNatio":"Netherlands","c_CompetitionNatioShort":"NED","n_EditionID":5,"c_Season":"1990\/1991","n_MatchID":1164,"d_Date":"\/Date(670975200000+0200)\/","d_DateLocal":"\/Date(670975200000+0200)\/","d_DateUTC":"\/Date(670975200000+0200)\/","n_RoundNr":26,"n_PhaseID":6,"n_PhaseLevel":1,"c_Phase":"Regular","c_PhaseShort":null,"n_HomeTeamID":11,"c_HomeTeam":"PSV","c_HomeTeamShort":"PSV","n_HomeTeamNatioGeoID":2201,"c_HomeTeamNatio":"Netherlands","c_HomeTeamNatioShort":"NED","n_AwayTeamID":2,"c_AwayTeam":"Ajax","c_AwayTeamShort":"AJA","n_AwayTeamNatioGeoID":2201,"c_AwayTeamNatio":"Netherlands","c_AwayTeamNatioShort":"NED","n_StadiumGeoID":5067,"c_Stadium":"Philips Stadion","n_CityGeoID":4001,"c_City":"Eindhoven","n_CountryGeoID":2201,"c_Country":"Netherlands","c_CountryShort":"NED","c_Score":"4-1 (1-1) ","c_ScoreSuffix":null,"n_HomeGoals":4,"n_AwayGoals":1,"n_HomeGoalsHalftime":1,"n_AwayGoalsHalftime":1,"n_HomeGoals90mins":null,"n_AwayGoals90mins":null,"n_HomeGoals105mins":null,"n_AwayGoals105mins":null,"n_HomeGoalsShootout":null,"n_AwayGoalsShootout":null,"n_MatchStatusCode":128,"c_MatchStatus":"Full time","c_MatchStatusShort":"FT","n_RefereeID":22008,"c_Referee":"Frans Houben","n_RefereeNatioGeoID":2201,"c_RefereeNatio":"Netherlands","c_RefereeNatioShort":"NED","n_Spectators":27000,"n_KnockoutPhaseID":null,"n_Leg":null,"c_ScoreFirstLeg":null,"n_WinnerOnAggregateTeamID":null},{"n_CompetitionID":2,"n_CompetitionLevel":1,"c_Competition":"Eredivisie","c_CompetitionShort":"Ere","n_CompetitionNatioGeoID":2201,"c_CompetitionNatio":"Netherlands","c_CompetitionNatioShort":"NED","n_EditionID":6,"c_Season":"1989\/1990","n_MatchID":1487,"d_Date":"\/Date(621381600000+0200)\/","d_DateLocal":"\/Date(621381600000+0200)\/","d_DateUTC":"\/Date(621381600000+0200)\/","n_RoundNr":6,"n_PhaseID":7,"n_PhaseLevel":1,"c_Phase":"Regular","c_PhaseShort":null,"n_HomeTeamID":11,"c_HomeTeam":"PSV","c_HomeTeamShort":"PSV","n_HomeTeamNatioGeoID":2201,"c_HomeTeamNatio":"Netherlands","c_HomeTeamNatioShort":"NED","n_AwayTeamID":2,"c_AwayTeam":"Ajax","c_AwayTeamShort":"AJA","n_AwayTeamNatioGeoID":2201,"c_AwayTeamNatio":"Netherlands","c_AwayTeamNatioShort":"NED","n_StadiumGeoID":5067,"c_Stadium":"Philips Stadion","n_CityGeoID":4001,"c_City":"Eindhoven","n_CountryGeoID":2201,"c_Country":"Netherlands","c_CountryShort":"NED","c_Score":"2-0 (0-0) ","c_ScoreSuffix":null,"n_HomeGoals":2,"n_AwayGoals":0,"n_HomeGoalsHalftime":0,"n_AwayGoalsHalftime":0,"n_HomeGoals90mins":null,"n_AwayGoals90mins":null,"n_HomeGoals105mins":null,"n_AwayGoals105mins":null,"n_HomeGoalsShootout":null,"n_AwayGoalsShootout":null,"n_MatchStatusCode":128,"c_MatchStatus":"Full time","c_MatchStatusShort":"FT","n_RefereeID":422,"c_Referee":"John Blankenstein","n_RefereeNatioGeoID":2201,"c_RefereeNatio":"Netherlands","c_RefereeNatioShort":"NED","n_Spectators":27000,"n_KnockoutPhaseID":null,"n_Leg":null,"c_ScoreFirstLeg":null,"n_WinnerOnAggregateTeamID":null},{"n_CompetitionID":2,"n_CompetitionLevel":1,"c_Competition":"Eredivisie","c_CompetitionShort":"Ere","n_CompetitionNatioGeoID":2201,"c_CompetitionNatio":"Netherlands","c_CompetitionNatioShort":"NED","n_EditionID":7,"c_Season":"1988\/1989","n_MatchID":2092,"d_Date":"\/Date(606265200000+0100)\/","d_DateLocal":"\/Date(606265200000+0100)\/","d_DateUTC":"\/Date(606265200000+0100)\/","n_RoundNr":25,"n_PhaseID":8,"n_PhaseLevel":1,"c_Phase":"Regular","c_PhaseShort":null,"n_HomeTeamID":11,"c_HomeTeam":"PSV","c_HomeTeamShort":"PSV","n_HomeTeamNatioGeoID":2201,"c_HomeTeamNatio":"Netherlands","c_HomeTeamNatioShort":"NED","n_AwayTeamID":2,"c_AwayTeam":"Ajax","c_AwayTeamShort":"AJA","n_AwayTeamNatioGeoID":2201,"c_AwayTeamNatio":"Netherlands","c_AwayTeamNatioShort":"NED","n_StadiumGeoID":5067,"c_Stadium":"Philips Stadion","n_CityGeoID":4001,"c_City":"Eindhoven","n_CountryGeoID":2201,"c_Country":"Netherlands","c_CountryShort":"NED","c_Score":"1-4 (0-1) ","c_ScoreSuffix":null,"n_HomeGoals":1,"n_AwayGoals":4,"n_HomeGoalsHalftime":0,"n_AwayGoalsHalftime":1,"n_HomeGoals90mins":null,"n_AwayGoals90mins":null,"n_HomeGoals105mins":null,"n_AwayGoals105mins":null,"n_HomeGoalsShootout":null,"n_AwayGoalsShootout":null,"n_MatchStatusCode":128,"c_MatchStatus":null,"c_MatchStatusShort":null,"n_RefereeID":436,"c_Referee":"Jaap Uilenberg","n_RefereeNatioGeoID":2201,"c_RefereeNatio":"Netherlands","c_RefereeNatioShort":"NED","n_Spectators":27500,"n_KnockoutPhaseID":null,"n_Leg":null,"c_ScoreFirstLeg":null,"n_WinnerOnAggregateTeamID":null},{"n_CompetitionID":2,"n_CompetitionLevel":1,"c_Competition":"Eredivisie","c_CompetitionShort":"Ere","n_CompetitionNatioGeoID":2201,"c_CompetitionNatio":"Netherlands","c_CompetitionNatioShort":"NED","n_EditionID":8,"c_Season":"1987\/1988","n_MatchID":2432,"d_Date":"\/Date(557272800000+0200)\/","d_DateLocal":"\/Date(557272800000+0200)\/","d_DateUTC":"\/Date(557272800000+0200)\/","n_RoundNr":5,"n_PhaseID":9,"n_PhaseLevel":1,"c_Phase":"Regular","c_PhaseShort":null,"n_HomeTeamID":11,"c_HomeTeam":"PSV","c_HomeTeamShort":"PSV","n_HomeTeamNatioGeoID":2201,"c_HomeTeamNatio":"Netherlands","c_HomeTeamNatioShort":"NED","n_AwayTeamID":2,"c_AwayTeam":"Ajax","c_AwayTeamShort":"AJA","n_AwayTeamNatioGeoID":2201,"c_AwayTeamNatio":"Netherlands","c_AwayTeamNatioShort":"NED","n_StadiumGeoID":5067,"c_Stadium":"Philips Stadion","n_CityGeoID":4001,"c_City":"Eindhoven","n_CountryGeoID":2201,"c_Country":"Netherlands","c_CountryShort":"NED","c_Score":"4-2 (2-1) ","c_ScoreSuffix":null,"n_HomeGoals":4,"n_AwayGoals":2,"n_HomeGoalsHalftime":2,"n_AwayGoalsHalftime":1,"n_HomeGoals90mins":null,"n_AwayGoals90mins":null,"n_HomeGoals105mins":null,"n_AwayGoals105mins":null,"n_HomeGoalsShootout":null,"n_AwayGoalsShootout":null,"n_MatchStatusCode":128,"c_MatchStatus":null,"c_MatchStatusShort":null,"n_RefereeID":22090,"c_Referee":"Henk van Ettekoven","n_RefereeNatioGeoID":2201,"c_RefereeNatio":"Netherlands","c_RefereeNatioShort":"NED","n_Spectators":26500,"n_KnockoutPhaseID":null,"n_Leg":null,"c_ScoreFirstLeg":null,"n_WinnerOnAggregateTeamID":null},{"n_CompetitionID":2,"n_CompetitionLevel":1,"c_Competition":"Eredivisie","c_CompetitionShort":"Ere","n_CompetitionNatioGeoID":2201,"c_CompetitionNatio":"Netherlands","c_CompetitionNatioShort":"NED","n_EditionID":9,"c_Season":"1986\/1987","n_MatchID":2755,"d_Date":"\/Date(543970800000+0100)\/","d_DateLocal":"\/Date(543970800000+0100)\/","d_DateUTC":"\/Date(543970800000+0100)\/","n_RoundNr":23,"n_PhaseID":10,"n_PhaseLevel":1,"c_Phase":"Regular","c_PhaseShort":null,"n_HomeTeamID":11,"c_HomeTeam":"PSV","c_HomeTeamShort":"PSV","n_HomeTeamNatioGeoID":2201,"c_HomeTeamNatio":"Netherlands","c_HomeTeamNatioShort":"NED","n_AwayTeamID":2,"c_AwayTeam":"Ajax","c_AwayTeamShort":"AJA","n_AwayTeamNatioGeoID":2201,"c_AwayTeamNatio":"Netherlands","c_AwayTeamNatioShort":"NED","n_StadiumGeoID":5067,"c_Stadium":"Philips Stadion","n_CityGeoID":4001,"c_City":"Eindhoven","n_CountryGeoID":2201,"c_Country":"Netherlands","c_CountryShort":"NED","c_Score":"1-0 (0-0) ","c_ScoreSuffix":null,"n_HomeGoals":1,"n_AwayGoals":0,"n_HomeGoalsHalftime":0,"n_AwayGoalsHalftime":0,"n_HomeGoals90mins":null,"n_AwayGoals90mins":null,"n_HomeGoals105mins":null,"n_AwayGoals105mins":null,"n_HomeGoalsShootout":null,"n_AwayGoalsShootout":null,"n_MatchStatusCode":128,"c_MatchStatus":null,"c_MatchStatusShort":null,"n_RefereeID":422,"c_Referee":"John Blankenstein","n_RefereeNatioGeoID":2201,"c_RefereeNatio":"Netherlands","c_RefereeNatioShort":"NED","n_Spectators":27500,"n_KnockoutPhaseID":null,"n_Leg":null,"c_ScoreFirstLeg":null,"n_WinnerOnAggregateTeamID":null},{"n_CompetitionID":2,"n_CompetitionLevel":1,"c_Competition":"Eredivisie","c_CompetitionShort":"Ere","n_CompetitionNatioGeoID":2201,"c_CompetitionNatio":"Netherlands","c_CompetitionNatioShort":"NED","n_EditionID":10,"c_Season":"1985\/1986","n_MatchID":3080,"d_Date":"\/Date(511311600000+0100)\/","d_DateLocal":"\/Date(511311600000+0100)\/","d_DateUTC":"\/Date(511311600000+0100)\/","n_RoundNr":22,"n_PhaseID":11,"n_PhaseLevel":1,"c_Phase":"Regular","c_PhaseShort":null,"n_HomeTeamID":11,"c_HomeTeam":"PSV","c_HomeTeamShort":"PSV","n_HomeTeamNatioGeoID":2201,"c_HomeTeamNatio":"Netherlands","c_HomeTeamNatioShort":"NED","n_AwayTeamID":2,"c_AwayTeam":"Ajax","c_AwayTeamShort":"AJA","n_AwayTeamNatioGeoID":2201,"c_AwayTeamNatio":"Netherlands","c_AwayTeamNatioShort":"NED","n_StadiumGeoID":5067,"c_Stadium":"Philips Stadion","n_CityGeoID":4001,"c_City":"Eindhoven","n_CountryGeoID":2201,"c_Country":"Netherlands","c_CountryShort":"NED","c_Score":"1-1 (1-0) ","c_ScoreSuffix":null,"n_HomeGoals":1,"n_AwayGoals":1,"n_HomeGoalsHalftime":1,"n_AwayGoalsHalftime":0,"n_HomeGoals90mins":null,"n_AwayGoals90mins":null,"n_HomeGoals105mins":null,"n_AwayGoals105mins":null,"n_HomeGoalsShootout":null,"n_AwayGoalsShootout":null,"n_MatchStatusCode":192,"c_MatchStatus":"Full time","c_MatchStatusShort":"FT","n_RefereeID":22097,"c_Referee":"Jan Keizer","n_RefereeNatioGeoID":2201,"c_RefereeNatio":"Netherlands","c_RefereeNatioShort":"NED","n_Spectators":27000,"n_KnockoutPhaseID":null,"n_Leg":null,"c_ScoreFirstLeg":null,"n_WinnerOnAggregateTeamID":null},{"n_CompetitionID":2,"n_CompetitionLevel":1,"c_Competition":"Eredivisie","c_CompetitionShort":"Ere","n_CompetitionNatioGeoID":2201,"c_CompetitionNatio":"Netherlands","c_CompetitionNatioShort":"NED","n_EditionID":11,"c_Season":"1984\/1985","n_MatchID":3387,"d_Date":"\/Date(486511200000+0200)\/","d_DateLocal":"\/Date(486511200000+0200)\/","d_DateUTC":"\/Date(486511200000+0200)\/","n_RoundNr":34,"n_PhaseID":12,"n_PhaseLevel":1,"c_Phase":"Regular","c_PhaseShort":null,"n_HomeTeamID":11,"c_HomeTeam":"PSV","c_HomeTeamShort":"PSV","n_HomeTeamNatioGeoID":2201,"c_HomeTeamNatio":"Netherlands","c_HomeTeamNatioShort":"NED","n_AwayTeamID":2,"c_AwayTeam":"Ajax","c_AwayTeamShort":"AJA","n_AwayTeamNatioGeoID":2201,"c_AwayTeamNatio":"Netherlands","c_AwayTeamNatioShort":"NED","n_StadiumGeoID":5067,"c_Stadium":"Philips Stadion","n_CityGeoID":4001,"c_City":"Eindhoven","n_CountryGeoID":2201,"c_Country":"Netherlands","c_CountryShort":"NED","c_Score":"4-0 (3-0) ","c_ScoreSuffix":null,"n_HomeGoals":4,"n_AwayGoals":0,"n_HomeGoalsHalftime":3,"n_AwayGoalsHalftime":0,"n_HomeGoals90mins":null,"n_AwayGoals90mins":null,"n_HomeGoals105mins":null,"n_AwayGoals105mins":null,"n_HomeGoalsShootout":null,"n_AwayGoalsShootout":null,"n_MatchStatusCode":192,"c_MatchStatus":"Full time","c_MatchStatusShort":"FT","n_RefereeID":22115,"c_Referee":"Piet Bosman","n_RefereeNatioGeoID":2201,"c_RefereeNatio":"Netherlands","c_RefereeNatioShort":"NED","n_Spectators":14000,"n_KnockoutPhaseID":null,"n_Leg":null,"c_ScoreFirstLeg":null,"n_WinnerOnAggregateTeamID":null},{"n_CompetitionID":2,"n_CompetitionLevel":1,"c_Competition":"Eredivisie","c_CompetitionShort":"Ere","n_CompetitionNatioGeoID":2201,"c_CompetitionNatio":"Netherlands","c_CompetitionNatioShort":"NED","n_EditionID":12,"c_Season":"1983\/1984","n_MatchID":3659,"d_Date":"\/Date(436834800000+0100)\/","d_DateLocal":"\/Date(436834800000+0100)\/","d_DateUTC":"\/Date(436834800000+0100)\/","n_RoundNr":13,"n_PhaseID":13,"n_PhaseLevel":1,"c_Phase":"Regular","c_PhaseShort":null,"n_HomeTeamID":11,"c_HomeTeam":"PSV","c_HomeTeamShort":"PSV","n_HomeTeamNatioGeoID":2201,"c_HomeTeamNatio":"Netherlands","c_HomeTeamNatioShort":"NED","n_AwayTeamID":2,"c_AwayTeam":"Ajax","c_AwayTeamShort":"AJA","n_AwayTeamNatioGeoID":2201,"c_AwayTeamNatio":"Netherlands","c_AwayTeamNatioShort":"NED","n_StadiumGeoID":5067,"c_Stadium":"Philips Stadion","n_CityGeoID":4001,"c_City":"Eindhoven","n_CountryGeoID":2201,"c_Country":"Netherlands","c_CountryShort":"NED","c_Score":"1-0 (0-0) ","c_ScoreSuffix":null,"n_HomeGoals":1,"n_AwayGoals":0,"n_HomeGoalsHalftime":0,"n_AwayGoalsHalftime":0,"n_HomeGoals90mins":null,"n_AwayGoals90mins":null,"n_HomeGoals105mins":null,"n_AwayGoals105mins":null,"n_HomeGoalsShootout":null,"n_AwayGoalsShootout":null,"n_MatchStatusCode":192,"c_MatchStatus":"Full time","c_MatchStatusShort":"FT","n_RefereeID":22115,"c_Referee":"Piet Bosman","n_RefereeNatioGeoID":2201,"c_RefereeNatio":"Netherlands","c_RefereeNatioShort":"NED","n_Spectators":27000,"n_KnockoutPhaseID":null,"n_Leg":null,"c_ScoreFirstLeg":null,"n_WinnerOnAggregateTeamID":null},{"n_CompetitionID":2,"n_CompetitionLevel":1,"c_Competition":"Eredivisie","c_CompetitionShort":"Ere","n_CompetitionNatioGeoID":2201,"c_CompetitionNatio":"Netherlands","c_CompetitionNatioShort":"NED","n_EditionID":13,"c_Season":"1982\/1983","n_MatchID":3996,"d_Date":"\/Date(402962400000+0200)\/","d_DateLocal":"\/Date(402962400000+0200)\/","d_DateUTC":"\/Date(402962400000+0200)\/","n_RoundNr":7,"n_PhaseID":14,"n_PhaseLevel":1,"c_Phase":"Regular","c_PhaseShort":null,"n_HomeTeamID":11,"c_HomeTeam":"PSV","c_HomeTeamShort":"PSV","n_HomeTeamNatioGeoID":2201,"c_HomeTeamNatio":"Netherlands","c_HomeTeamNatioShort":"NED","n_AwayTeamID":2,"c_AwayTeam":"Ajax","c_AwayTeamShort":"AJA","n_AwayTeamNatioGeoID":2201,"c_AwayTeamNatio":"Netherlands","c_AwayTeamNatioShort":"NED","n_StadiumGeoID":5067,"c_Stadium":"Philips Stadion","n_CityGeoID":4001,"c_City":"Eindhoven","n_CountryGeoID":2201,"c_Country":"Netherlands","c_CountryShort":"NED","c_Score":"4-0 (0-0) ","c_ScoreSuffix":null,"n_HomeGoals":4,"n_AwayGoals":0,"n_HomeGoalsHalftime":0,"n_AwayGoalsHalftime":0,"n_HomeGoals90mins":null,"n_AwayGoals90mins":null,"n_HomeGoals105mins":null,"n_AwayGoals105mins":null,"n_HomeGoalsShootout":null,"n_AwayGoalsShootout":null,"n_MatchStatusCode":192,"c_MatchStatus":"Full time","c_MatchStatusShort":"FT","n_RefereeID":22090,"c_Referee":"Henk van Ettekoven","n_RefereeNatioGeoID":2201,"c_RefereeNatio":"Netherlands","c_RefereeNatioShort":"NED","n_Spectators":28000,"n_KnockoutPhaseID":null,"n_Leg":null,"c_ScoreFirstLeg":null,"n_WinnerOnAggregateTeamID":null},{"n_CompetitionID":2,"n_CompetitionLevel":1,"c_Competition":"Eredivisie","c_CompetitionShort":"Ere","n_CompetitionNatioGeoID":2201,"c_CompetitionNatio":"Netherlands","c_CompetitionNatioShort":"NED","n_EditionID":14,"c_Season":"1981\/1982","n_MatchID":11868,"d_Date":"\/Date(372722400000+0200)\/","d_DateLocal":"\/Date(372722400000+0200)\/","d_DateUTC":"\/Date(372722400000+0200)\/","n_RoundNr":11,"n_PhaseID":15,"n_PhaseLevel":1,"c_Phase":"Regular","c_PhaseShort":null,"n_HomeTeamID":11,"c_HomeTeam":"PSV","c_HomeTeamShort":"PSV","n_HomeTeamNatioGeoID":2201,"c_HomeTeamNatio":"Netherlands","c_HomeTeamNatioShort":"NED","n_AwayTeamID":2,"c_AwayTeam":"Ajax","c_AwayTeamShort":"AJA","n_AwayTeamNatioGeoID":2201,"c_AwayTeamNatio":"Netherlands","c_AwayTeamNatioShort":"NED","n_StadiumGeoID":5067,"c_Stadium":"Philips Stadion","n_CityGeoID":4001,"c_City":"Eindhoven","n_CountryGeoID":2201,"c_Country":"Netherlands","c_CountryShort":"NED","c_Score":"3-0 (0-0) ","c_ScoreSuffix":null,"n_HomeGoals":3,"n_AwayGoals":0,"n_HomeGoalsHalftime":0,"n_AwayGoalsHalftime":0,"n_HomeGoals90mins":null,"n_AwayGoals90mins":null,"n_HomeGoals105mins":null,"n_AwayGoals105mins":null,"n_HomeGoalsShootout":null,"n_AwayGoalsShootout":null,"n_MatchStatusCode":192,"c_MatchStatus":"Full time","c_MatchStatusShort":"FT","n_RefereeID":22090,"c_Referee":"Henk van Ettekoven","n_RefereeNatioGeoID":2201,"c_RefereeNatio":"Netherlands","c_RefereeNatioShort":"NED","n_Spectators":26000,"n_KnockoutPhaseID":null,"n_Leg":null,"c_ScoreFirstLeg":null,"n_WinnerOnAggregateTeamID":null},{"n_CompetitionID":2,"n_CompetitionLevel":1,"c_Competition":"Eredivisie","c_CompetitionShort":"Ere","n_CompetitionNatioGeoID":2201,"c_CompetitionNatio":"Netherlands","c_CompetitionNatioShort":"NED","n_EditionID":15,"c_Season":"1980\/1981","n_MatchID":10934,"d_Date":"\/Date(352767600000+0100)\/","d_DateLocal":"\/Date(352767600000+0100)\/","d_DateUTC":"\/Date(352767600000+0100)\/","n_RoundNr":22,"n_PhaseID":16,"n_PhaseLevel":1,"c_Phase":"Regular","c_PhaseShort":null,"n_HomeTeamID":11,"c_HomeTeam":"PSV","c_HomeTeamShort":"PSV","n_HomeTeamNatioGeoID":2201,"c_HomeTeamNatio":"Netherlands","c_HomeTeamNatioShort":"NED","n_AwayTeamID":2,"c_AwayTeam":"Ajax","c_AwayTeamShort":"AJA","n_AwayTeamNatioGeoID":2201,"c_AwayTeamNatio":"Netherlands","c_AwayTeamNatioShort":"NED","n_StadiumGeoID":5067,"c_Stadium":"Philips Stadion","n_CityGeoID":4001,"c_City":"Eindhoven","n_CountryGeoID":2201,"c_Country":"Netherlands","c_CountryShort":"NED","c_Score":"3-1 (1-0) ","c_ScoreSuffix":null,"n_HomeGoals":3,"n_AwayGoals":1,"n_HomeGoalsHalftime":1,"n_AwayGoalsHalftime":0,"n_HomeGoals90mins":null,"n_AwayGoals90mins":null,"n_HomeGoals105mins":null,"n_AwayGoals105mins":null,"n_HomeGoalsShootout":null,"n_AwayGoalsShootout":null,"n_MatchStatusCode":192,"c_MatchStatus":"Full time","c_MatchStatusShort":"FT","n_RefereeID":22090,"c_Referee":"Henk van Ettekoven","n_RefereeNatioGeoID":2201,"c_RefereeNatio":"Netherlands","c_RefereeNatioShort":"NED","n_Spectators":26000,"n_KnockoutPhaseID":null,"n_Leg":null,"c_ScoreFirstLeg":null,"n_WinnerOnAggregateTeamID":null},{"n_CompetitionID":2,"n_CompetitionLevel":1,"c_Competition":"Eredivisie","c_CompetitionShort":"Ere","n_CompetitionNatioGeoID":2201,"c_CompetitionNatio":"Netherlands","c_CompetitionNatioShort":"NED","n_EditionID":16,"c_Season":"1979\/1980","n_MatchID":4285,"d_Date":"\/Date(324338400000+0200)\/","d_DateLocal":"\/Date(324338400000+0200)\/","d_DateUTC":"\/Date(324338400000+0200)\/","n_RoundNr":30,"n_PhaseID":17,"n_PhaseLevel":1,"c_Phase":"Regular","c_PhaseShort":null,"n_HomeTeamID":11,"c_HomeTeam":"PSV","c_HomeTeamShort":"PSV","n_HomeTeamNatioGeoID":2201,"c_HomeTeamNatio":"Netherlands","c_HomeTeamNatioShort":"NED","n_AwayTeamID":2,"c_AwayTeam":"Ajax","c_AwayTeamShort":"AJA","n_AwayTeamNatioGeoID":2201,"c_AwayTeamNatio":"Netherlands","c_AwayTeamNatioShort":"NED","n_StadiumGeoID":5067,"c_Stadium":"Philips Stadion","n_CityGeoID":4001,"c_City":"Eindhoven","n_CountryGeoID":2201,"c_Country":"Netherlands","c_CountryShort":"NED","c_Score":"1-1 (0-1) ","c_ScoreSuffix":null,"n_HomeGoals":1,"n_AwayGoals":1,"n_HomeGoalsHalftime":0,"n_AwayGoalsHalftime":1,"n_HomeGoals90mins":null,"n_AwayGoals90mins":null,"n_HomeGoals105mins":null,"n_AwayGoals105mins":null,"n_HomeGoalsShootout":null,"n_AwayGoalsShootout":null,"n_MatchStatusCode":192,"c_MatchStatus":"Full time","c_MatchStatusShort":"FT","n_RefereeID":22090,"c_Referee":"Henk van Ettekoven","n_RefereeNatioGeoID":2201,"c_RefereeNatio":"Netherlands","c_RefereeNatioShort":"NED","n_Spectators":28000,"n_KnockoutPhaseID":null,"n_Leg":null,"c_ScoreFirstLeg":null,"n_WinnerOnAggregateTeamID":null},{"n_CompetitionID":2,"n_CompetitionLevel":1,"c_Competition":"Eredivisie","c_CompetitionShort":"Ere","n_CompetitionNatioGeoID":2201,"c_CompetitionNatio":"Netherlands","c_CompetitionNatioShort":"NED","n_EditionID":17,"c_Season":"1978\/1979","n_MatchID":4574,"d_Date":"\/Date(290473200000+0100)\/","d_DateLocal":"\/Date(290473200000+0100)\/","d_DateUTC":"\/Date(290473200000+0100)\/","n_RoundNr":22,"n_PhaseID":18,"n_PhaseLevel":1,"c_Phase":"Regular","c_PhaseShort":null,"n_HomeTeamID":11,"c_HomeTeam":"PSV","c_HomeTeamShort":"PSV","n_HomeTeamNatioGeoID":2201,"c_HomeTeamNatio":"Netherlands","c_HomeTeamNatioShort":"NED","n_AwayTeamID":2,"c_AwayTeam":"Ajax","c_AwayTeamShort":"AJA","n_AwayTeamNatioGeoID":2201,"c_AwayTeamNatio":"Netherlands","c_AwayTeamNatioShort":"NED","n_StadiumGeoID":5067,"c_Stadium":"Philips Stadion","n_CityGeoID":4001,"c_City":"Eindhoven","n_CountryGeoID":2201,"c_Country":"Netherlands","c_CountryShort":"NED","c_Score":"3-1 (1-0) ","c_ScoreSuffix":null,"n_HomeGoals":3,"n_AwayGoals":1,"n_HomeGoalsHalftime":1,"n_AwayGoalsHalftime":0,"n_HomeGoals90mins":null,"n_AwayGoals90mins":null,"n_HomeGoals105mins":null,"n_AwayGoals105mins":null,"n_HomeGoalsShootout":null,"n_AwayGoalsShootout":null,"n_MatchStatusCode":192,"c_MatchStatus":"Full time","c_MatchStatusShort":"FT","n_RefereeID":22090,"c_Referee":"Henk van Ettekoven","n_RefereeNatioGeoID":2201,"c_RefereeNatio":"Netherlands","c_RefereeNatioShort":"NED","n_Spectators":27000,"n_KnockoutPhaseID":null,"n_Leg":null,"c_ScoreFirstLeg":null,"n_WinnerOnAggregateTeamID":null},{"n_CompetitionID":2,"n_CompetitionLevel":1,"c_Competition":"Eredivisie","c_CompetitionShort":"Ere","n_CompetitionNatioGeoID":2201,"c_CompetitionNatio":"Netherlands","c_CompetitionNatioShort":"NED","n_EditionID":18,"c_Season":"1977\/1978","n_MatchID":5173,"d_Date":"\/Date(262130400000+0200)\/","d_DateLocal":"\/Date(262130400000+0200)\/","d_DateUTC":"\/Date(262130400000+0200)\/","n_RoundNr":33,"n_PhaseID":19,"n_PhaseLevel":1,"c_Phase":"Regular","c_PhaseShort":null,"n_HomeTeamID":11,"c_HomeTeam":"PSV","c_HomeTeamShort":"PSV","n_HomeTeamNatioGeoID":2201,"c_HomeTeamNatio":"Netherlands","c_HomeTeamNatioShort":"NED","n_AwayTeamID":2,"c_AwayTeam":"Ajax","c_AwayTeamShort":"AJA","n_AwayTeamNatioGeoID":2201,"c_AwayTeamNatio":"Netherlands","c_AwayTeamNatioShort":"NED","n_StadiumGeoID":5067,"c_Stadium":"Philips Stadion","n_CityGeoID":4001,"c_City":"Eindhoven","n_CountryGeoID":2201,"c_Country":"Netherlands","c_CountryShort":"NED","c_Score":"2-3 (0-1) ","c_ScoreSuffix":null,"n_HomeGoals":2,"n_AwayGoals":3,"n_HomeGoalsHalftime":0,"n_AwayGoalsHalftime":1,"n_HomeGoals90mins":null,"n_AwayGoals90mins":null,"n_HomeGoals105mins":null,"n_AwayGoals105mins":null,"n_HomeGoalsShootout":null,"n_AwayGoalsShootout":null,"n_MatchStatusCode":192,"c_MatchStatus":"Full time","c_MatchStatusShort":"FT","n_RefereeID":22090,"c_Referee":"Henk van Ettekoven","n_RefereeNatioGeoID":2201,"c_RefereeNatio":"Netherlands","c_RefereeNatioShort":"NED","n_Spectators":22000,"n_KnockoutPhaseID":null,"n_Leg":null,"c_ScoreFirstLeg":null,"n_WinnerOnAggregateTeamID":null},{"n_CompetitionID":2,"n_CompetitionLevel":1,"c_Competition":"Eredivisie","c_CompetitionShort":"Ere","n_CompetitionNatioGeoID":2201,"c_CompetitionNatio":"Netherlands","c_CompetitionNatioShort":"NED","n_EditionID":19,"c_Season":"1976\/1977","n_MatchID":5513,"d_Date":"\/Date(223340400000+0100)\/","d_DateLocal":"\/Date(223340400000+0100)\/","d_DateUTC":"\/Date(223340400000+0100)\/","n_RoundNr":21,"n_PhaseID":20,"n_PhaseLevel":1,"c_Phase":"Regular","c_PhaseShort":null,"n_HomeTeamID":11,"c_HomeTeam":"PSV","c_HomeTeamShort":"PSV","n_HomeTeamNatioGeoID":2201,"c_HomeTeamNatio":"Netherlands","c_HomeTeamNatioShort":"NED","n_AwayTeamID":2,"c_AwayTeam":"Ajax","c_AwayTeamShort":"AJA","n_AwayTeamNatioGeoID":2201,"c_AwayTeamNatio":"Netherlands","c_AwayTeamNatioShort":"NED","n_StadiumGeoID":5067,"c_Stadium":"Philips Stadion","n_CityGeoID":4001,"c_City":"Eindhoven","n_CountryGeoID":2201,"c_Country":"Netherlands","c_CountryShort":"NED","c_Score":"3-1 (1-0) ","c_ScoreSuffix":null,"n_HomeGoals":3,"n_AwayGoals":1,"n_HomeGoalsHalftime":1,"n_AwayGoalsHalftime":0,"n_HomeGoals90mins":null,"n_AwayGoals90mins":null,"n_HomeGoals105mins":null,"n_AwayGoals105mins":null,"n_HomeGoalsShootout":null,"n_AwayGoalsShootout":null,"n_MatchStatusCode":128,"c_MatchStatus":"Full time","c_MatchStatusShort":"FT","n_RefereeID":22144,"c_Referee":"Siem Wellinga","n_RefereeNatioGeoID":2201,"c_RefereeNatio":"Netherlands","c_RefereeNatioShort":"NED","n_Spectators":20000,"n_KnockoutPhaseID":null,"n_Leg":null,"c_ScoreFirstLeg":null,"n_WinnerOnAggregateTeamID":null},{"n_CompetitionID":2,"n_CompetitionLevel":1,"c_Competition":"Eredivisie","c_CompetitionShort":"Ere","n_CompetitionNatioGeoID":2201,"c_CompetitionNatio":"Netherlands","c_CompetitionNatioShort":"NED","n_EditionID":20,"c_Season":"1975\/1976","n_MatchID":4918,"d_Date":"\/Date(180396000000+0200)\/","d_DateLocal":"\/Date(180396000000+0200)\/","d_DateUTC":"\/Date(180396000000+0200)\/","n_RoundNr":5,"n_PhaseID":21,"n_PhaseLevel":1,"c_Phase":"Regular","c_PhaseShort":null,"n_HomeTeamID":11,"c_HomeTeam":"PSV","c_HomeTeamShort":"PSV","n_HomeTeamNatioGeoID":2201,"c_HomeTeamNatio":"Netherlands","c_HomeTeamNatioShort":"NED","n_AwayTeamID":2,"c_AwayTeam":"Ajax","c_AwayTeamShort":"AJA","n_AwayTeamNatioGeoID":2201,"c_AwayTeamNatio":"Netherlands","c_AwayTeamNatioShort":"NED","n_StadiumGeoID":5067,"c_Stadium":"Philips Stadion","n_CityGeoID":4001,"c_City":"Eindhoven","n_CountryGeoID":2201,"c_Country":"Netherlands","c_CountryShort":"NED","c_Score":"6-2 (3-0) ","c_ScoreSuffix":null,"n_HomeGoals":6,"n_AwayGoals":2,"n_HomeGoalsHalftime":3,"n_AwayGoalsHalftime":0,"n_HomeGoals90mins":null,"n_AwayGoals90mins":null,"n_HomeGoals105mins":null,"n_AwayGoals105mins":null,"n_HomeGoalsShootout":null,"n_AwayGoalsShootout":null,"n_MatchStatusCode":128,"c_MatchStatus":"Full time","c_MatchStatusShort":"FT","n_RefereeID":22146,"c_Referee":"Ben Hoppenbrouwer","n_RefereeNatioGeoID":2201,"c_RefereeNatio":"Netherlands","c_RefereeNatioShort":"NED","n_Spectators":20000,"n_KnockoutPhaseID":null,"n_Leg":null,"c_ScoreFirstLeg":null,"n_WinnerOnAggregateTeamID":null},{"n_CompetitionID":2,"n_CompetitionLevel":1,"c_Competition":"Eredivisie","c_CompetitionShort":"Ere","n_CompetitionNatioGeoID":2201,"c_CompetitionNatio":"Netherlands","c_CompetitionNatioShort":"NED","n_EditionID":21,"c_Season":"1974\/1975","n_MatchID":6125,"d_Date":"\/Date(156294000000+0100)\/","d_DateLocal":"\/Date(156294000000+0100)\/","d_DateUTC":"\/Date(156294000000+0100)\/","n_RoundNr":null,"n_PhaseID":22,"n_PhaseLevel":1,"c_Phase":"Regular","c_PhaseShort":null,"n_HomeTeamID":11,"c_HomeTeam":"PSV","c_HomeTeamShort":"PSV","n_HomeTeamNatioGeoID":2201,"c_HomeTeamNatio":"Netherlands","c_HomeTeamNatioShort":"NED","n_AwayTeamID":2,"c_AwayTeam":"Ajax","c_AwayTeamShort":"AJA","n_AwayTeamNatioGeoID":2201,"c_AwayTeamNatio":"Netherlands","c_AwayTeamNatioShort":"NED","n_StadiumGeoID":5067,"c_Stadium":"Philips Stadion","n_CityGeoID":4001,"c_City":"Eindhoven","n_CountryGeoID":2201,"c_Country":"Netherlands","c_CountryShort":"NED","c_Score":"1-1 (1-1) ","c_ScoreSuffix":null,"n_HomeGoals":1,"n_AwayGoals":1,"n_HomeGoalsHalftime":1,"n_AwayGoalsHalftime":1,"n_HomeGoals90mins":null,"n_AwayGoals90mins":null,"n_HomeGoals105mins":null,"n_AwayGoals105mins":null,"n_HomeGoalsShootout":null,"n_AwayGoalsShootout":null,"n_MatchStatusCode":128,"c_MatchStatus":"Full time","c_MatchStatusShort":"FT","n_RefereeID":22122,"c_Referee":"Charles Corver","n_RefereeNatioGeoID":2201,"c_RefereeNatio":"Netherlands","c_RefereeNatioShort":"NED","n_Spectators":20500,"n_KnockoutPhaseID":null,"n_Leg":null,"c_ScoreFirstLeg":null,"n_WinnerOnAggregateTeamID":null},{"n_CompetitionID":2,"n_CompetitionLevel":1,"c_Competition":"Eredivisie","c_CompetitionShort":"Ere","n_CompetitionNatioGeoID":2201,"c_CompetitionNatio":"Netherlands","c_CompetitionNatioShort":"NED","n_EditionID":22,"c_Season":"1973\/1974","n_MatchID":6447,"d_Date":"\/Date(133225200000+0100)\/","d_DateLocal":"\/Date(133225200000+0100)\/","d_DateUTC":"\/Date(133225200000+0100)\/","n_RoundNr":null,"n_PhaseID":23,"n_PhaseLevel":1,"c_Phase":"Regular","c_PhaseShort":null,"n_HomeTeamID":11,"c_HomeTeam":"PSV","c_HomeTeamShort":"PSV","n_HomeTeamNatioGeoID":2201,"c_HomeTeamNatio":"Netherlands","c_HomeTeamNatioShort":"NED","n_AwayTeamID":2,"c_AwayTeam":"Ajax","c_AwayTeamShort":"AJA","n_AwayTeamNatioGeoID":2201,"c_AwayTeamNatio":"Netherlands","c_AwayTeamNatioShort":"NED","n_StadiumGeoID":5066,"c_Stadium":"Philips Sportpark","n_CityGeoID":4001,"c_City":"Eindhoven","n_CountryGeoID":2201,"c_Country":"Netherlands","c_CountryShort":"NED","c_Score":"3-1 ","c_ScoreSuffix":null,"n_HomeGoals":3,"n_AwayGoals":1,"n_HomeGoalsHalftime":null,"n_AwayGoalsHalftime":null,"n_HomeGoals90mins":null,"n_AwayGoals90mins":null,"n_HomeGoals105mins":null,"n_AwayGoals105mins":null,"n_HomeGoalsShootout":null,"n_AwayGoalsShootout":null,"n_MatchStatusCode":128,"c_MatchStatus":"Full time","c_MatchStatusShort":"FT","n_RefereeID":381261,"c_Referee":"Theo Boosten","n_RefereeNatioGeoID":2201,"c_RefereeNatio":"Netherlands","c_RefereeNatioShort":"NED","n_Spectators":18500,"n_KnockoutPhaseID":null,"n_Leg":null,"c_ScoreFirstLeg":null,"n_WinnerOnAggregateTeamID":null},{"n_CompetitionID":2,"n_CompetitionLevel":1,"c_Competition":"Eredivisie","c_CompetitionShort":"Ere","n_CompetitionNatioGeoID":2201,"c_CompetitionNatio":"Netherlands","c_CompetitionNatioShort":"NED","n_EditionID":23,"c_Season":"1972\/1973","n_MatchID":6770,"d_Date":"\/Date(84232800000+0200)\/","d_DateLocal":"\/Date(84232800000+0200)\/","d_DateUTC":"\/Date(84232800000+0200)\/","n_RoundNr":null,"n_PhaseID":24,"n_PhaseLevel":1,"c_Phase":"Regular","c_PhaseShort":null,"n_HomeTeamID":11,"c_HomeTeam":"PSV","c_HomeTeamShort":"PSV","n_HomeTeamNatioGeoID":2201,"c_HomeTeamNatio":"Netherlands","c_HomeTeamNatioShort":"NED","n_AwayTeamID":2,"c_AwayTeam":"Ajax","c_AwayTeamShort":"AJA","n_AwayTeamNatioGeoID":2201,"c_AwayTeamNatio":"Netherlands","c_AwayTeamNatioShort":"NED","n_StadiumGeoID":5066,"c_Stadium":"Philips Sportpark","n_CityGeoID":4001,"c_City":"Eindhoven","n_CountryGeoID":2201,"c_Country":"Netherlands","c_CountryShort":"NED","c_Score":"0-3 ","c_ScoreSuffix":null,"n_HomeGoals":0,"n_AwayGoals":3,"n_HomeGoalsHalftime":null,"n_AwayGoalsHalftime":null,"n_HomeGoals90mins":null,"n_AwayGoals90mins":null,"n_HomeGoals105mins":null,"n_AwayGoals105mins":null,"n_HomeGoalsShootout":null,"n_AwayGoalsShootout":null,"n_MatchStatusCode":128,"c_MatchStatus":"Full time","c_MatchStatusShort":"FT","n_RefereeID":550922,"c_Referee":"Joop Vervoort","n_RefereeNatioGeoID":2201,"c_RefereeNatio":"Netherlands","c_RefereeNatioShort":"NED","n_Spectators":0,"n_KnockoutPhaseID":null,"n_Leg":null,"c_ScoreFirstLeg":null,"n_WinnerOnAggregateTeamID":null},{"n_CompetitionID":2,"n_CompetitionLevel":1,"c_Competition":"Eredivisie","c_CompetitionShort":"Ere","n_CompetitionNatioGeoID":2201,"c_CompetitionNatio":"Netherlands","c_CompetitionNatioShort":"NED","n_EditionID":24,"c_Season":"1971\/1972","n_MatchID":7042,"d_Date":"\/Date(54597600000+0200)\/","d_DateLocal":"\/Date(54597600000+0200)\/","d_DateUTC":"\/Date(54597600000+0200)\/","n_RoundNr":null,"n_PhaseID":25,"n_PhaseLevel":1,"c_Phase":"Regular","c_PhaseShort":null,"n_HomeTeamID":11,"c_HomeTeam":"PSV","c_HomeTeamShort":"PSV","n_HomeTeamNatioGeoID":2201,"c_HomeTeamNatio":"Netherlands","c_HomeTeamNatioShort":"NED","n_AwayTeamID":2,"c_AwayTeam":"Ajax","c_AwayTeamShort":"AJA","n_AwayTeamNatioGeoID":2201,"c_AwayTeamNatio":"Netherlands","c_AwayTeamNatioShort":"NED","n_StadiumGeoID":5066,"c_Stadium":"Philips Sportpark","n_CityGeoID":4001,"c_City":"Eindhoven","n_CountryGeoID":2201,"c_Country":"Netherlands","c_CountryShort":"NED","c_Score":"1-1 ","c_ScoreSuffix":null,"n_HomeGoals":1,"n_AwayGoals":1,"n_HomeGoalsHalftime":null,"n_AwayGoalsHalftime":null,"n_HomeGoals90mins":null,"n_AwayGoals90mins":null,"n_HomeGoals105mins":null,"n_AwayGoals105mins":null,"n_HomeGoalsShootout":null,"n_AwayGoalsShootout":null,"n_MatchStatusCode":128,"c_MatchStatus":"Full time","c_MatchStatusShort":"FT","n_RefereeID":0,"c_Referee":null,"n_RefereeNatioGeoID":0,"c_RefereeNatio":null,"c_RefereeNatioShort":null,"n_Spectators":0,"n_KnockoutPhaseID":null,"n_Leg":null,"c_ScoreFirstLeg":null,"n_WinnerOnAggregateTeamID":null},{"n_CompetitionID":2,"n_CompetitionLevel":1,"c_Competition":"Eredivisie","c_CompetitionShort":"Ere","n_CompetitionNatioGeoID":2201,"c_CompetitionNatio":"Netherlands","c_CompetitionNatioShort":"NED","n_EditionID":25,"c_Season":"1970\/1971","n_MatchID":7366,"d_Date":"\/Date(40773600000+0200)\/","d_DateLocal":"\/Date(40773600000+0200)\/","d_DateUTC":"\/Date(40773600000+0200)\/","n_RoundNr":1,"n_PhaseID":26,"n_PhaseLevel":1,"c_Phase":"Regular","c_PhaseShort":null,"n_HomeTeamID":11,"c_HomeTeam":"PSV","c_HomeTeamShort":"PSV","n_HomeTeamNatioGeoID":2201,"c_HomeTeamNatio":"Netherlands","c_HomeTeamNatioShort":"NED","n_AwayTeamID":2,"c_AwayTeam":"Ajax","c_AwayTeamShort":"AJA","n_AwayTeamNatioGeoID":2201,"c_AwayTeamNatio":"Netherlands","c_AwayTeamNatioShort":"NED","n_StadiumGeoID":5066,"c_Stadium":"Philips Sportpark","n_CityGeoID":4001,"c_City":"Eindhoven","n_CountryGeoID":2201,"c_Country":"Netherlands","c_CountryShort":"NED","c_Score":"0-3 ","c_ScoreSuffix":null,"n_HomeGoals":0,"n_AwayGoals":3,"n_HomeGoalsHalftime":null,"n_AwayGoalsHalftime":null,"n_HomeGoals90mins":null,"n_AwayGoals90mins":null,"n_HomeGoals105mins":null,"n_AwayGoals105mins":null,"n_HomeGoalsShootout":null,"n_AwayGoalsShootout":null,"n_MatchStatusCode":128,"c_MatchStatus":"Full time","c_MatchStatusShort":"FT","n_RefereeID":0,"c_Referee":null,"n_RefereeNatioGeoID":0,"c_RefereeNatio":null,"c_RefereeNatioShort":null,"n_Spectators":0,"n_KnockoutPhaseID":null,"n_Leg":null,"c_ScoreFirstLeg":null,"n_WinnerOnAggregateTeamID":null},{"n_CompetitionID":2,"n_CompetitionLevel":1,"c_Competition":"Eredivisie","c_CompetitionShort":"Ere","n_CompetitionNatioGeoID":2201,"c_CompetitionNatio":"Netherlands","c_CompetitionNatioShort":"NED","n_EditionID":26,"c_Season":"1969\/1970","n_MatchID":7995,"d_Date":"\/Date(7596000000+0200)\/","d_DateLocal":"\/Date(7596000000+0200)\/","d_DateUTC":"\/Date(7596000000+0200)\/","n_RoundNr":1,"n_PhaseID":27,"n_PhaseLevel":1,"c_Phase":"Regular","c_PhaseShort":null,"n_HomeTeamID":11,"c_HomeTeam":"PSV","c_HomeTeamShort":"PSV","n_HomeTeamNatioGeoID":2201,"c_HomeTeamNatio":"Netherlands","c_HomeTeamNatioShort":"NED","n_AwayTeamID":2,"c_AwayTeam":"Ajax","c_AwayTeamShort":"AJA","n_AwayTeamNatioGeoID":2201,"c_AwayTeamNatio":"Netherlands","c_AwayTeamNatioShort":"NED","n_StadiumGeoID":5066,"c_Stadium":"Philips Sportpark","n_CityGeoID":4001,"c_City":"Eindhoven","n_CountryGeoID":2201,"c_Country":"Netherlands","c_CountryShort":"NED","c_Score":"1-3 ","c_ScoreSuffix":null,"n_HomeGoals":1,"n_AwayGoals":3,"n_HomeGoalsHalftime":null,"n_AwayGoalsHalftime":null,"n_HomeGoals90mins":null,"n_AwayGoals90mins":null,"n_HomeGoals105mins":null,"n_AwayGoals105mins":null,"n_HomeGoalsShootout":null,"n_AwayGoalsShootout":null,"n_MatchStatusCode":128,"c_MatchStatus":"Full time","c_MatchStatusShort":"FT","n_RefereeID":22148,"c_Referee":"Leo van der Kroft","n_RefereeNatioGeoID":2201,"c_RefereeNatio":"Netherlands","c_RefereeNatioShort":"NED","n_Spectators":0,"n_KnockoutPhaseID":null,"n_Leg":null,"c_ScoreFirstLeg":null,"n_WinnerOnAggregateTeamID":null},{"n_CompetitionID":2,"n_CompetitionLevel":1,"c_Competition":"Eredivisie","c_CompetitionShort":"Ere","n_CompetitionNatioGeoID":2201,"c_CompetitionNatio":"Netherlands","c_CompetitionNatioShort":"NED","n_EditionID":27,"c_Season":"1968\/1969","n_MatchID":8310,"d_Date":"\/Date(-33613200000+0100)\/","d_DateLocal":"\/Date(-33613200000+0100)\/","d_DateUTC":"\/Date(-33613200000+0100)\/","n_RoundNr":1,"n_PhaseID":28,"n_PhaseLevel":1,"c_Phase":"Regular","c_PhaseShort":null,"n_HomeTeamID":11,"c_HomeTeam":"PSV","c_HomeTeamShort":"PSV","n_HomeTeamNatioGeoID":2201,"c_HomeTeamNatio":"Netherlands","c_HomeTeamNatioShort":"NED","n_AwayTeamID":2,"c_AwayTeam":"Ajax","c_AwayTeamShort":"AJA","n_AwayTeamNatioGeoID":2201,"c_AwayTeamNatio":"Netherlands","c_AwayTeamNatioShort":"NED","n_StadiumGeoID":5066,"c_Stadium":"Philips Sportpark","n_CityGeoID":4001,"c_City":"Eindhoven","n_CountryGeoID":2201,"c_Country":"Netherlands","c_CountryShort":"NED","c_Score":"0-1 ","c_ScoreSuffix":null,"n_HomeGoals":0,"n_AwayGoals":1,"n_HomeGoalsHalftime":null,"n_AwayGoalsHalftime":null,"n_HomeGoals90mins":null,"n_AwayGoals90mins":null,"n_HomeGoals105mins":null,"n_AwayGoals105mins":null,"n_HomeGoalsShootout":null,"n_AwayGoalsShootout":null,"n_MatchStatusCode":128,"c_MatchStatus":"Full time","c_MatchStatusShort":"FT","n_RefereeID":550922,"c_Referee":"Joop Vervoort","n_RefereeNatioGeoID":2201,"c_RefereeNatio":"Netherlands","c_RefereeNatioShort":"NED","n_Spectators":0,"n_KnockoutPhaseID":null,"n_Leg":null,"c_ScoreFirstLeg":null,"n_WinnerOnAggregateTeamID":null},{"n_CompetitionID":2,"n_CompetitionLevel":1,"c_Competition":"Eredivisie","c_CompetitionShort":"Ere","n_CompetitionNatioGeoID":2201,"c_CompetitionNatio":"Netherlands","c_CompetitionNatioShort":"NED","n_EditionID":28,"c_Season":"1967\/1968","n_MatchID":8582,"d_Date":"\/Date(-69904800000+0200)\/","d_DateLocal":"\/Date(-69904800000+0200)\/","d_DateUTC":"\/Date(-69904800000+0200)\/","n_RoundNr":10,"n_PhaseID":29,"n_PhaseLevel":1,"c_Phase":"Regular","c_PhaseShort":null,"n_HomeTeamID":11,"c_HomeTeam":"PSV","c_HomeTeamShort":"PSV","n_HomeTeamNatioGeoID":2201,"c_HomeTeamNatio":"Netherlands","c_HomeTeamNatioShort":"NED","n_AwayTeamID":2,"c_AwayTeam":"Ajax","c_AwayTeamShort":"AJA","n_AwayTeamNatioGeoID":2201,"c_AwayTeamNatio":"Netherlands","c_AwayTeamNatioShort":"NED","n_StadiumGeoID":5066,"c_Stadium":"Philips Sportpark","n_CityGeoID":4001,"c_City":"Eindhoven","n_CountryGeoID":2201,"c_Country":"Netherlands","c_CountryShort":"NED","c_Score":"1-2 (1-0) ","c_ScoreSuffix":null,"n_HomeGoals":1,"n_AwayGoals":2,"n_HomeGoalsHalftime":1,"n_AwayGoalsHalftime":0,"n_HomeGoals90mins":null,"n_AwayGoals90mins":null,"n_HomeGoals105mins":null,"n_AwayGoals105mins":null,"n_HomeGoalsShootout":null,"n_AwayGoalsShootout":null,"n_MatchStatusCode":128,"c_MatchStatus":"Full time","c_MatchStatusShort":"FT","n_RefereeID":316549,"c_Referee":"Ad Boogaerts","n_RefereeNatioGeoID":2201,"c_RefereeNatio":"Netherlands","c_RefereeNatioShort":"NED","n_Spectators":17500,"n_KnockoutPhaseID":null,"n_Leg":null,"c_ScoreFirstLeg":null,"n_WinnerOnAggregateTeamID":null},{"n_CompetitionID":2,"n_CompetitionLevel":1,"c_Competition":"Eredivisie","c_CompetitionShort":"Ere","n_CompetitionNatioGeoID":2201,"c_CompetitionNatio":"Netherlands","c_CompetitionNatioShort":"NED","n_EditionID":29,"c_Season":"1966\/1967","n_MatchID":9194,"d_Date":"\/Date(-89859600000+0100)\/","d_DateLocal":"\/Date(-89859600000+0100)\/","d_DateUTC":"\/Date(-89859600000+0100)\/","n_RoundNr":25,"n_PhaseID":30,"n_PhaseLevel":1,"c_Phase":"Regular","c_PhaseShort":null,"n_HomeTeamID":11,"c_HomeTeam":"PSV","c_HomeTeamShort":"PSV","n_HomeTeamNatioGeoID":2201,"c_HomeTeamNatio":"Netherlands","c_HomeTeamNatioShort":"NED","n_AwayTeamID":2,"c_AwayTeam":"Ajax","c_AwayTeamShort":"AJA","n_AwayTeamNatioGeoID":2201,"c_AwayTeamNatio":"Netherlands","c_AwayTeamNatioShort":"NED","n_StadiumGeoID":5066,"c_Stadium":"Philips Sportpark","n_CityGeoID":4001,"c_City":"Eindhoven","n_CountryGeoID":2201,"c_Country":"Netherlands","c_CountryShort":"NED","c_Score":"2-1 ","c_ScoreSuffix":null,"n_HomeGoals":2,"n_AwayGoals":1,"n_HomeGoalsHalftime":null,"n_AwayGoalsHalftime":null,"n_HomeGoals90mins":null,"n_AwayGoals90mins":null,"n_HomeGoals105mins":null,"n_AwayGoals105mins":null,"n_HomeGoalsShootout":null,"n_AwayGoalsShootout":null,"n_MatchStatusCode":128,"c_MatchStatus":"Full time","c_MatchStatusShort":"FT","n_RefereeID":102669,"c_Referee":"Laurens van Ravens","n_RefereeNatioGeoID":2201,"c_RefereeNatio":"Netherlands","c_RefereeNatioShort":"NED","n_Spectators":0,"n_KnockoutPhaseID":null,"n_Leg":null,"c_ScoreFirstLeg":null,"n_WinnerOnAggregateTeamID":null},{"n_CompetitionID":2,"n_CompetitionLevel":1,"c_Competition":"Eredivisie","c_CompetitionShort":"Ere","n_CompetitionNatioGeoID":2201,"c_CompetitionNatio":"Netherlands","c_CompetitionNatioShort":"NED","n_EditionID":30,"c_Season":"1965\/1966","n_MatchID":9478,"d_Date":"\/Date(-120704400000+0100)\/","d_DateLocal":"\/Date(-120704400000+0100)\/","d_DateUTC":"\/Date(-120704400000+0100)\/","n_RoundNr":18,"n_PhaseID":31,"n_PhaseLevel":1,"c_Phase":"Regular","c_PhaseShort":null,"n_HomeTeamID":11,"c_HomeTeam":"PSV","c_HomeTeamShort":"PSV","n_HomeTeamNatioGeoID":2201,"c_HomeTeamNatio":"Netherlands","c_HomeTeamNatioShort":"NED","n_AwayTeamID":2,"c_AwayTeam":"Ajax","c_AwayTeamShort":"AJA","n_AwayTeamNatioGeoID":2201,"c_AwayTeamNatio":"Netherlands","c_AwayTeamNatioShort":"NED","n_StadiumGeoID":5066,"c_Stadium":"Philips Sportpark","n_CityGeoID":4001,"c_City":"Eindhoven","n_CountryGeoID":2201,"c_Country":"Netherlands","c_CountryShort":"NED","c_Score":"0-2 ","c_ScoreSuffix":null,"n_HomeGoals":0,"n_AwayGoals":2,"n_HomeGoalsHalftime":null,"n_AwayGoalsHalftime":null,"n_HomeGoals90mins":null,"n_AwayGoals90mins":null,"n_HomeGoals105mins":null,"n_AwayGoals105mins":null,"n_HomeGoalsShootout":null,"n_AwayGoalsShootout":null,"n_MatchStatusCode":128,"c_MatchStatus":"Full time","c_MatchStatusShort":"FT","n_RefereeID":0,"c_Referee":null,"n_RefereeNatioGeoID":0,"c_RefereeNatio":null,"c_RefereeNatioShort":null,"n_Spectators":0,"n_KnockoutPhaseID":null,"n_Leg":null,"c_ScoreFirstLeg":null,"n_WinnerOnAggregateTeamID":null},{"n_CompetitionID":2,"n_CompetitionLevel":1,"c_Competition":"Eredivisie","c_CompetitionShort":"Ere","n_CompetitionNatioGeoID":2201,"c_CompetitionNatio":"Netherlands","c_CompetitionNatioShort":"NED","n_EditionID":31,"c_Season":"1964\/1965","n_MatchID":9733,"d_Date":"\/Date(-149133600000+0200)\/","d_DateLocal":"\/Date(-149133600000+0200)\/","d_DateUTC":"\/Date(-149133600000+0200)\/","n_RoundNr":27,"n_PhaseID":32,"n_PhaseLevel":1,"c_Phase":"Regular","c_PhaseShort":null,"n_HomeTeamID":11,"c_HomeTeam":"PSV","c_HomeTeamShort":"PSV","n_HomeTeamNatioGeoID":2201,"c_HomeTeamNatio":"Netherlands","c_HomeTeamNatioShort":"NED","n_AwayTeamID":2,"c_AwayTeam":"Ajax","c_AwayTeamShort":"AJA","n_AwayTeamNatioGeoID":2201,"c_AwayTeamNatio":"Netherlands","c_AwayTeamNatioShort":"NED","n_StadiumGeoID":5066,"c_Stadium":"Philips Sportpark","n_CityGeoID":4001,"c_City":"Eindhoven","n_CountryGeoID":2201,"c_Country":"Netherlands","c_CountryShort":"NED","c_Score":"3-0 ","c_ScoreSuffix":null,"n_HomeGoals":3,"n_AwayGoals":0,"n_HomeGoalsHalftime":null,"n_AwayGoalsHalftime":null,"n_HomeGoals90mins":null,"n_AwayGoals90mins":null,"n_HomeGoals105mins":null,"n_AwayGoals105mins":null,"n_HomeGoalsShootout":null,"n_AwayGoalsShootout":null,"n_MatchStatusCode":128,"c_MatchStatus":"Full time","c_MatchStatusShort":"FT","n_RefereeID":0,"c_Referee":null,"n_RefereeNatioGeoID":0,"c_RefereeNatio":null,"c_RefereeNatioShort":null,"n_Spectators":0,"n_KnockoutPhaseID":null,"n_Leg":null,"c_ScoreFirstLeg":null,"n_WinnerOnAggregateTeamID":null},{"n_CompetitionID":2,"n_CompetitionLevel":1,"c_Competition":"Eredivisie","c_CompetitionShort":"Ere","n_CompetitionNatioGeoID":2201,"c_CompetitionNatio":"Netherlands","c_CompetitionNatioShort":"NED","n_EditionID":32,"c_Season":"1963\/1964","n_MatchID":9988,"d_Date":"\/Date(-181188000000+0200)\/","d_DateLocal":"\/Date(-181188000000+0200)\/","d_DateUTC":"\/Date(-181188000000+0200)\/","n_RoundNr":24,"n_PhaseID":33,"n_PhaseLevel":1,"c_Phase":"Regular","c_PhaseShort":null,"n_HomeTeamID":11,"c_HomeTeam":"PSV","c_HomeTeamShort":"PSV","n_HomeTeamNatioGeoID":2201,"c_HomeTeamNatio":"Netherlands","c_HomeTeamNatioShort":"NED","n_AwayTeamID":2,"c_AwayTeam":"Ajax","c_AwayTeamShort":"AJA","n_AwayTeamNatioGeoID":2201,"c_AwayTeamNatio":"Netherlands","c_AwayTeamNatioShort":"NED","n_StadiumGeoID":5066,"c_Stadium":"Philips Sportpark","n_CityGeoID":4001,"c_City":"Eindhoven","n_CountryGeoID":2201,"c_Country":"Netherlands","c_CountryShort":"NED","c_Score":"2-0 ","c_ScoreSuffix":null,"n_HomeGoals":2,"n_AwayGoals":0,"n_HomeGoalsHalftime":null,"n_AwayGoalsHalftime":null,"n_HomeGoals90mins":null,"n_AwayGoals90mins":null,"n_HomeGoals105mins":null,"n_AwayGoals105mins":null,"n_HomeGoalsShootout":null,"n_AwayGoalsShootout":null,"n_MatchStatusCode":128,"c_MatchStatus":"Full time","c_MatchStatusShort":"FT","n_RefereeID":0,"c_Referee":null,"n_RefereeNatioGeoID":0,"c_RefereeNatio":null,"c_RefereeNatioShort":null,"n_Spectators":0,"n_KnockoutPhaseID":null,"n_Leg":null,"c_ScoreFirstLeg":null,"n_WinnerOnAggregateTeamID":null},{"n_CompetitionID":2,"n_CompetitionLevel":1,"c_Competition":"Eredivisie","c_CompetitionShort":"Ere","n_CompetitionNatioGeoID":2201,"c_CompetitionNatio":"Netherlands","c_CompetitionNatioShort":"NED","n_EditionID":33,"c_Season":"1962\/1963","n_MatchID":10198,"d_Date":"\/Date(-207194400000+0200)\/","d_DateLocal":"\/Date(-207194400000+0200)\/","d_DateUTC":"\/Date(-207194400000+0200)\/","n_RoundNr":29,"n_PhaseID":34,"n_PhaseLevel":1,"c_Phase":"Regular","c_PhaseShort":null,"n_HomeTeamID":11,"c_HomeTeam":"PSV","c_HomeTeamShort":"PSV","n_HomeTeamNatioGeoID":2201,"c_HomeTeamNatio":"Netherlands","c_HomeTeamNatioShort":"NED","n_AwayTeamID":2,"c_AwayTeam":"Ajax","c_AwayTeamShort":"AJA","n_AwayTeamNatioGeoID":2201,"c_AwayTeamNatio":"Netherlands","c_AwayTeamNatioShort":"NED","n_StadiumGeoID":5066,"c_Stadium":"Philips Sportpark","n_CityGeoID":4001,"c_City":"Eindhoven","n_CountryGeoID":2201,"c_Country":"Netherlands","c_CountryShort":"NED","c_Score":"5-2 ","c_ScoreSuffix":null,"n_HomeGoals":5,"n_AwayGoals":2,"n_HomeGoalsHalftime":null,"n_AwayGoalsHalftime":null,"n_HomeGoals90mins":null,"n_AwayGoals90mins":null,"n_HomeGoals105mins":null,"n_AwayGoals105mins":null,"n_HomeGoalsShootout":null,"n_AwayGoalsShootout":null,"n_MatchStatusCode":128,"c_MatchStatus":"Full time","c_MatchStatusShort":"FT","n_RefereeID":0,"c_Referee":null,"n_RefereeNatioGeoID":0,"c_RefereeNatio":null,"c_RefereeNatioShort":null,"n_Spectators":0,"n_KnockoutPhaseID":null,"n_Leg":null,"c_ScoreFirstLeg":null,"n_WinnerOnAggregateTeamID":null},{"n_CompetitionID":2,"n_CompetitionLevel":1,"c_Competition":"Eredivisie","c_CompetitionShort":"Ere","n_CompetitionNatioGeoID":2201,"c_CompetitionNatio":"Netherlands","c_CompetitionNatioShort":"NED","n_EditionID":34,"c_Season":"1961\/1962","n_MatchID":10629,"d_Date":"\/Date(-256179600000+0100)\/","d_DateLocal":"\/Date(-256179600000+0100)\/","d_DateUTC":"\/Date(-256179600000+0100)\/","n_RoundNr":12,"n_PhaseID":35,"n_PhaseLevel":1,"c_Phase":"Regular","c_PhaseShort":null,"n_HomeTeamID":11,"c_HomeTeam":"PSV","c_HomeTeamShort":"PSV","n_HomeTeamNatioGeoID":2201,"c_HomeTeamNatio":"Netherlands","c_HomeTeamNatioShort":"NED","n_AwayTeamID":2,"c_AwayTeam":"Ajax","c_AwayTeamShort":"AJA","n_AwayTeamNatioGeoID":2201,"c_AwayTeamNatio":"Netherlands","c_AwayTeamNatioShort":"NED","n_StadiumGeoID":5066,"c_Stadium":"Philips Sportpark","n_CityGeoID":4001,"c_City":"Eindhoven","n_CountryGeoID":2201,"c_Country":"Netherlands","c_CountryShort":"NED","c_Score":"2-2 ","c_ScoreSuffix":null,"n_HomeGoals":2,"n_AwayGoals":2,"n_HomeGoalsHalftime":null,"n_AwayGoalsHalftime":null,"n_HomeGoals90mins":null,"n_AwayGoals90mins":null,"n_HomeGoals105mins":null,"n_AwayGoals105mins":null,"n_HomeGoalsShootout":null,"n_AwayGoalsShootout":null,"n_MatchStatusCode":128,"c_MatchStatus":"Full time","c_MatchStatusShort":"FT","n_RefereeID":0,"c_Referee":null,"n_RefereeNatioGeoID":0,"c_RefereeNatio":null,"c_RefereeNatioShort":null,"n_Spectators":0,"n_KnockoutPhaseID":null,"n_Leg":null,"c_ScoreFirstLeg":null,"n_WinnerOnAggregateTeamID":null},{"n_CompetitionID":2,"n_CompetitionLevel":1,"c_Competition":"Eredivisie","c_CompetitionShort":"Ere","n_CompetitionNatioGeoID":2201,"c_CompetitionNatio":"Netherlands","c_CompetitionNatioShort":"NED","n_EditionID":35,"c_Season":"1960\/1961","n_MatchID":11275,"d_Date":"\/Date(-279766800000+0100)\/","d_DateLocal":"\/Date(-279766800000+0100)\/","d_DateUTC":"\/Date(-279766800000+0100)\/","n_RoundNr":19,"n_PhaseID":36,"n_PhaseLevel":1,"c_Phase":"Regular","c_PhaseShort":null,"n_HomeTeamID":11,"c_HomeTeam":"PSV","c_HomeTeamShort":"PSV","n_HomeTeamNatioGeoID":2201,"c_HomeTeamNatio":"Netherlands","c_HomeTeamNatioShort":"NED","n_AwayTeamID":2,"c_AwayTeam":"Ajax","c_AwayTeamShort":"AJA","n_AwayTeamNatioGeoID":2201,"c_AwayTeamNatio":"Netherlands","c_AwayTeamNatioShort":"NED","n_StadiumGeoID":5066,"c_Stadium":"Philips Sportpark","n_CityGeoID":4001,"c_City":"Eindhoven","n_CountryGeoID":2201,"c_Country":"Netherlands","c_CountryShort":"NED","c_Score":"1-3 ","c_ScoreSuffix":null,"n_HomeGoals":1,"n_AwayGoals":3,"n_HomeGoalsHalftime":null,"n_AwayGoalsHalftime":null,"n_HomeGoals90mins":null,"n_AwayGoals90mins":null,"n_HomeGoals105mins":null,"n_AwayGoals105mins":null,"n_HomeGoalsShootout":null,"n_AwayGoalsShootout":null,"n_MatchStatusCode":128,"c_MatchStatus":"Full time","c_MatchStatusShort":"FT","n_RefereeID":0,"c_Referee":null,"n_RefereeNatioGeoID":0,"c_RefereeNatio":null,"c_RefereeNatioShort":null,"n_Spectators":0,"n_KnockoutPhaseID":null,"n_Leg":null,"c_ScoreFirstLeg":null,"n_WinnerOnAggregateTeamID":null},{"n_CompetitionID":2,"n_CompetitionLevel":1,"c_Competition":"Eredivisie","c_CompetitionShort":"Ere","n_CompetitionNatioGeoID":2201,"c_CompetitionNatio":"Netherlands","c_CompetitionNatioShort":"NED","n_EditionID":36,"c_Season":"1959\/1960","n_MatchID":11546,"d_Date":"\/Date(-326340000000+0200)\/","d_DateLocal":"\/Date(-326340000000+0200)\/","d_DateUTC":"\/Date(-326340000000+0200)\/","n_RoundNr":2,"n_PhaseID":37,"n_PhaseLevel":1,"c_Phase":"Regular","c_PhaseShort":null,"n_HomeTeamID":11,"c_HomeTeam":"PSV","c_HomeTeamShort":"PSV","n_HomeTeamNatioGeoID":2201,"c_HomeTeamNatio":"Netherlands","c_HomeTeamNatioShort":"NED","n_AwayTeamID":2,"c_AwayTeam":"Ajax","c_AwayTeamShort":"AJA","n_AwayTeamNatioGeoID":2201,"c_AwayTeamNatio":"Netherlands","c_AwayTeamNatioShort":"NED","n_StadiumGeoID":5066,"c_Stadium":"Philips Sportpark","n_CityGeoID":4001,"c_City":"Eindhoven","n_CountryGeoID":2201,"c_Country":"Netherlands","c_CountryShort":"NED","c_Score":"1-1 (1-0) ","c_ScoreSuffix":null,"n_HomeGoals":1,"n_AwayGoals":1,"n_HomeGoalsHalftime":1,"n_AwayGoalsHalftime":0,"n_HomeGoals90mins":null,"n_AwayGoals90mins":null,"n_HomeGoals105mins":null,"n_AwayGoals105mins":null,"n_HomeGoalsShootout":null,"n_AwayGoalsShootout":null,"n_MatchStatusCode":128,"c_MatchStatus":"Full time","c_MatchStatusShort":"FT","n_RefereeID":120336,"c_Referee":"Andries van Leeuwen","n_RefereeNatioGeoID":2201,"c_RefereeNatio":"Netherlands","c_RefereeNatioShort":"NED","n_Spectators":18000,"n_KnockoutPhaseID":null,"n_Leg":null,"c_ScoreFirstLeg":null,"n_WinnerOnAggregateTeamID":null},{"n_CompetitionID":2,"n_CompetitionLevel":1,"c_Competition":"Eredivisie","c_CompetitionShort":"Ere","n_CompetitionNatioGeoID":2201,"c_CompetitionNatio":"Netherlands","c_CompetitionNatioShort":"NED","n_EditionID":37,"c_Season":"1958\/1959","n_MatchID":8905,"d_Date":"\/Date(-354765600000+0200)\/","d_DateLocal":"\/Date(-354765600000+0200)\/","d_DateUTC":"\/Date(-354765600000+0200)\/","n_RoundNr":6,"n_PhaseID":38,"n_PhaseLevel":1,"c_Phase":"Regular","c_PhaseShort":null,"n_HomeTeamID":11,"c_HomeTeam":"PSV","c_HomeTeamShort":"PSV","n_HomeTeamNatioGeoID":2201,"c_HomeTeamNatio":"Netherlands","c_HomeTeamNatioShort":"NED","n_AwayTeamID":2,"c_AwayTeam":"Ajax","c_AwayTeamShort":"AJA","n_AwayTeamNatioGeoID":2201,"c_AwayTeamNatio":"Netherlands","c_AwayTeamNatioShort":"NED","n_StadiumGeoID":5066,"c_Stadium":"Philips Sportpark","n_CityGeoID":4001,"c_City":"Eindhoven","n_CountryGeoID":2201,"c_Country":"Netherlands","c_CountryShort":"NED","c_Score":"1-1 ","c_ScoreSuffix":null,"n_HomeGoals":1,"n_AwayGoals":1,"n_HomeGoalsHalftime":null,"n_AwayGoalsHalftime":null,"n_HomeGoals90mins":null,"n_AwayGoals90mins":null,"n_HomeGoals105mins":null,"n_AwayGoals105mins":null,"n_HomeGoalsShootout":null,"n_AwayGoalsShootout":null,"n_MatchStatusCode":128,"c_MatchStatus":"Full time","c_MatchStatusShort":"FT","n_RefereeID":0,"c_Referee":null,"n_RefereeNatioGeoID":0,"c_RefereeNatio":null,"c_RefereeNatioShort":null,"n_Spectators":0,"n_KnockoutPhaseID":null,"n_Leg":null,"c_ScoreFirstLeg":null,"n_WinnerOnAggregateTeamID":null},{"n_CompetitionID":2,"n_CompetitionLevel":1,"c_Competition":"Eredivisie","c_CompetitionShort":"Ere","n_CompetitionNatioGeoID":2201,"c_CompetitionNatio":"Netherlands","c_CompetitionNatioShort":"NED","n_EditionID":38,"c_Season":"1957\/1958","n_MatchID":7706,"d_Date":"\/Date(-377139600000+0100)\/","d_DateLocal":"\/Date(-377139600000+0100)\/","d_DateUTC":"\/Date(-377139600000+0100)\/","n_RoundNr":20,"n_PhaseID":39,"n_PhaseLevel":1,"c_Phase":"Regular","c_PhaseShort":null,"n_HomeTeamID":11,"c_HomeTeam":"PSV","c_HomeTeamShort":"PSV","n_HomeTeamNatioGeoID":2201,"c_HomeTeamNatio":"Netherlands","c_HomeTeamNatioShort":"NED","n_AwayTeamID":2,"c_AwayTeam":"Ajax","c_AwayTeamShort":"AJA","n_AwayTeamNatioGeoID":2201,"c_AwayTeamNatio":"Netherlands","c_AwayTeamNatioShort":"NED","n_StadiumGeoID":5066,"c_Stadium":"Philips Sportpark","n_CityGeoID":4001,"c_City":"Eindhoven","n_CountryGeoID":2201,"c_Country":"Netherlands","c_CountryShort":"NED","c_Score":"0-5 ","c_ScoreSuffix":null,"n_HomeGoals":0,"n_AwayGoals":5,"n_HomeGoalsHalftime":null,"n_AwayGoalsHalftime":null,"n_HomeGoals90mins":null,"n_AwayGoals90mins":null,"n_HomeGoals105mins":null,"n_AwayGoals105mins":null,"n_HomeGoalsShootout":null,"n_AwayGoalsShootout":null,"n_MatchStatusCode":128,"c_MatchStatus":"Full time","c_MatchStatusShort":"FT","n_RefereeID":0,"c_Referee":null,"n_RefereeNatioGeoID":0,"c_RefereeNatio":null,"c_RefereeNatioShort":null,"n_Spectators":0,"n_KnockoutPhaseID":null,"n_Leg":null,"c_ScoreFirstLeg":null,"n_WinnerOnAggregateTeamID":null},{"n_CompetitionID":2,"n_CompetitionLevel":1,"c_Competition":"Eredivisie","c_CompetitionShort":"Ere","n_CompetitionNatioGeoID":2201,"c_CompetitionNatio":"Netherlands","c_CompetitionNatioShort":"NED","n_EditionID":39,"c_Season":"1956\/1957","n_MatchID":5853,"d_Date":"\/Date(-412218000000+0100)\/","d_DateLocal":"\/Date(-412218000000+0100)\/","d_DateUTC":"\/Date(-412218000000+0100)\/","n_RoundNr":12,"n_PhaseID":40,"n_PhaseLevel":1,"c_Phase":"Regular","c_PhaseShort":null,"n_HomeTeamID":11,"c_HomeTeam":"PSV","c_HomeTeamShort":"PSV","n_HomeTeamNatioGeoID":2201,"c_HomeTeamNatio":"Netherlands","c_HomeTeamNatioShort":"NED","n_AwayTeamID":2,"c_AwayTeam":"Ajax","c_AwayTeamShort":"AJA","n_AwayTeamNatioGeoID":2201,"c_AwayTeamNatio":"Netherlands","c_AwayTeamNatioShort":"NED","n_StadiumGeoID":5066,"c_Stadium":"Philips Sportpark","n_CityGeoID":4001,"c_City":"Eindhoven","n_CountryGeoID":2201,"c_Country":"Netherlands","c_CountryShort":"NED","c_Score":"2-3 (0-1) ","c_ScoreSuffix":null,"n_HomeGoals":2,"n_AwayGoals":3,"n_HomeGoalsHalftime":0,"n_AwayGoalsHalftime":1,"n_HomeGoals90mins":null,"n_AwayGoals90mins":null,"n_HomeGoals105mins":null,"n_AwayGoals105mins":null,"n_HomeGoalsShootout":null,"n_AwayGoalsShootout":null,"n_MatchStatusCode":128,"c_MatchStatus":"Full time","c_MatchStatusShort":"FT","n_RefereeID":0,"c_Referee":null,"n_RefereeNatioGeoID":0,"c_RefereeNatio":null,"c_RefereeNatioShort":null,"n_Spectators":0,"n_KnockoutPhaseID":null,"n_Leg":null,"c_ScoreFirstLeg":null,"n_WinnerOnAggregateTeamID":null}]