﻿[{"n_EditionID":21197,"n_MatchDayStart":20140701,"n_MatchDayEnd":20140703,"d_MatchDayStart":"\/Date(1404165600000+0200)\/","d_MatchDayEnd":"\/Date(1404338400000+0200)\/","b_Current":false,"n_WeekID":20140701},{"n_EditionID":21197,"n_MatchDayStart":20140708,"n_MatchDayEnd":20140711,"d_MatchDayStart":"\/Date(1404770400000+0200)\/","d_MatchDayEnd":"\/Date(1405029600000+0200)\/","b_Current":false,"n_WeekID":20140708},{"n_EditionID":21197,"n_MatchDayStart":20140717,"n_MatchDayEnd":20140717,"d_MatchDayStart":"\/Date(1405548000000+0200)\/","d_MatchDayEnd":"\/Date(1405548000000+0200)\/","b_Current":false,"n_WeekID":20140715},{"n_EditionID":21197,"n_MatchDayStart":20140722,"n_MatchDayEnd":20140724,"d_MatchDayStart":"\/Date(1405980000000+0200)\/","d_MatchDayEnd":"\/Date(1406152800000+0200)\/","b_Current":false,"n_WeekID":20140722},{"n_EditionID":21197,"n_MatchDayStart":20140731,"n_MatchDayEnd":20140731,"d_MatchDayStart":"\/Date(1406757600000+0200)\/","d_MatchDayEnd":"\/Date(1406757600000+0200)\/","b_Current":false,"n_WeekID":20140729},{"n_EditionID":21197,"n_MatchDayStart":20140807,"n_MatchDayEnd":20140807,"d_MatchDayStart":"\/Date(1407362400000+0200)\/","d_MatchDayEnd":"\/Date(1407362400000+0200)\/","b_Current":false,"n_WeekID":20140805},{"n_EditionID":21197,"n_MatchDayStart":20140820,"n_MatchDayEnd":20140821,"d_MatchDayStart":"\/Date(1408485600000+0200)\/","d_MatchDayEnd":"\/Date(1408572000000+0200)\/","b_Current":false,"n_WeekID":20140819},{"n_EditionID":21197,"n_MatchDayStart":20140828,"n_MatchDayEnd":20140828,"d_MatchDayStart":"\/Date(1409176800000+0200)\/","d_MatchDayEnd":"\/Date(1409176800000+0200)\/","b_Current":false,"n_WeekID":20140826},{"n_EditionID":21197,"n_MatchDayStart":20140918,"n_MatchDayEnd":20140918,"d_MatchDayStart":"\/Date(1410991200000+0200)\/","d_MatchDayEnd":"\/Date(1410991200000+0200)\/","b_Current":false,"n_WeekID":20140916},{"n_EditionID":21197,"n_MatchDayStart":20141002,"n_MatchDayEnd":20141002,"d_MatchDayStart":"\/Date(1412200800000+0200)\/","d_MatchDayEnd":"\/Date(1412200800000+0200)\/","b_Current":false,"n_WeekID":20140930},{"n_EditionID":21197,"n_MatchDayStart":20141022,"n_MatchDayEnd":20141023,"d_MatchDayStart":"\/Date(1413928800000+0200)\/","d_MatchDayEnd":"\/Date(1414015200000+0200)\/","b_Current":false,"n_WeekID":20141021},{"n_EditionID":21197,"n_MatchDayStart":20141106,"n_MatchDayEnd":20141106,"d_MatchDayStart":"\/Date(1415228400000+0100)\/","d_MatchDayEnd":"\/Date(1415228400000+0100)\/","b_Current":false,"n_WeekID":20141104},{"n_EditionID":21197,"n_MatchDayStart":20141127,"n_MatchDayEnd":20141128,"d_MatchDayStart":"\/Date(1417042800000+0100)\/","d_MatchDayEnd":"\/Date(1417129200000+0100)\/","b_Current":false,"n_WeekID":20141125},{"n_EditionID":21197,"n_MatchDayStart":20141211,"n_MatchDayEnd":20141211,"d_MatchDayStart":"\/Date(1418252400000+0100)\/","d_MatchDayEnd":"\/Date(1418252400000+0100)\/","b_Current":false,"n_WeekID":20141209},{"n_EditionID":21197,"n_MatchDayStart":20150219,"n_MatchDayEnd":20150219,"d_MatchDayStart":"\/Date(1424300400000+0100)\/","d_MatchDayEnd":"\/Date(1424300400000+0100)\/","b_Current":true,"n_WeekID":20150217},{"n_EditionID":21197,"n_MatchDayStart":20150226,"n_MatchDayEnd":20150226,"d_MatchDayStart":"\/Date(1424905200000+0100)\/","d_MatchDayEnd":"\/Date(1424905200000+0100)\/","b_Current":false,"n_WeekID":20150224},{"n_EditionID":21197,"n_MatchDayStart":20150312,"n_MatchDayEnd":20150312,"d_MatchDayStart":"\/Date(1426114800000+0100)\/","d_MatchDayEnd":"\/Date(1426114800000+0100)\/","b_Current":false,"n_WeekID":20150310},{"n_EditionID":21197,"n_MatchDayStart":20150319,"n_MatchDayEnd":20150319,"d_MatchDayStart":"\/Date(1426719600000+0100)\/","d_MatchDayEnd":"\/Date(1426719600000+0100)\/","b_Current":false,"n_WeekID":20150317},{"n_EditionID":21197,"n_MatchDayStart":20150416,"n_MatchDayEnd":20150416,"d_MatchDayStart":"\/Date(1429135200000+0200)\/","d_MatchDayEnd":"\/Date(1429135200000+0200)\/","b_Current":false,"n_WeekID":20150414},{"n_EditionID":21197,"n_MatchDayStart":20150423,"n_MatchDayEnd":20150423,"d_MatchDayStart":"\/Date(1429740000000+0200)\/","d_MatchDayEnd":"\/Date(1429740000000+0200)\/","b_Current":false,"n_WeekID":20150421},{"n_EditionID":21197,"n_MatchDayStart":20150507,"n_MatchDayEnd":20150507,"d_MatchDayStart":"\/Date(1430949600000+0200)\/","d_MatchDayEnd":"\/Date(1430949600000+0200)\/","b_Current":false,"n_WeekID":20150505},{"n_EditionID":21197,"n_MatchDayStart":20150514,"n_MatchDayEnd":20150514,"d_MatchDayStart":"\/Date(1431554400000+0200)\/","d_MatchDayEnd":"\/Date(1431554400000+0200)\/","b_Current":false,"n_WeekID":20150512},{"n_EditionID":21197,"n_MatchDayStart":20150527,"n_MatchDayEnd":20150527,"d_MatchDayStart":"\/Date(1432677600000+0200)\/","d_MatchDayEnd":"\/Date(1432677600000+0200)\/","b_Current":false,"n_WeekID":20150526}]