﻿[{"n_CompetitionID":2,"n_CompetitionLevel":1,"c_Competition":"Eredivisie","c_CompetitionShort":"Ere","n_CompetitionNatioGeoID":2201,"c_CompetitionNatio":"Netherlands","c_CompetitionNatioShort":"NED","n_EditionID":21399,"c_Season":"2014\/2015","n_MatchID":1880956,"d_Date":"\/Date(1422120600000+0100)\/","d_DateLocal":"\/Date(1422120600000+0100)\/","d_DateUTC":"\/Date(1422117000000+0100)\/","n_RoundNr":19,"n_PhaseID":109277,"n_PhaseLevel":1,"c_Phase":"Regular","c_PhaseShort":null,"n_HomeTeamID":71,"c_HomeTeam":"SC Cambuur","c_HomeTeamShort":"CAM","n_HomeTeamNatioGeoID":2201,"c_HomeTeamNatio":"Nederland","c_HomeTeamNatioShort":"NED","n_AwayTeamID":11,"c_AwayTeam":"PSV","c_AwayTeamShort":"PSV","n_AwayTeamNatioGeoID":2201,"c_AwayTeamNatio":"Nederland","c_AwayTeamNatioShort":"NED","n_StadiumGeoID":4989,"c_Stadium":"Cambuurstadion","n_CityGeoID":4658,"c_City":"Leeuwarden","n_CountryGeoID":2201,"c_Country":"Netherlands","c_CountryShort":"NED","c_Score":"1-2 (0-1) ","c_ScoreSuffix":null,"n_HomeGoals":1,"n_AwayGoals":2,"n_HomeGoalsHalftime":0,"n_AwayGoalsHalftime":1,"n_HomeGoals90mins":null,"n_AwayGoals90mins":null,"n_HomeGoals105mins":null,"n_AwayGoals105mins":null,"n_HomeGoalsShootout":null,"n_AwayGoalsShootout":null,"n_MatchStatusCode":128,"c_MatchStatus":"Full time","c_MatchStatusShort":"FT","n_RefereeID":32390,"c_Referee":"Pol van Boekel","n_RefereeNatioGeoID":2201,"c_RefereeNatio":"Netherlands","c_RefereeNatioShort":"NED","n_Spectators":9911,"n_KnockoutPhaseID":null,"n_Leg":null,"c_ScoreFirstLeg":null,"n_WinnerOnAggregateTeamID":null},{"n_CompetitionID":2,"n_CompetitionLevel":1,"c_Competition":"Eredivisie","c_CompetitionShort":"Ere","n_CompetitionNatioGeoID":2201,"c_CompetitionNatio":"Netherlands","c_CompetitionNatioShort":"NED","n_EditionID":20864,"c_Season":"2013\/2014","n_MatchID":1787330,"d_Date":"\/Date(1391622300000+0100)\/","d_DateLocal":"\/Date(1391622300000+0100)\/","d_DateUTC":"\/Date(1391618700000+0100)\/","n_RoundNr":22,"n_PhaseID":104155,"n_PhaseLevel":1,"c_Phase":"Regular","c_PhaseShort":null,"n_HomeTeamID":71,"c_HomeTeam":"SC Cambuur","c_HomeTeamShort":"CAM","n_HomeTeamNatioGeoID":2201,"c_HomeTeamNatio":"Nederland","c_HomeTeamNatioShort":"NED","n_AwayTeamID":11,"c_AwayTeam":"PSV","c_AwayTeamShort":"PSV","n_AwayTeamNatioGeoID":2201,"c_AwayTeamNatio":"Nederland","c_AwayTeamNatioShort":"NED","n_StadiumGeoID":4989,"c_Stadium":"Cambuurstadion","n_CityGeoID":4658,"c_City":"Leeuwarden","n_CountryGeoID":2201,"c_Country":"Netherlands","c_CountryShort":"NED","c_Score":"1-2 (1-1) ","c_ScoreSuffix":null,"n_HomeGoals":1,"n_AwayGoals":2,"n_HomeGoalsHalftime":1,"n_AwayGoalsHalftime":1,"n_HomeGoals90mins":null,"n_AwayGoals90mins":null,"n_HomeGoals105mins":null,"n_AwayGoals105mins":null,"n_HomeGoalsShootout":null,"n_AwayGoalsShootout":null,"n_MatchStatusCode":128,"c_MatchStatus":"Full time","c_MatchStatusShort":"FT","n_RefereeID":816,"c_Referee":"Pieter Vink","n_RefereeNatioGeoID":2201,"c_RefereeNatio":"Netherlands","c_RefereeNatioShort":"NED","n_Spectators":9600,"n_KnockoutPhaseID":null,"n_Leg":null,"c_ScoreFirstLeg":null,"n_WinnerOnAggregateTeamID":null},{"n_CompetitionID":2,"n_CompetitionLevel":1,"c_Competition":"KPN Telecompetitie","c_CompetitionShort":"KPN","n_CompetitionNatioGeoID":2201,"c_CompetitionNatio":"Netherlands","c_CompetitionNatioShort":"NED","n_EditionID":3297,"c_Season":"1999\/2000","n_MatchID":329775,"d_Date":"\/Date(943203600000+0100)\/","d_DateLocal":"\/Date(943203600000+0100)\/","d_DateUTC":"\/Date(943200000000+0100)\/","n_RoundNr":13,"n_PhaseID":4610,"n_PhaseLevel":1,"c_Phase":"Regular","c_PhaseShort":null,"n_HomeTeamID":71,"c_HomeTeam":"SC Cambuur","c_HomeTeamShort":"CAM","n_HomeTeamNatioGeoID":2201,"c_HomeTeamNatio":"Nederland","c_HomeTeamNatioShort":"NED","n_AwayTeamID":11,"c_AwayTeam":"PSV","c_AwayTeamShort":"PSV","n_AwayTeamNatioGeoID":2201,"c_AwayTeamNatio":"Nederland","c_AwayTeamNatioShort":"NED","n_StadiumGeoID":4989,"c_Stadium":"Cambuurstadion","n_CityGeoID":4658,"c_City":"Leeuwarden","n_CountryGeoID":2201,"c_Country":"Netherlands","c_CountryShort":"NED","c_Score":"0-1 (0-0) ","c_ScoreSuffix":null,"n_HomeGoals":0,"n_AwayGoals":1,"n_HomeGoalsHalftime":0,"n_AwayGoalsHalftime":0,"n_HomeGoals90mins":null,"n_AwayGoals90mins":null,"n_HomeGoals105mins":null,"n_AwayGoals105mins":null,"n_HomeGoalsShootout":null,"n_AwayGoalsShootout":null,"n_MatchStatusCode":128,"c_MatchStatus":null,"c_MatchStatusShort":null,"n_RefereeID":22007,"c_Referee":"Dick Jol","n_RefereeNatioGeoID":2201,"c_RefereeNatio":"Netherlands","c_RefereeNatioShort":"NED","n_Spectators":9150,"n_KnockoutPhaseID":null,"n_Leg":null,"c_ScoreFirstLeg":null,"n_WinnerOnAggregateTeamID":null},{"n_CompetitionID":2,"n_CompetitionLevel":1,"c_Competition":"KPN Telecompetitie","c_CompetitionShort":"KPN","n_CompetitionNatioGeoID":2201,"c_CompetitionNatio":"Netherlands","c_CompetitionNatioShort":"NED","n_EditionID":1652,"c_Season":"1998\/1999","n_MatchID":230907,"d_Date":"\/Date(903807000000+0200)\/","d_DateLocal":"\/Date(903807000000+0200)\/","d_DateUTC":"\/Date(903799800000+0200)\/","n_RoundNr":1,"n_PhaseID":2809,"n_PhaseLevel":1,"c_Phase":"Regular","c_PhaseShort":null,"n_HomeTeamID":71,"c_HomeTeam":"SC Cambuur","c_HomeTeamShort":"CAM","n_HomeTeamNatioGeoID":2201,"c_HomeTeamNatio":"Nederland","c_HomeTeamNatioShort":"NED","n_AwayTeamID":11,"c_AwayTeam":"PSV","c_AwayTeamShort":"PSV","n_AwayTeamNatioGeoID":2201,"c_AwayTeamNatio":"Nederland","c_AwayTeamNatioShort":"NED","n_StadiumGeoID":4989,"c_Stadium":"Cambuurstadion","n_CityGeoID":4658,"c_City":"Leeuwarden","n_CountryGeoID":2201,"c_Country":"Netherlands","c_CountryShort":"NED","c_Score":"1-1 (0-1) ","c_ScoreSuffix":null,"n_HomeGoals":1,"n_AwayGoals":1,"n_HomeGoalsHalftime":0,"n_AwayGoalsHalftime":1,"n_HomeGoals90mins":null,"n_AwayGoals90mins":null,"n_HomeGoals105mins":null,"n_AwayGoals105mins":null,"n_HomeGoalsShootout":null,"n_AwayGoalsShootout":null,"n_MatchStatusCode":128,"c_MatchStatus":null,"c_MatchStatusShort":null,"n_RefereeID":22007,"c_Referee":"Dick Jol","n_RefereeNatioGeoID":2201,"c_RefereeNatio":"Netherlands","c_RefereeNatioShort":"NED","n_Spectators":9500,"n_KnockoutPhaseID":null,"n_Leg":null,"c_ScoreFirstLeg":null,"n_WinnerOnAggregateTeamID":null},{"n_CompetitionID":2,"n_CompetitionLevel":1,"c_Competition":"PTT-Telecompetitie","c_CompetitionShort":"PTT","n_CompetitionNatioGeoID":2201,"c_CompetitionNatio":"Netherlands","c_CompetitionNatioShort":"NED","n_EditionID":2,"c_Season":"1993\/1994","n_MatchID":123,"d_Date":"\/Date(752018400000+0200)\/","d_DateLocal":"\/Date(752018400000+0200)\/","d_DateUTC":"\/Date(752018400000+0200)\/","n_RoundNr":12,"n_PhaseID":3,"n_PhaseLevel":1,"c_Phase":"Regular","c_PhaseShort":null,"n_HomeTeamID":71,"c_HomeTeam":"SC Cambuur","c_HomeTeamShort":"CAM","n_HomeTeamNatioGeoID":2201,"c_HomeTeamNatio":"Nederland","c_HomeTeamNatioShort":"NED","n_AwayTeamID":11,"c_AwayTeam":"PSV","c_AwayTeamShort":"PSV","n_AwayTeamNatioGeoID":2201,"c_AwayTeamNatio":"Nederland","c_AwayTeamNatioShort":"NED","n_StadiumGeoID":4989,"c_Stadium":"Cambuurstadion","n_CityGeoID":4658,"c_City":"Leeuwarden","n_CountryGeoID":2201,"c_Country":"Netherlands","c_CountryShort":"NED","c_Score":"1-3 (1-2) ","c_ScoreSuffix":null,"n_HomeGoals":1,"n_AwayGoals":3,"n_HomeGoalsHalftime":1,"n_AwayGoalsHalftime":2,"n_HomeGoals90mins":null,"n_AwayGoals90mins":null,"n_HomeGoals105mins":null,"n_AwayGoals105mins":null,"n_HomeGoalsShootout":null,"n_AwayGoalsShootout":null,"n_MatchStatusCode":128,"c_MatchStatus":null,"c_MatchStatusShort":null,"n_RefereeID":435,"c_Referee":"René Temmink","n_RefereeNatioGeoID":2201,"c_RefereeNatio":"Netherlands","c_RefereeNatioShort":"NED","n_Spectators":7000,"n_KnockoutPhaseID":null,"n_Leg":null,"c_ScoreFirstLeg":null,"n_WinnerOnAggregateTeamID":null},{"n_CompetitionID":2,"n_CompetitionLevel":1,"c_Competition":"PTT-Telecompetitie","c_CompetitionShort":"PTT","n_CompetitionNatioGeoID":2201,"c_CompetitionNatio":"Netherlands","c_CompetitionNatioShort":"NED","n_EditionID":3,"c_Season":"1992\/1993","n_MatchID":446,"d_Date":"\/Date(728953200000+0100)\/","d_DateLocal":"\/Date(728953200000+0100)\/","d_DateUTC":"\/Date(728953200000+0100)\/","n_RoundNr":20,"n_PhaseID":4,"n_PhaseLevel":1,"c_Phase":"Regular","c_PhaseShort":null,"n_HomeTeamID":71,"c_HomeTeam":"SC Cambuur","c_HomeTeamShort":"CAM","n_HomeTeamNatioGeoID":2201,"c_HomeTeamNatio":"Nederland","c_HomeTeamNatioShort":"NED","n_AwayTeamID":11,"c_AwayTeam":"PSV","c_AwayTeamShort":"PSV","n_AwayTeamNatioGeoID":2201,"c_AwayTeamNatio":"Nederland","c_AwayTeamNatioShort":"NED","n_StadiumGeoID":4989,"c_Stadium":"Cambuurstadion","n_CityGeoID":4658,"c_City":"Leeuwarden","n_CountryGeoID":2201,"c_Country":"Netherlands","c_CountryShort":"NED","c_Score":"0-1 (0-1) ","c_ScoreSuffix":null,"n_HomeGoals":0,"n_AwayGoals":1,"n_HomeGoalsHalftime":0,"n_AwayGoalsHalftime":1,"n_HomeGoals90mins":null,"n_AwayGoals90mins":null,"n_HomeGoals105mins":null,"n_AwayGoals105mins":null,"n_HomeGoalsShootout":null,"n_AwayGoalsShootout":null,"n_MatchStatusCode":128,"c_MatchStatus":null,"c_MatchStatusShort":null,"n_RefereeID":22008,"c_Referee":"Frans Houben","n_RefereeNatioGeoID":2201,"c_RefereeNatio":"Netherlands","c_RefereeNatioShort":"NED","n_Spectators":12500,"n_KnockoutPhaseID":null,"n_Leg":null,"c_ScoreFirstLeg":null,"n_WinnerOnAggregateTeamID":null}]