﻿[{"n_ActionID":12094818,"n_ActionCode":2048,"n_ActionCode2":0,"n_ActionCode3":0,"n_ActionSet":3,"n_ActionSort":1,"c_Action":"Yellow","c_ActionShort":"Y","n_PeriodSort":4,"c_Period":"Second half","c_PeriodShort":"2H","n_ActionTime":3960000,"n_HomeGoals":1,"n_AwayGoals":0,"n_HomeOrAway":-1,"n_TeamID":105130,"c_Team":"Shakhter Soligorsk","c_TeamShort":"SSO","n_PersonID":787309,"c_Person":"Igor Kuzmenok","c_PersonSort":"Kuzmenok, Igor","c_PersonShort":"Kuzmenok","n_PersonNatioGeoID":4387,"c_PersonNatio":"Belarus","c_PersonNatioShort":"BLR","n_TeamNatioGeoID":4387,"c_TeamNatio":"Belarus","c_TeamNatioShort":"BLR","n_ActionReasonID":0,"c_ActionReason":null,"c_ActionInfo":null,"n_SubPersonID":null,"c_SubPerson":null,"c_SubPersonShort":null,"c_ActionMinute":"66'"},{"n_ActionID":12094880,"n_ActionCode":2048,"n_ActionCode2":0,"n_ActionCode3":0,"n_ActionSet":3,"n_ActionSort":2,"c_Action":"Yellow","c_ActionShort":"Y","n_PeriodSort":4,"c_Period":"Second half","c_PeriodShort":"2H","n_ActionTime":4200000,"n_HomeGoals":1,"n_AwayGoals":0,"n_HomeOrAway":-1,"n_TeamID":105130,"c_Team":"Shakhter Soligorsk","c_TeamShort":"SSO","n_PersonID":695250,"c_Person":"Artem Stargorodsky","c_PersonSort":"Stargorodsky, Artem","c_PersonShort":"Stargorodsky","n_PersonNatioGeoID":2232,"c_PersonNatio":"Ukraine","c_PersonNatioShort":"UKR","n_TeamNatioGeoID":4387,"c_TeamNatio":"Belarus","c_TeamNatioShort":"BLR","n_ActionReasonID":0,"c_ActionReason":null,"c_ActionInfo":null,"n_SubPersonID":null,"c_SubPerson":null,"c_SubPersonShort":null,"c_ActionMinute":"70'"},{"n_ActionID":12094891,"n_ActionCode":2048,"n_ActionCode2":0,"n_ActionCode3":0,"n_ActionSet":3,"n_ActionSort":3,"c_Action":"Yellow","c_ActionShort":"Y","n_PeriodSort":4,"c_Period":"Second half","c_PeriodShort":"2H","n_ActionTime":4380000,"n_HomeGoals":1,"n_AwayGoals":0,"n_HomeOrAway":-1,"n_TeamID":105130,"c_Team":"Shakhter Soligorsk","c_TeamShort":"SSO","n_PersonID":695737,"c_Person":"Nikolai Kashevski","c_PersonSort":"Kashevski, Nikolai","c_PersonShort":"Kashevski","n_PersonNatioGeoID":4387,"c_PersonNatio":"Belarus","c_PersonNatioShort":"BLR","n_TeamNatioGeoID":4387,"c_TeamNatio":"Belarus","c_TeamNatioShort":"BLR","n_ActionReasonID":0,"c_ActionReason":null,"c_ActionInfo":null,"n_SubPersonID":null,"c_SubPerson":null,"c_SubPersonShort":null,"c_ActionMinute":"73'"}]