﻿[{"n_EditionID":21399,"n_MatchDayStart":20140808,"n_MatchDayEnd":20140808,"d_MatchDayStart":"\/Date(1407448800000+0200)\/","d_MatchDayEnd":"\/Date(1407448800000+0200)\/","b_Current":false,"n_WeekID":20140805},{"n_EditionID":21399,"n_MatchDayStart":20140809,"n_MatchDayEnd":20140809,"d_MatchDayStart":"\/Date(1407535200000+0200)\/","d_MatchDayEnd":"\/Date(1407535200000+0200)\/","b_Current":false,"n_WeekID":20140805},{"n_EditionID":21399,"n_MatchDayStart":20140810,"n_MatchDayEnd":20140810,"d_MatchDayStart":"\/Date(1407621600000+0200)\/","d_MatchDayEnd":"\/Date(1407621600000+0200)\/","b_Current":false,"n_WeekID":20140805},{"n_EditionID":21399,"n_MatchDayStart":20140815,"n_MatchDayEnd":20140815,"d_MatchDayStart":"\/Date(1408053600000+0200)\/","d_MatchDayEnd":"\/Date(1408053600000+0200)\/","b_Current":false,"n_WeekID":20140812},{"n_EditionID":21399,"n_MatchDayStart":20140816,"n_MatchDayEnd":20140816,"d_MatchDayStart":"\/Date(1408140000000+0200)\/","d_MatchDayEnd":"\/Date(1408140000000+0200)\/","b_Current":false,"n_WeekID":20140812},{"n_EditionID":21399,"n_MatchDayStart":20140817,"n_MatchDayEnd":20140817,"d_MatchDayStart":"\/Date(1408226400000+0200)\/","d_MatchDayEnd":"\/Date(1408226400000+0200)\/","b_Current":false,"n_WeekID":20140812},{"n_EditionID":21399,"n_MatchDayStart":20140822,"n_MatchDayEnd":20140822,"d_MatchDayStart":"\/Date(1408658400000+0200)\/","d_MatchDayEnd":"\/Date(1408658400000+0200)\/","b_Current":false,"n_WeekID":20140819},{"n_EditionID":21399,"n_MatchDayStart":20140823,"n_MatchDayEnd":20140823,"d_MatchDayStart":"\/Date(1408744800000+0200)\/","d_MatchDayEnd":"\/Date(1408744800000+0200)\/","b_Current":false,"n_WeekID":20140819},{"n_EditionID":21399,"n_MatchDayStart":20140824,"n_MatchDayEnd":20140824,"d_MatchDayStart":"\/Date(1408831200000+0200)\/","d_MatchDayEnd":"\/Date(1408831200000+0200)\/","b_Current":false,"n_WeekID":20140819},{"n_EditionID":21399,"n_MatchDayStart":20140829,"n_MatchDayEnd":20140829,"d_MatchDayStart":"\/Date(1409263200000+0200)\/","d_MatchDayEnd":"\/Date(1409263200000+0200)\/","b_Current":false,"n_WeekID":20140826},{"n_EditionID":21399,"n_MatchDayStart":20140830,"n_MatchDayEnd":20140830,"d_MatchDayStart":"\/Date(1409349600000+0200)\/","d_MatchDayEnd":"\/Date(1409349600000+0200)\/","b_Current":false,"n_WeekID":20140826},{"n_EditionID":21399,"n_MatchDayStart":20140831,"n_MatchDayEnd":20140831,"d_MatchDayStart":"\/Date(1409436000000+0200)\/","d_MatchDayEnd":"\/Date(1409436000000+0200)\/","b_Current":false,"n_WeekID":20140826},{"n_EditionID":21399,"n_MatchDayStart":20140913,"n_MatchDayEnd":20140913,"d_MatchDayStart":"\/Date(1410559200000+0200)\/","d_MatchDayEnd":"\/Date(1410559200000+0200)\/","b_Current":false,"n_WeekID":20140909},{"n_EditionID":21399,"n_MatchDayStart":20140914,"n_MatchDayEnd":20140914,"d_MatchDayStart":"\/Date(1410645600000+0200)\/","d_MatchDayEnd":"\/Date(1410645600000+0200)\/","b_Current":false,"n_WeekID":20140909},{"n_EditionID":21399,"n_MatchDayStart":20140919,"n_MatchDayEnd":20140919,"d_MatchDayStart":"\/Date(1411077600000+0200)\/","d_MatchDayEnd":"\/Date(1411077600000+0200)\/","b_Current":false,"n_WeekID":20140916},{"n_EditionID":21399,"n_MatchDayStart":20140920,"n_MatchDayEnd":20140920,"d_MatchDayStart":"\/Date(1411164000000+0200)\/","d_MatchDayEnd":"\/Date(1411164000000+0200)\/","b_Current":false,"n_WeekID":20140916},{"n_EditionID":21399,"n_MatchDayStart":20140921,"n_MatchDayEnd":20140921,"d_MatchDayStart":"\/Date(1411250400000+0200)\/","d_MatchDayEnd":"\/Date(1411250400000+0200)\/","b_Current":false,"n_WeekID":20140916},{"n_EditionID":21399,"n_MatchDayStart":20140927,"n_MatchDayEnd":20140927,"d_MatchDayStart":"\/Date(1411768800000+0200)\/","d_MatchDayEnd":"\/Date(1411768800000+0200)\/","b_Current":false,"n_WeekID":20140923},{"n_EditionID":21399,"n_MatchDayStart":20140928,"n_MatchDayEnd":20140928,"d_MatchDayStart":"\/Date(1411855200000+0200)\/","d_MatchDayEnd":"\/Date(1411855200000+0200)\/","b_Current":false,"n_WeekID":20140923},{"n_EditionID":21399,"n_MatchDayStart":20141003,"n_MatchDayEnd":20141003,"d_MatchDayStart":"\/Date(1412287200000+0200)\/","d_MatchDayEnd":"\/Date(1412287200000+0200)\/","b_Current":false,"n_WeekID":20140930},{"n_EditionID":21399,"n_MatchDayStart":20141004,"n_MatchDayEnd":20141004,"d_MatchDayStart":"\/Date(1412373600000+0200)\/","d_MatchDayEnd":"\/Date(1412373600000+0200)\/","b_Current":false,"n_WeekID":20140930},{"n_EditionID":21399,"n_MatchDayStart":20141005,"n_MatchDayEnd":20141005,"d_MatchDayStart":"\/Date(1412460000000+0200)\/","d_MatchDayEnd":"\/Date(1412460000000+0200)\/","b_Current":false,"n_WeekID":20140930},{"n_EditionID":21399,"n_MatchDayStart":20141018,"n_MatchDayEnd":20141018,"d_MatchDayStart":"\/Date(1413583200000+0200)\/","d_MatchDayEnd":"\/Date(1413583200000+0200)\/","b_Current":false,"n_WeekID":20141014},{"n_EditionID":21399,"n_MatchDayStart":20141019,"n_MatchDayEnd":20141019,"d_MatchDayStart":"\/Date(1413669600000+0200)\/","d_MatchDayEnd":"\/Date(1413669600000+0200)\/","b_Current":false,"n_WeekID":20141014},{"n_EditionID":21399,"n_MatchDayStart":20141024,"n_MatchDayEnd":20141024,"d_MatchDayStart":"\/Date(1414101600000+0200)\/","d_MatchDayEnd":"\/Date(1414101600000+0200)\/","b_Current":false,"n_WeekID":20141021},{"n_EditionID":21399,"n_MatchDayStart":20141025,"n_MatchDayEnd":20141025,"d_MatchDayStart":"\/Date(1414188000000+0200)\/","d_MatchDayEnd":"\/Date(1414188000000+0200)\/","b_Current":false,"n_WeekID":20141021},{"n_EditionID":21399,"n_MatchDayStart":20141026,"n_MatchDayEnd":20141026,"d_MatchDayStart":"\/Date(1414274400000+0200)\/","d_MatchDayEnd":"\/Date(1414274400000+0200)\/","b_Current":false,"n_WeekID":20141021},{"n_EditionID":21399,"n_MatchDayStart":20141101,"n_MatchDayEnd":20141101,"d_MatchDayStart":"\/Date(1414796400000+0100)\/","d_MatchDayEnd":"\/Date(1414796400000+0100)\/","b_Current":false,"n_WeekID":20141028},{"n_EditionID":21399,"n_MatchDayStart":20141102,"n_MatchDayEnd":20141102,"d_MatchDayStart":"\/Date(1414882800000+0100)\/","d_MatchDayEnd":"\/Date(1414882800000+0100)\/","b_Current":false,"n_WeekID":20141028},{"n_EditionID":21399,"n_MatchDayStart":20141107,"n_MatchDayEnd":20141107,"d_MatchDayStart":"\/Date(1415314800000+0100)\/","d_MatchDayEnd":"\/Date(1415314800000+0100)\/","b_Current":false,"n_WeekID":20141104},{"n_EditionID":21399,"n_MatchDayStart":20141108,"n_MatchDayEnd":20141108,"d_MatchDayStart":"\/Date(1415401200000+0100)\/","d_MatchDayEnd":"\/Date(1415401200000+0100)\/","b_Current":false,"n_WeekID":20141104},{"n_EditionID":21399,"n_MatchDayStart":20141109,"n_MatchDayEnd":20141109,"d_MatchDayStart":"\/Date(1415487600000+0100)\/","d_MatchDayEnd":"\/Date(1415487600000+0100)\/","b_Current":false,"n_WeekID":20141104},{"n_EditionID":21399,"n_MatchDayStart":20141122,"n_MatchDayEnd":20141122,"d_MatchDayStart":"\/Date(1416610800000+0100)\/","d_MatchDayEnd":"\/Date(1416610800000+0100)\/","b_Current":false,"n_WeekID":20141118},{"n_EditionID":21399,"n_MatchDayStart":20141123,"n_MatchDayEnd":20141123,"d_MatchDayStart":"\/Date(1416697200000+0100)\/","d_MatchDayEnd":"\/Date(1416697200000+0100)\/","b_Current":false,"n_WeekID":20141118},{"n_EditionID":21399,"n_MatchDayStart":20141128,"n_MatchDayEnd":20141128,"d_MatchDayStart":"\/Date(1417129200000+0100)\/","d_MatchDayEnd":"\/Date(1417129200000+0100)\/","b_Current":false,"n_WeekID":20141125},{"n_EditionID":21399,"n_MatchDayStart":20141129,"n_MatchDayEnd":20141129,"d_MatchDayStart":"\/Date(1417215600000+0100)\/","d_MatchDayEnd":"\/Date(1417215600000+0100)\/","b_Current":false,"n_WeekID":20141125},{"n_EditionID":21399,"n_MatchDayStart":20141130,"n_MatchDayEnd":20141130,"d_MatchDayStart":"\/Date(1417302000000+0100)\/","d_MatchDayEnd":"\/Date(1417302000000+0100)\/","b_Current":false,"n_WeekID":20141125},{"n_EditionID":21399,"n_MatchDayStart":20141206,"n_MatchDayEnd":20141206,"d_MatchDayStart":"\/Date(1417820400000+0100)\/","d_MatchDayEnd":"\/Date(1417820400000+0100)\/","b_Current":false,"n_WeekID":20141202},{"n_EditionID":21399,"n_MatchDayStart":20141207,"n_MatchDayEnd":20141207,"d_MatchDayStart":"\/Date(1417906800000+0100)\/","d_MatchDayEnd":"\/Date(1417906800000+0100)\/","b_Current":false,"n_WeekID":20141202},{"n_EditionID":21399,"n_MatchDayStart":20141212,"n_MatchDayEnd":20141212,"d_MatchDayStart":"\/Date(1418338800000+0100)\/","d_MatchDayEnd":"\/Date(1418338800000+0100)\/","b_Current":false,"n_WeekID":20141209},{"n_EditionID":21399,"n_MatchDayStart":20141213,"n_MatchDayEnd":20141213,"d_MatchDayStart":"\/Date(1418425200000+0100)\/","d_MatchDayEnd":"\/Date(1418425200000+0100)\/","b_Current":false,"n_WeekID":20141209},{"n_EditionID":21399,"n_MatchDayStart":20141214,"n_MatchDayEnd":20141214,"d_MatchDayStart":"\/Date(1418511600000+0100)\/","d_MatchDayEnd":"\/Date(1418511600000+0100)\/","b_Current":false,"n_WeekID":20141209},{"n_EditionID":21399,"n_MatchDayStart":20141217,"n_MatchDayEnd":20141217,"d_MatchDayStart":"\/Date(1418770800000+0100)\/","d_MatchDayEnd":"\/Date(1418770800000+0100)\/","b_Current":false,"n_WeekID":20141216},{"n_EditionID":21399,"n_MatchDayStart":20141219,"n_MatchDayEnd":20141219,"d_MatchDayStart":"\/Date(1418943600000+0100)\/","d_MatchDayEnd":"\/Date(1418943600000+0100)\/","b_Current":false,"n_WeekID":20141216},{"n_EditionID":21399,"n_MatchDayStart":20141220,"n_MatchDayEnd":20141220,"d_MatchDayStart":"\/Date(1419030000000+0100)\/","d_MatchDayEnd":"\/Date(1419030000000+0100)\/","b_Current":false,"n_WeekID":20141216},{"n_EditionID":21399,"n_MatchDayStart":20141221,"n_MatchDayEnd":20141221,"d_MatchDayStart":"\/Date(1419116400000+0100)\/","d_MatchDayEnd":"\/Date(1419116400000+0100)\/","b_Current":false,"n_WeekID":20141216},{"n_EditionID":21399,"n_MatchDayStart":20150116,"n_MatchDayEnd":20150116,"d_MatchDayStart":"\/Date(1421362800000+0100)\/","d_MatchDayEnd":"\/Date(1421362800000+0100)\/","b_Current":false,"n_WeekID":20150113},{"n_EditionID":21399,"n_MatchDayStart":20150117,"n_MatchDayEnd":20150117,"d_MatchDayStart":"\/Date(1421449200000+0100)\/","d_MatchDayEnd":"\/Date(1421449200000+0100)\/","b_Current":false,"n_WeekID":20150113},{"n_EditionID":21399,"n_MatchDayStart":20150118,"n_MatchDayEnd":20150118,"d_MatchDayStart":"\/Date(1421535600000+0100)\/","d_MatchDayEnd":"\/Date(1421535600000+0100)\/","b_Current":false,"n_WeekID":20150113},{"n_EditionID":21399,"n_MatchDayStart":20150123,"n_MatchDayEnd":20150123,"d_MatchDayStart":"\/Date(1421967600000+0100)\/","d_MatchDayEnd":"\/Date(1421967600000+0100)\/","b_Current":false,"n_WeekID":20150120},{"n_EditionID":21399,"n_MatchDayStart":20150124,"n_MatchDayEnd":20150124,"d_MatchDayStart":"\/Date(1422054000000+0100)\/","d_MatchDayEnd":"\/Date(1422054000000+0100)\/","b_Current":false,"n_WeekID":20150120},{"n_EditionID":21399,"n_MatchDayStart":20150125,"n_MatchDayEnd":20150125,"d_MatchDayStart":"\/Date(1422140400000+0100)\/","d_MatchDayEnd":"\/Date(1422140400000+0100)\/","b_Current":false,"n_WeekID":20150120},{"n_EditionID":21399,"n_MatchDayStart":20150130,"n_MatchDayEnd":20150130,"d_MatchDayStart":"\/Date(1422572400000+0100)\/","d_MatchDayEnd":"\/Date(1422572400000+0100)\/","b_Current":true,"n_WeekID":20150127},{"n_EditionID":21399,"n_MatchDayStart":20150131,"n_MatchDayEnd":20150131,"d_MatchDayStart":"\/Date(1422658800000+0100)\/","d_MatchDayEnd":"\/Date(1422658800000+0100)\/","b_Current":false,"n_WeekID":20150127},{"n_EditionID":21399,"n_MatchDayStart":20150201,"n_MatchDayEnd":20150201,"d_MatchDayStart":"\/Date(1422745200000+0100)\/","d_MatchDayEnd":"\/Date(1422745200000+0100)\/","b_Current":false,"n_WeekID":20150127},{"n_EditionID":21399,"n_MatchDayStart":20150203,"n_MatchDayEnd":20150203,"d_MatchDayStart":"\/Date(1422918000000+0100)\/","d_MatchDayEnd":"\/Date(1422918000000+0100)\/","b_Current":false,"n_WeekID":20150203},{"n_EditionID":21399,"n_MatchDayStart":20150204,"n_MatchDayEnd":20150204,"d_MatchDayStart":"\/Date(1423004400000+0100)\/","d_MatchDayEnd":"\/Date(1423004400000+0100)\/","b_Current":false,"n_WeekID":20150203},{"n_EditionID":21399,"n_MatchDayStart":20150205,"n_MatchDayEnd":20150205,"d_MatchDayStart":"\/Date(1423090800000+0100)\/","d_MatchDayEnd":"\/Date(1423090800000+0100)\/","b_Current":false,"n_WeekID":20150203},{"n_EditionID":21399,"n_MatchDayStart":20150207,"n_MatchDayEnd":20150207,"d_MatchDayStart":"\/Date(1423263600000+0100)\/","d_MatchDayEnd":"\/Date(1423263600000+0100)\/","b_Current":false,"n_WeekID":20150203},{"n_EditionID":21399,"n_MatchDayStart":20150208,"n_MatchDayEnd":20150208,"d_MatchDayStart":"\/Date(1423350000000+0100)\/","d_MatchDayEnd":"\/Date(1423350000000+0100)\/","b_Current":false,"n_WeekID":20150203},{"n_EditionID":21399,"n_MatchDayStart":20150213,"n_MatchDayEnd":20150213,"d_MatchDayStart":"\/Date(1423782000000+0100)\/","d_MatchDayEnd":"\/Date(1423782000000+0100)\/","b_Current":false,"n_WeekID":20150210},{"n_EditionID":21399,"n_MatchDayStart":20150214,"n_MatchDayEnd":20150214,"d_MatchDayStart":"\/Date(1423868400000+0100)\/","d_MatchDayEnd":"\/Date(1423868400000+0100)\/","b_Current":false,"n_WeekID":20150210},{"n_EditionID":21399,"n_MatchDayStart":20150215,"n_MatchDayEnd":20150215,"d_MatchDayStart":"\/Date(1423954800000+0100)\/","d_MatchDayEnd":"\/Date(1423954800000+0100)\/","b_Current":false,"n_WeekID":20150210},{"n_EditionID":21399,"n_MatchDayStart":20150220,"n_MatchDayEnd":20150220,"d_MatchDayStart":"\/Date(1424386800000+0100)\/","d_MatchDayEnd":"\/Date(1424386800000+0100)\/","b_Current":false,"n_WeekID":20150217},{"n_EditionID":21399,"n_MatchDayStart":20150221,"n_MatchDayEnd":20150221,"d_MatchDayStart":"\/Date(1424473200000+0100)\/","d_MatchDayEnd":"\/Date(1424473200000+0100)\/","b_Current":false,"n_WeekID":20150217},{"n_EditionID":21399,"n_MatchDayStart":20150222,"n_MatchDayEnd":20150222,"d_MatchDayStart":"\/Date(1424559600000+0100)\/","d_MatchDayEnd":"\/Date(1424559600000+0100)\/","b_Current":false,"n_WeekID":20150217},{"n_EditionID":21399,"n_MatchDayStart":20150227,"n_MatchDayEnd":20150227,"d_MatchDayStart":"\/Date(1424991600000+0100)\/","d_MatchDayEnd":"\/Date(1424991600000+0100)\/","b_Current":false,"n_WeekID":20150224},{"n_EditionID":21399,"n_MatchDayStart":20150228,"n_MatchDayEnd":20150228,"d_MatchDayStart":"\/Date(1425078000000+0100)\/","d_MatchDayEnd":"\/Date(1425078000000+0100)\/","b_Current":false,"n_WeekID":20150224},{"n_EditionID":21399,"n_MatchDayStart":20150301,"n_MatchDayEnd":20150301,"d_MatchDayStart":"\/Date(1425164400000+0100)\/","d_MatchDayEnd":"\/Date(1425164400000+0100)\/","b_Current":false,"n_WeekID":20150224},{"n_EditionID":21399,"n_MatchDayStart":20150306,"n_MatchDayEnd":20150306,"d_MatchDayStart":"\/Date(1425596400000+0100)\/","d_MatchDayEnd":"\/Date(1425596400000+0100)\/","b_Current":false,"n_WeekID":20150303},{"n_EditionID":21399,"n_MatchDayStart":20150307,"n_MatchDayEnd":20150307,"d_MatchDayStart":"\/Date(1425682800000+0100)\/","d_MatchDayEnd":"\/Date(1425682800000+0100)\/","b_Current":false,"n_WeekID":20150303},{"n_EditionID":21399,"n_MatchDayStart":20150308,"n_MatchDayEnd":20150308,"d_MatchDayStart":"\/Date(1425769200000+0100)\/","d_MatchDayEnd":"\/Date(1425769200000+0100)\/","b_Current":false,"n_WeekID":20150303},{"n_EditionID":21399,"n_MatchDayStart":20150313,"n_MatchDayEnd":20150313,"d_MatchDayStart":"\/Date(1426201200000+0100)\/","d_MatchDayEnd":"\/Date(1426201200000+0100)\/","b_Current":false,"n_WeekID":20150310},{"n_EditionID":21399,"n_MatchDayStart":20150314,"n_MatchDayEnd":20150314,"d_MatchDayStart":"\/Date(1426287600000+0100)\/","d_MatchDayEnd":"\/Date(1426287600000+0100)\/","b_Current":false,"n_WeekID":20150310},{"n_EditionID":21399,"n_MatchDayStart":20150315,"n_MatchDayEnd":20150315,"d_MatchDayStart":"\/Date(1426374000000+0100)\/","d_MatchDayEnd":"\/Date(1426374000000+0100)\/","b_Current":false,"n_WeekID":20150310},{"n_EditionID":21399,"n_MatchDayStart":20150320,"n_MatchDayEnd":20150320,"d_MatchDayStart":"\/Date(1426806000000+0100)\/","d_MatchDayEnd":"\/Date(1426806000000+0100)\/","b_Current":false,"n_WeekID":20150317},{"n_EditionID":21399,"n_MatchDayStart":20150321,"n_MatchDayEnd":20150321,"d_MatchDayStart":"\/Date(1426892400000+0100)\/","d_MatchDayEnd":"\/Date(1426892400000+0100)\/","b_Current":false,"n_WeekID":20150317},{"n_EditionID":21399,"n_MatchDayStart":20150322,"n_MatchDayEnd":20150322,"d_MatchDayStart":"\/Date(1426978800000+0100)\/","d_MatchDayEnd":"\/Date(1426978800000+0100)\/","b_Current":false,"n_WeekID":20150317},{"n_EditionID":21399,"n_MatchDayStart":20150404,"n_MatchDayEnd":20150404,"d_MatchDayStart":"\/Date(1428098400000+0200)\/","d_MatchDayEnd":"\/Date(1428098400000+0200)\/","b_Current":false,"n_WeekID":20150331},{"n_EditionID":21399,"n_MatchDayStart":20150405,"n_MatchDayEnd":20150405,"d_MatchDayStart":"\/Date(1428184800000+0200)\/","d_MatchDayEnd":"\/Date(1428184800000+0200)\/","b_Current":false,"n_WeekID":20150331},{"n_EditionID":21399,"n_MatchDayStart":20150410,"n_MatchDayEnd":20150410,"d_MatchDayStart":"\/Date(1428616800000+0200)\/","d_MatchDayEnd":"\/Date(1428616800000+0200)\/","b_Current":false,"n_WeekID":20150407},{"n_EditionID":21399,"n_MatchDayStart":20150411,"n_MatchDayEnd":20150411,"d_MatchDayStart":"\/Date(1428703200000+0200)\/","d_MatchDayEnd":"\/Date(1428703200000+0200)\/","b_Current":false,"n_WeekID":20150407},{"n_EditionID":21399,"n_MatchDayStart":20150412,"n_MatchDayEnd":20150412,"d_MatchDayStart":"\/Date(1428789600000+0200)\/","d_MatchDayEnd":"\/Date(1428789600000+0200)\/","b_Current":false,"n_WeekID":20150407},{"n_EditionID":21399,"n_MatchDayStart":20150417,"n_MatchDayEnd":20150417,"d_MatchDayStart":"\/Date(1429221600000+0200)\/","d_MatchDayEnd":"\/Date(1429221600000+0200)\/","b_Current":false,"n_WeekID":20150414},{"n_EditionID":21399,"n_MatchDayStart":20150418,"n_MatchDayEnd":20150418,"d_MatchDayStart":"\/Date(1429308000000+0200)\/","d_MatchDayEnd":"\/Date(1429308000000+0200)\/","b_Current":false,"n_WeekID":20150414},{"n_EditionID":21399,"n_MatchDayStart":20150419,"n_MatchDayEnd":20150419,"d_MatchDayStart":"\/Date(1429394400000+0200)\/","d_MatchDayEnd":"\/Date(1429394400000+0200)\/","b_Current":false,"n_WeekID":20150414},{"n_EditionID":21399,"n_MatchDayStart":20150424,"n_MatchDayEnd":20150424,"d_MatchDayStart":"\/Date(1429826400000+0200)\/","d_MatchDayEnd":"\/Date(1429826400000+0200)\/","b_Current":false,"n_WeekID":20150421},{"n_EditionID":21399,"n_MatchDayStart":20150425,"n_MatchDayEnd":20150425,"d_MatchDayStart":"\/Date(1429912800000+0200)\/","d_MatchDayEnd":"\/Date(1429912800000+0200)\/","b_Current":false,"n_WeekID":20150421},{"n_EditionID":21399,"n_MatchDayStart":20150426,"n_MatchDayEnd":20150426,"d_MatchDayStart":"\/Date(1429999200000+0200)\/","d_MatchDayEnd":"\/Date(1429999200000+0200)\/","b_Current":false,"n_WeekID":20150421},{"n_EditionID":21399,"n_MatchDayStart":20150510,"n_MatchDayEnd":20150510,"d_MatchDayStart":"\/Date(1431208800000+0200)\/","d_MatchDayEnd":"\/Date(1431208800000+0200)\/","b_Current":false,"n_WeekID":20150505},{"n_EditionID":21399,"n_MatchDayStart":20150517,"n_MatchDayEnd":20150517,"d_MatchDayStart":"\/Date(1431813600000+0200)\/","d_MatchDayEnd":"\/Date(1431813600000+0200)\/","b_Current":false,"n_WeekID":20150512},{"n_EditionID":21399,"n_MatchDayStart":20150521,"n_MatchDayEnd":20150521,"d_MatchDayStart":"\/Date(1432159200000+0200)\/","d_MatchDayEnd":"\/Date(1432159200000+0200)\/","b_Current":false,"n_WeekID":20150519},{"n_EditionID":21399,"n_MatchDayStart":20150524,"n_MatchDayEnd":20150524,"d_MatchDayStart":"\/Date(1432418400000+0200)\/","d_MatchDayEnd":"\/Date(1432418400000+0200)\/","b_Current":false,"n_WeekID":20150519},{"n_EditionID":21399,"n_MatchDayStart":20150528,"n_MatchDayEnd":20150528,"d_MatchDayStart":"\/Date(1432764000000+0200)\/","d_MatchDayEnd":"\/Date(1432764000000+0200)\/","b_Current":false,"n_WeekID":20150526},{"n_EditionID":21399,"n_MatchDayStart":20150531,"n_MatchDayEnd":20150531,"d_MatchDayStart":"\/Date(1433023200000+0200)\/","d_MatchDayEnd":"\/Date(1433023200000+0200)\/","b_Current":false,"n_WeekID":20150526}]