﻿[{"n_CompetitionID":2,"n_CompetitionLevel":1,"c_Competition":"Eredivisie","c_CompetitionShort":"Ere","n_CompetitionNatioGeoID":2201,"c_CompetitionNatio":"Netherlands","c_CompetitionNatioShort":"NED","n_EditionID":21399,"c_Season":"2014\/2015","n_MatchID":1880826,"d_Date":"\/Date(1410633900000+0200)\/","d_DateLocal":"\/Date(1410633900000+0200)\/","d_DateUTC":"\/Date(1410626700000+0200)\/","n_RoundNr":5,"n_PhaseID":109277,"n_PhaseLevel":1,"c_Phase":"Regular","c_PhaseShort":null,"n_HomeTeamID":73,"c_HomeTeam":"PEC Zwolle","c_HomeTeamShort":"ZWO","n_HomeTeamNatioGeoID":2201,"c_HomeTeamNatio":"Nederland","c_HomeTeamNatioShort":"NED","n_AwayTeamID":11,"c_AwayTeam":"PSV","c_AwayTeamShort":"PSV","n_AwayTeamNatioGeoID":2201,"c_AwayTeamNatio":"Nederland","c_AwayTeamNatioShort":"NED","n_StadiumGeoID":5056,"c_Stadium":"IJsseldelta Stadion","n_CityGeoID":2823,"c_City":"Zwolle","n_CountryGeoID":2201,"c_Country":"Netherlands","c_CountryShort":"NED","c_Score":"3-1 (1-1) ","c_ScoreSuffix":null,"n_HomeGoals":3,"n_AwayGoals":1,"n_HomeGoalsHalftime":1,"n_AwayGoalsHalftime":1,"n_HomeGoals90mins":null,"n_AwayGoals90mins":null,"n_HomeGoals105mins":null,"n_AwayGoals105mins":null,"n_HomeGoalsShootout":null,"n_AwayGoalsShootout":null,"n_MatchStatusCode":128,"c_MatchStatus":"Full time","c_MatchStatusShort":"FT","n_RefereeID":567975,"c_Referee":"Danny Makkelie","n_RefereeNatioGeoID":2201,"c_RefereeNatio":"Netherlands","c_RefereeNatioShort":"NED","n_Spectators":12347,"n_KnockoutPhaseID":null,"n_Leg":null,"c_ScoreFirstLeg":null,"n_WinnerOnAggregateTeamID":null},{"n_CompetitionID":2,"n_CompetitionLevel":1,"c_Competition":"Eredivisie","c_CompetitionShort":"Ere","n_CompetitionNatioGeoID":2201,"c_CompetitionNatio":"Netherlands","c_CompetitionNatioShort":"NED","n_EditionID":20864,"c_Season":"2013\/2014","n_MatchID":1787234,"d_Date":"\/Date(1398601800000+0200)\/","d_DateLocal":"\/Date(1398601800000+0200)\/","d_DateUTC":"\/Date(1398594600000+0200)\/","n_RoundNr":33,"n_PhaseID":104155,"n_PhaseLevel":1,"c_Phase":"Regular","c_PhaseShort":null,"n_HomeTeamID":73,"c_HomeTeam":"PEC Zwolle","c_HomeTeamShort":"ZWO","n_HomeTeamNatioGeoID":2201,"c_HomeTeamNatio":"Nederland","c_HomeTeamNatioShort":"NED","n_AwayTeamID":11,"c_AwayTeam":"PSV","c_AwayTeamShort":"PSV","n_AwayTeamNatioGeoID":2201,"c_AwayTeamNatio":"Nederland","c_AwayTeamNatioShort":"NED","n_StadiumGeoID":5056,"c_Stadium":"IJsseldelta Stadion","n_CityGeoID":2823,"c_City":"Zwolle","n_CountryGeoID":2201,"c_Country":"Netherlands","c_CountryShort":"NED","c_Score":"1-2 (0-1) ","c_ScoreSuffix":null,"n_HomeGoals":1,"n_AwayGoals":2,"n_HomeGoalsHalftime":0,"n_AwayGoalsHalftime":1,"n_HomeGoals90mins":null,"n_AwayGoals90mins":null,"n_HomeGoals105mins":null,"n_AwayGoals105mins":null,"n_HomeGoalsShootout":null,"n_AwayGoalsShootout":null,"n_MatchStatusCode":128,"c_MatchStatus":"Full time","c_MatchStatusShort":"FT","n_RefereeID":567975,"c_Referee":"Danny Makkelie","n_RefereeNatioGeoID":2201,"c_RefereeNatio":"Netherlands","c_RefereeNatioShort":"NED","n_Spectators":12350,"n_KnockoutPhaseID":null,"n_Leg":null,"c_ScoreFirstLeg":null,"n_WinnerOnAggregateTeamID":null},{"n_CompetitionID":2,"n_CompetitionLevel":1,"c_Competition":"Eredivisie","c_CompetitionShort":"Ere","n_CompetitionNatioGeoID":2201,"c_CompetitionNatio":"Netherlands","c_CompetitionNatioShort":"NED","n_EditionID":19832,"c_Season":"2012\/2013","n_MatchID":1697218,"d_Date":"\/Date(1351431000000+0100)\/","d_DateLocal":"\/Date(1351431000000+0100)\/","d_DateUTC":"\/Date(1351427400000+0100)\/","n_RoundNr":10,"n_PhaseID":97873,"n_PhaseLevel":1,"c_Phase":"Regular","c_PhaseShort":null,"n_HomeTeamID":73,"c_HomeTeam":"PEC Zwolle","c_HomeTeamShort":"ZWO","n_HomeTeamNatioGeoID":2201,"c_HomeTeamNatio":"Nederland","c_HomeTeamNatioShort":"NED","n_AwayTeamID":11,"c_AwayTeam":"PSV","c_AwayTeamShort":"PSV","n_AwayTeamNatioGeoID":2201,"c_AwayTeamNatio":"Nederland","c_AwayTeamNatioShort":"NED","n_StadiumGeoID":5056,"c_Stadium":"IJsseldelta Stadion","n_CityGeoID":2823,"c_City":"Zwolle","n_CountryGeoID":2201,"c_Country":"Netherlands","c_CountryShort":"NED","c_Score":"1-2 (0-0) ","c_ScoreSuffix":null,"n_HomeGoals":1,"n_AwayGoals":2,"n_HomeGoalsHalftime":0,"n_AwayGoalsHalftime":0,"n_HomeGoals90mins":null,"n_AwayGoals90mins":null,"n_HomeGoals105mins":null,"n_AwayGoals105mins":null,"n_HomeGoalsShootout":null,"n_AwayGoalsShootout":null,"n_MatchStatusCode":128,"c_MatchStatus":"Full time","c_MatchStatusShort":"FT","n_RefereeID":446534,"c_Referee":"Ed Janssen","n_RefereeNatioGeoID":2201,"c_RefereeNatio":"Netherlands","c_RefereeNatioShort":"NED","n_Spectators":11324,"n_KnockoutPhaseID":null,"n_Leg":null,"c_ScoreFirstLeg":null,"n_WinnerOnAggregateTeamID":null},{"n_CompetitionID":2,"n_CompetitionLevel":1,"c_Competition":"Holland Casino Eredivisie","c_CompetitionShort":"HCE","n_CompetitionNatioGeoID":2201,"c_CompetitionNatio":"Netherlands","c_CompetitionNatioShort":"NED","n_EditionID":12948,"c_Season":"2003\/2004","n_MatchID":697239,"d_Date":"\/Date(1070130600000+0100)\/","d_DateLocal":"\/Date(1070130600000+0100)\/","d_DateUTC":"\/Date(1070127000000+0100)\/","n_RoundNr":13,"n_PhaseID":45944,"n_PhaseLevel":1,"c_Phase":"Regular","c_PhaseShort":null,"n_HomeTeamID":73,"c_HomeTeam":"PEC Zwolle","c_HomeTeamShort":"ZWO","n_HomeTeamNatioGeoID":2201,"c_HomeTeamNatio":"Nederland","c_HomeTeamNatioShort":"NED","n_AwayTeamID":11,"c_AwayTeam":"PSV","c_AwayTeamShort":"PSV","n_AwayTeamNatioGeoID":2201,"c_AwayTeamNatio":"Nederland","c_AwayTeamNatioShort":"NED","n_StadiumGeoID":5056,"c_Stadium":"Oosterenk","n_CityGeoID":2823,"c_City":"Zwolle","n_CountryGeoID":2201,"c_Country":"Netherlands","c_CountryShort":"NED","c_Score":"0-4 (0-2) ","c_ScoreSuffix":null,"n_HomeGoals":0,"n_AwayGoals":4,"n_HomeGoalsHalftime":0,"n_AwayGoalsHalftime":2,"n_HomeGoals90mins":null,"n_AwayGoals90mins":null,"n_HomeGoals105mins":null,"n_AwayGoals105mins":null,"n_HomeGoalsShootout":null,"n_AwayGoalsShootout":null,"n_MatchStatusCode":128,"c_MatchStatus":"Full time","c_MatchStatusShort":"FT","n_RefereeID":434,"c_Referee":"Fred Sterk","n_RefereeNatioGeoID":2201,"c_RefereeNatio":"Netherlands","c_RefereeNatioShort":"NED","n_Spectators":6650,"n_KnockoutPhaseID":null,"n_Leg":null,"c_ScoreFirstLeg":null,"n_WinnerOnAggregateTeamID":null},{"n_CompetitionID":2,"n_CompetitionLevel":1,"c_Competition":"Holland Casino Eredivisie","c_CompetitionShort":"HCE","n_CompetitionNatioGeoID":2201,"c_CompetitionNatio":"Netherlands","c_CompetitionNatioShort":"NED","n_EditionID":12374,"c_Season":"2002\/2003","n_MatchID":640005,"d_Date":"\/Date(1032629400000+0200)\/","d_DateLocal":"\/Date(1032629400000+0200)\/","d_DateUTC":"\/Date(1032622200000+0200)\/","n_RoundNr":5,"n_PhaseID":38586,"n_PhaseLevel":1,"c_Phase":"Regular","c_PhaseShort":null,"n_HomeTeamID":73,"c_HomeTeam":"PEC Zwolle","c_HomeTeamShort":"ZWO","n_HomeTeamNatioGeoID":2201,"c_HomeTeamNatio":"Nederland","c_HomeTeamNatioShort":"NED","n_AwayTeamID":11,"c_AwayTeam":"PSV","c_AwayTeamShort":"PSV","n_AwayTeamNatioGeoID":2201,"c_AwayTeamNatio":"Nederland","c_AwayTeamNatioShort":"NED","n_StadiumGeoID":5056,"c_Stadium":"Oosterenk","n_CityGeoID":2823,"c_City":"Zwolle","n_CountryGeoID":2201,"c_Country":"Netherlands","c_CountryShort":"NED","c_Score":"1-3 (0-1) ","c_ScoreSuffix":null,"n_HomeGoals":1,"n_AwayGoals":3,"n_HomeGoalsHalftime":0,"n_AwayGoalsHalftime":1,"n_HomeGoals90mins":null,"n_AwayGoals90mins":null,"n_HomeGoals105mins":null,"n_AwayGoals105mins":null,"n_HomeGoalsShootout":null,"n_AwayGoalsShootout":null,"n_MatchStatusCode":128,"c_MatchStatus":"Full time","c_MatchStatusShort":"FT","n_RefereeID":471,"c_Referee":"Dick van Egmond","n_RefereeNatioGeoID":2201,"c_RefereeNatio":"Netherlands","c_RefereeNatioShort":"NED","n_Spectators":6750,"n_KnockoutPhaseID":null,"n_Leg":null,"c_ScoreFirstLeg":null,"n_WinnerOnAggregateTeamID":null},{"n_CompetitionID":2,"n_CompetitionLevel":1,"c_Competition":"Eredivisie","c_CompetitionShort":"Ere","n_CompetitionNatioGeoID":2201,"c_CompetitionNatio":"Netherlands","c_CompetitionNatioShort":"NED","n_EditionID":7,"c_Season":"1988\/1989","n_MatchID":2082,"d_Date":"\/Date(606783600000+0100)\/","d_DateLocal":"\/Date(606783600000+0100)\/","d_DateUTC":"\/Date(606783600000+0100)\/","n_RoundNr":26,"n_PhaseID":8,"n_PhaseLevel":1,"c_Phase":"Regular","c_PhaseShort":null,"n_HomeTeamID":73,"c_HomeTeam":"PEC Zwolle","c_HomeTeamShort":"ZWO","n_HomeTeamNatioGeoID":2201,"c_HomeTeamNatio":"Nederland","c_HomeTeamNatioShort":"NED","n_AwayTeamID":11,"c_AwayTeam":"PSV","c_AwayTeamShort":"PSV","n_AwayTeamNatioGeoID":2201,"c_AwayTeamNatio":"Nederland","c_AwayTeamNatioShort":"NED","n_StadiumGeoID":5056,"c_Stadium":"Oosterenk","n_CityGeoID":2823,"c_City":"Zwolle","n_CountryGeoID":2201,"c_Country":"Netherlands","c_CountryShort":"NED","c_Score":"0-5 (0-4) ","c_ScoreSuffix":null,"n_HomeGoals":0,"n_AwayGoals":5,"n_HomeGoalsHalftime":0,"n_AwayGoalsHalftime":4,"n_HomeGoals90mins":null,"n_AwayGoals90mins":null,"n_HomeGoals105mins":null,"n_AwayGoals105mins":null,"n_HomeGoalsShootout":null,"n_AwayGoalsShootout":null,"n_MatchStatusCode":128,"c_MatchStatus":null,"c_MatchStatusShort":null,"n_RefereeID":22032,"c_Referee":"Dick van Riel","n_RefereeNatioGeoID":2201,"c_RefereeNatio":"Netherlands","c_RefereeNatioShort":"NED","n_Spectators":10000,"n_KnockoutPhaseID":null,"n_Leg":null,"c_ScoreFirstLeg":null,"n_WinnerOnAggregateTeamID":null},{"n_CompetitionID":2,"n_CompetitionLevel":1,"c_Competition":"Eredivisie","c_CompetitionShort":"Ere","n_CompetitionNatioGeoID":2201,"c_CompetitionNatio":"Netherlands","c_CompetitionNatioShort":"NED","n_EditionID":8,"c_Season":"1987\/1988","n_MatchID":2424,"d_Date":"\/Date(575334000000+0100)\/","d_DateLocal":"\/Date(575334000000+0100)\/","d_DateUTC":"\/Date(575334000000+0100)\/","n_RoundNr":28,"n_PhaseID":9,"n_PhaseLevel":1,"c_Phase":"Regular","c_PhaseShort":null,"n_HomeTeamID":73,"c_HomeTeam":"PEC Zwolle","c_HomeTeamShort":"ZWO","n_HomeTeamNatioGeoID":2201,"c_HomeTeamNatio":"Nederland","c_HomeTeamNatioShort":"NED","n_AwayTeamID":11,"c_AwayTeam":"PSV","c_AwayTeamShort":"PSV","n_AwayTeamNatioGeoID":2201,"c_AwayTeamNatio":"Nederland","c_AwayTeamNatioShort":"NED","n_StadiumGeoID":5056,"c_Stadium":"Oosterenk","n_CityGeoID":2823,"c_City":"Zwolle","n_CountryGeoID":2201,"c_Country":"Netherlands","c_CountryShort":"NED","c_Score":"0-6 (0-4) ","c_ScoreSuffix":null,"n_HomeGoals":0,"n_AwayGoals":6,"n_HomeGoalsHalftime":0,"n_AwayGoalsHalftime":4,"n_HomeGoals90mins":null,"n_AwayGoals90mins":null,"n_HomeGoals105mins":null,"n_AwayGoals105mins":null,"n_HomeGoalsShootout":null,"n_AwayGoalsShootout":null,"n_MatchStatusCode":128,"c_MatchStatus":null,"c_MatchStatusShort":null,"n_RefereeID":22033,"c_Referee":"Cees Bakker","n_RefereeNatioGeoID":2201,"c_RefereeNatio":"Netherlands","c_RefereeNatioShort":"NED","n_Spectators":10000,"n_KnockoutPhaseID":null,"n_Leg":null,"c_ScoreFirstLeg":null,"n_WinnerOnAggregateTeamID":null},{"n_CompetitionID":2,"n_CompetitionLevel":1,"c_Competition":"Eredivisie","c_CompetitionShort":"Ere","n_CompetitionNatioGeoID":2201,"c_CompetitionNatio":"Netherlands","c_CompetitionNatioShort":"NED","n_EditionID":9,"c_Season":"1986\/1987","n_MatchID":2748,"d_Date":"\/Date(546213600000+0200)\/","d_DateLocal":"\/Date(546213600000+0200)\/","d_DateUTC":"\/Date(546213600000+0200)\/","n_RoundNr":28,"n_PhaseID":10,"n_PhaseLevel":1,"c_Phase":"Regular","c_PhaseShort":null,"n_HomeTeamID":73,"c_HomeTeam":"PEC Zwolle","c_HomeTeamShort":"ZWO","n_HomeTeamNatioGeoID":2201,"c_HomeTeamNatio":"Nederland","c_HomeTeamNatioShort":"NED","n_AwayTeamID":11,"c_AwayTeam":"PSV","c_AwayTeamShort":"PSV","n_AwayTeamNatioGeoID":2201,"c_AwayTeamNatio":"Nederland","c_AwayTeamNatioShort":"NED","n_StadiumGeoID":5056,"c_Stadium":"Oosterenk","n_CityGeoID":2823,"c_City":"Zwolle","n_CountryGeoID":2201,"c_Country":"Netherlands","c_CountryShort":"NED","c_Score":"2-0 (1-0) ","c_ScoreSuffix":null,"n_HomeGoals":2,"n_AwayGoals":0,"n_HomeGoalsHalftime":1,"n_AwayGoalsHalftime":0,"n_HomeGoals90mins":null,"n_AwayGoals90mins":null,"n_HomeGoals105mins":null,"n_AwayGoals105mins":null,"n_HomeGoalsShootout":null,"n_AwayGoalsShootout":null,"n_MatchStatusCode":128,"c_MatchStatus":null,"c_MatchStatusShort":null,"n_RefereeID":22096,"c_Referee":"Chris van der Laar","n_RefereeNatioGeoID":2201,"c_RefereeNatio":"Netherlands","c_RefereeNatioShort":"NED","n_Spectators":10000,"n_KnockoutPhaseID":null,"n_Leg":null,"c_ScoreFirstLeg":null,"n_WinnerOnAggregateTeamID":null},{"n_CompetitionID":2,"n_CompetitionLevel":1,"c_Competition":"Eredivisie","c_CompetitionShort":"Ere","n_CompetitionNatioGeoID":2201,"c_CompetitionNatio":"Netherlands","c_CompetitionNatioShort":"NED","n_EditionID":11,"c_Season":"1984\/1985","n_MatchID":3381,"d_Date":"\/Date(482796000000+0200)\/","d_DateLocal":"\/Date(482796000000+0200)\/","d_DateUTC":"\/Date(482796000000+0200)\/","n_RoundNr":28,"n_PhaseID":12,"n_PhaseLevel":1,"c_Phase":"Regular","c_PhaseShort":null,"n_HomeTeamID":73,"c_HomeTeam":"PEC Zwolle","c_HomeTeamShort":"ZWO","n_HomeTeamNatioGeoID":2201,"c_HomeTeamNatio":"Nederland","c_HomeTeamNatioShort":"NED","n_AwayTeamID":11,"c_AwayTeam":"PSV","c_AwayTeamShort":"PSV","n_AwayTeamNatioGeoID":2201,"c_AwayTeamNatio":"Nederland","c_AwayTeamNatioShort":"NED","n_StadiumGeoID":5056,"c_Stadium":"Oosterenk","n_CityGeoID":2823,"c_City":"Zwolle","n_CountryGeoID":2201,"c_Country":"Netherlands","c_CountryShort":"NED","c_Score":"1-1 (1-0) ","c_ScoreSuffix":null,"n_HomeGoals":1,"n_AwayGoals":1,"n_HomeGoalsHalftime":1,"n_AwayGoalsHalftime":0,"n_HomeGoals90mins":null,"n_AwayGoals90mins":null,"n_HomeGoals105mins":null,"n_AwayGoals105mins":null,"n_HomeGoalsShootout":null,"n_AwayGoalsShootout":null,"n_MatchStatusCode":192,"c_MatchStatus":"Full time","c_MatchStatusShort":"FT","n_RefereeID":22104,"c_Referee":"Arie de Munnik","n_RefereeNatioGeoID":2201,"c_RefereeNatio":"Netherlands","c_RefereeNatioShort":"NED","n_Spectators":4000,"n_KnockoutPhaseID":null,"n_Leg":null,"c_ScoreFirstLeg":null,"n_WinnerOnAggregateTeamID":null},{"n_CompetitionID":2,"n_CompetitionLevel":1,"c_Competition":"Eredivisie","c_CompetitionShort":"Ere","n_CompetitionNatioGeoID":2201,"c_CompetitionNatio":"Netherlands","c_CompetitionNatioShort":"NED","n_EditionID":12,"c_Season":"1983\/1984","n_MatchID":3653,"d_Date":"\/Date(431992800000+0200)\/","d_DateLocal":"\/Date(431992800000+0200)\/","d_DateUTC":"\/Date(431992800000+0200)\/","n_RoundNr":6,"n_PhaseID":13,"n_PhaseLevel":1,"c_Phase":"Regular","c_PhaseShort":null,"n_HomeTeamID":73,"c_HomeTeam":"PEC Zwolle","c_HomeTeamShort":"ZWO","n_HomeTeamNatioGeoID":2201,"c_HomeTeamNatio":"Nederland","c_HomeTeamNatioShort":"NED","n_AwayTeamID":11,"c_AwayTeam":"PSV","c_AwayTeamShort":"PSV","n_AwayTeamNatioGeoID":2201,"c_AwayTeamNatio":"Nederland","c_AwayTeamNatioShort":"NED","n_StadiumGeoID":5056,"c_Stadium":"Oosterenk","n_CityGeoID":2823,"c_City":"Zwolle","n_CountryGeoID":2201,"c_Country":"Netherlands","c_CountryShort":"NED","c_Score":"1-3 (1-1) ","c_ScoreSuffix":null,"n_HomeGoals":1,"n_AwayGoals":3,"n_HomeGoalsHalftime":1,"n_AwayGoalsHalftime":1,"n_HomeGoals90mins":null,"n_AwayGoals90mins":null,"n_HomeGoals105mins":null,"n_AwayGoals105mins":null,"n_HomeGoalsShootout":null,"n_AwayGoalsShootout":null,"n_MatchStatusCode":192,"c_MatchStatus":"Full time","c_MatchStatusShort":"FT","n_RefereeID":22115,"c_Referee":"Piet Bosman","n_RefereeNatioGeoID":2201,"c_RefereeNatio":"Netherlands","c_RefereeNatioShort":"NED","n_Spectators":12000,"n_KnockoutPhaseID":null,"n_Leg":null,"c_ScoreFirstLeg":null,"n_WinnerOnAggregateTeamID":null},{"n_CompetitionID":2,"n_CompetitionLevel":1,"c_Competition":"Eredivisie","c_CompetitionShort":"Ere","n_CompetitionNatioGeoID":2201,"c_CompetitionNatio":"Netherlands","c_CompetitionNatioShort":"NED","n_EditionID":13,"c_Season":"1982\/1983","n_MatchID":3990,"d_Date":"\/Date(407199600000+0100)\/","d_DateLocal":"\/Date(407199600000+0100)\/","d_DateUTC":"\/Date(407199600000+0100)\/","n_RoundNr":15,"n_PhaseID":14,"n_PhaseLevel":1,"c_Phase":"Regular","c_PhaseShort":null,"n_HomeTeamID":73,"c_HomeTeam":"PEC Zwolle","c_HomeTeamShort":"ZWO","n_HomeTeamNatioGeoID":2201,"c_HomeTeamNatio":"Nederland","c_HomeTeamNatioShort":"NED","n_AwayTeamID":11,"c_AwayTeam":"PSV","c_AwayTeamShort":"PSV","n_AwayTeamNatioGeoID":2201,"c_AwayTeamNatio":"Nederland","c_AwayTeamNatioShort":"NED","n_StadiumGeoID":5056,"c_Stadium":"Oosterenk","n_CityGeoID":2823,"c_City":"Zwolle","n_CountryGeoID":2201,"c_Country":"Netherlands","c_CountryShort":"NED","c_Score":"0-2 (0-0) ","c_ScoreSuffix":null,"n_HomeGoals":0,"n_AwayGoals":2,"n_HomeGoalsHalftime":0,"n_AwayGoalsHalftime":0,"n_HomeGoals90mins":null,"n_AwayGoals90mins":null,"n_HomeGoals105mins":null,"n_AwayGoals105mins":null,"n_HomeGoalsShootout":null,"n_AwayGoalsShootout":null,"n_MatchStatusCode":192,"c_MatchStatus":"Full time","c_MatchStatusShort":"FT","n_RefereeID":22120,"c_Referee":"Jan Severein","n_RefereeNatioGeoID":2201,"c_RefereeNatio":"Netherlands","c_RefereeNatioShort":"NED","n_Spectators":6000,"n_KnockoutPhaseID":null,"n_Leg":null,"c_ScoreFirstLeg":null,"n_WinnerOnAggregateTeamID":null},{"n_CompetitionID":2,"n_CompetitionLevel":1,"c_Competition":"Eredivisie","c_CompetitionShort":"Ere","n_CompetitionNatioGeoID":2201,"c_CompetitionNatio":"Netherlands","c_CompetitionNatioShort":"NED","n_EditionID":14,"c_Season":"1981\/1982","n_MatchID":11862,"d_Date":"\/Date(370303200000+0200)\/","d_DateLocal":"\/Date(370303200000+0200)\/","d_DateUTC":"\/Date(370303200000+0200)\/","n_RoundNr":8,"n_PhaseID":15,"n_PhaseLevel":1,"c_Phase":"Regular","c_PhaseShort":null,"n_HomeTeamID":73,"c_HomeTeam":"PEC Zwolle","c_HomeTeamShort":"ZWO","n_HomeTeamNatioGeoID":2201,"c_HomeTeamNatio":"Nederland","c_HomeTeamNatioShort":"NED","n_AwayTeamID":11,"c_AwayTeam":"PSV","c_AwayTeamShort":"PSV","n_AwayTeamNatioGeoID":2201,"c_AwayTeamNatio":"Nederland","c_AwayTeamNatioShort":"NED","n_StadiumGeoID":5056,"c_Stadium":"Oosterenk","n_CityGeoID":2823,"c_City":"Zwolle","n_CountryGeoID":2201,"c_Country":"Netherlands","c_CountryShort":"NED","c_Score":"0-1 (0-0) ","c_ScoreSuffix":null,"n_HomeGoals":0,"n_AwayGoals":1,"n_HomeGoalsHalftime":0,"n_AwayGoalsHalftime":0,"n_HomeGoals90mins":null,"n_AwayGoals90mins":null,"n_HomeGoals105mins":null,"n_AwayGoals105mins":null,"n_HomeGoalsShootout":null,"n_AwayGoalsShootout":null,"n_MatchStatusCode":192,"c_MatchStatus":"Full time","c_MatchStatusShort":"FT","n_RefereeID":22089,"c_Referee":"Bep Thomas","n_RefereeNatioGeoID":2201,"c_RefereeNatio":"Netherlands","c_RefereeNatioShort":"NED","n_Spectators":7000,"n_KnockoutPhaseID":null,"n_Leg":null,"c_ScoreFirstLeg":null,"n_WinnerOnAggregateTeamID":null},{"n_CompetitionID":2,"n_CompetitionLevel":1,"c_Competition":"Eredivisie","c_CompetitionShort":"Ere","n_CompetitionNatioGeoID":2201,"c_CompetitionNatio":"Netherlands","c_CompetitionNatioShort":"NED","n_EditionID":15,"c_Season":"1980\/1981","n_MatchID":10927,"d_Date":"\/Date(336434400000+0200)\/","d_DateLocal":"\/Date(336434400000+0200)\/","d_DateUTC":"\/Date(336434400000+0200)\/","n_RoundNr":3,"n_PhaseID":16,"n_PhaseLevel":1,"c_Phase":"Regular","c_PhaseShort":null,"n_HomeTeamID":73,"c_HomeTeam":"PEC Zwolle","c_HomeTeamShort":"ZWO","n_HomeTeamNatioGeoID":2201,"c_HomeTeamNatio":"Nederland","c_HomeTeamNatioShort":"NED","n_AwayTeamID":11,"c_AwayTeam":"PSV","c_AwayTeamShort":"PSV","n_AwayTeamNatioGeoID":2201,"c_AwayTeamNatio":"Nederland","c_AwayTeamNatioShort":"NED","n_StadiumGeoID":5056,"c_Stadium":"Oosterenk","n_CityGeoID":2823,"c_City":"Zwolle","n_CountryGeoID":2201,"c_Country":"Netherlands","c_CountryShort":"NED","c_Score":"0-0 (0-0) ","c_ScoreSuffix":null,"n_HomeGoals":0,"n_AwayGoals":0,"n_HomeGoalsHalftime":0,"n_AwayGoalsHalftime":0,"n_HomeGoals90mins":null,"n_AwayGoals90mins":null,"n_HomeGoals105mins":null,"n_AwayGoals105mins":null,"n_HomeGoalsShootout":null,"n_AwayGoalsShootout":null,"n_MatchStatusCode":192,"c_MatchStatus":"Full time","c_MatchStatusShort":"FT","n_RefereeID":22122,"c_Referee":"Charles Corver","n_RefereeNatioGeoID":2201,"c_RefereeNatio":"Netherlands","c_RefereeNatioShort":"NED","n_Spectators":10000,"n_KnockoutPhaseID":null,"n_Leg":null,"c_ScoreFirstLeg":null,"n_WinnerOnAggregateTeamID":null},{"n_CompetitionID":2,"n_CompetitionLevel":1,"c_Competition":"Eredivisie","c_CompetitionShort":"Ere","n_CompetitionNatioGeoID":2201,"c_CompetitionNatio":"Netherlands","c_CompetitionNatioShort":"NED","n_EditionID":16,"c_Season":"1979\/1980","n_MatchID":4278,"d_Date":"\/Date(306194400000+0200)\/","d_DateLocal":"\/Date(306194400000+0200)\/","d_DateUTC":"\/Date(306194400000+0200)\/","n_RoundNr":6,"n_PhaseID":17,"n_PhaseLevel":1,"c_Phase":"Regular","c_PhaseShort":null,"n_HomeTeamID":73,"c_HomeTeam":"PEC Zwolle","c_HomeTeamShort":"ZWO","n_HomeTeamNatioGeoID":2201,"c_HomeTeamNatio":"Nederland","c_HomeTeamNatioShort":"NED","n_AwayTeamID":11,"c_AwayTeam":"PSV","c_AwayTeamShort":"PSV","n_AwayTeamNatioGeoID":2201,"c_AwayTeamNatio":"Nederland","c_AwayTeamNatioShort":"NED","n_StadiumGeoID":5056,"c_Stadium":"Oosterenk","n_CityGeoID":2823,"c_City":"Zwolle","n_CountryGeoID":2201,"c_Country":"Netherlands","c_CountryShort":"NED","c_Score":"1-2 (1-1) ","c_ScoreSuffix":null,"n_HomeGoals":1,"n_AwayGoals":2,"n_HomeGoalsHalftime":1,"n_AwayGoalsHalftime":1,"n_HomeGoals90mins":null,"n_AwayGoals90mins":null,"n_HomeGoals105mins":null,"n_AwayGoals105mins":null,"n_HomeGoalsShootout":null,"n_AwayGoalsShootout":null,"n_MatchStatusCode":192,"c_MatchStatus":"Full time","c_MatchStatusShort":"FT","n_RefereeID":22130,"c_Referee":"Bart Ram","n_RefereeNatioGeoID":2201,"c_RefereeNatio":"Netherlands","c_RefereeNatioShort":"NED","n_Spectators":10000,"n_KnockoutPhaseID":null,"n_Leg":null,"c_ScoreFirstLeg":null,"n_WinnerOnAggregateTeamID":null},{"n_CompetitionID":2,"n_CompetitionLevel":1,"c_Competition":"Eredivisie","c_CompetitionShort":"Ere","n_CompetitionNatioGeoID":2201,"c_CompetitionNatio":"Netherlands","c_CompetitionNatioShort":"NED","n_EditionID":17,"c_Season":"1978\/1979","n_MatchID":4566,"d_Date":"\/Date(295912800000+0200)\/","d_DateLocal":"\/Date(295912800000+0200)\/","d_DateUTC":"\/Date(295912800000+0200)\/","n_RoundNr":30,"n_PhaseID":18,"n_PhaseLevel":1,"c_Phase":"Regular","c_PhaseShort":null,"n_HomeTeamID":73,"c_HomeTeam":"PEC Zwolle","c_HomeTeamShort":"ZWO","n_HomeTeamNatioGeoID":2201,"c_HomeTeamNatio":"Nederland","c_HomeTeamNatioShort":"NED","n_AwayTeamID":11,"c_AwayTeam":"PSV","c_AwayTeamShort":"PSV","n_AwayTeamNatioGeoID":2201,"c_AwayTeamNatio":"Nederland","c_AwayTeamNatioShort":"NED","n_StadiumGeoID":5056,"c_Stadium":"Oosterenk","n_CityGeoID":2823,"c_City":"Zwolle","n_CountryGeoID":2201,"c_Country":"Netherlands","c_CountryShort":"NED","c_Score":"0-0 (0-0) ","c_ScoreSuffix":null,"n_HomeGoals":0,"n_AwayGoals":0,"n_HomeGoalsHalftime":0,"n_AwayGoalsHalftime":0,"n_HomeGoals90mins":null,"n_AwayGoals90mins":null,"n_HomeGoals105mins":null,"n_AwayGoals105mins":null,"n_HomeGoalsShootout":null,"n_AwayGoalsShootout":null,"n_MatchStatusCode":192,"c_MatchStatus":"Full time","c_MatchStatusShort":"FT","n_RefereeID":22118,"c_Referee":"Bouke Draaisma","n_RefereeNatioGeoID":2201,"c_RefereeNatio":"Netherlands","c_RefereeNatioShort":"NED","n_Spectators":8000,"n_KnockoutPhaseID":null,"n_Leg":null,"c_ScoreFirstLeg":null,"n_WinnerOnAggregateTeamID":null}]