﻿[{"n_ActionID":12488521,"n_ActionCode":0,"n_ActionCode2":1024,"n_ActionCode3":0,"n_ActionSet":16,"n_ActionSort":1,"c_Action":"Kick-off","c_ActionShort":"KO","n_PeriodSort":2,"c_Period":"First half","c_PeriodShort":"1H","n_ActionTime":0,"n_HomeGoals":0,"n_AwayGoals":0,"n_HomeOrAway":0,"n_TeamID":0,"c_Team":"","c_TeamShort":"","n_PersonID":0,"c_Person":"","c_PersonSort":"","c_PersonShort":"","n_PersonNatioGeoID":0,"c_PersonNatio":null,"c_PersonNatioShort":null,"n_TeamNatioGeoID":null,"c_TeamNatio":null,"c_TeamNatioShort":null,"n_ActionReasonID":0,"c_ActionReason":null,"c_ActionInfo":null,"n_SubPersonID":null,"c_SubPerson":"","c_SubPersonShort":"","c_ActionMinute":"0'"},{"n_ActionID":12488538,"n_ActionCode":4,"n_ActionCode2":0,"n_ActionCode3":0,"n_ActionSet":1,"n_ActionSort":2,"c_Action":"Goal","c_ActionShort":"G","n_PeriodSort":2,"c_Period":"First half","c_PeriodShort":"1H","n_ActionTime":660000,"n_HomeGoals":1,"n_AwayGoals":0,"n_HomeOrAway":1,"n_TeamID":4218,"c_Team":"Panathinaikos","c_TeamShort":"PAN","n_PersonID":857257,"c_Person":"Abdul Ajagun","c_PersonSort":"Ajagun, Abdul","c_PersonShort":"Ajagun","n_PersonNatioGeoID":4364,"c_PersonNatio":"Nigeria","c_PersonNatioShort":"NGR","n_TeamNatioGeoID":2774,"c_TeamNatio":"Greece","c_TeamNatioShort":"GRE","n_ActionReasonID":0,"c_ActionReason":null,"c_ActionInfo":null,"n_SubPersonID":null,"c_SubPerson":"","c_SubPersonShort":"","c_ActionMinute":"11'"},{"n_ActionID":12488544,"n_ActionCode":2048,"n_ActionCode2":0,"n_ActionCode3":0,"n_ActionSet":3,"n_ActionSort":3,"c_Action":"Yellow","c_ActionShort":"Y","n_PeriodSort":2,"c_Period":"First half","c_PeriodShort":"1H","n_ActionTime":1080000,"n_HomeGoals":1,"n_AwayGoals":0,"n_HomeOrAway":-1,"n_TeamID":11,"c_Team":"PSV","c_TeamShort":"PSV","n_PersonID":603677,"c_Person":"Andrés Guardado","c_PersonSort":"Guardado, Andrés","c_PersonShort":"Guardado","n_PersonNatioGeoID":2228,"c_PersonNatio":"Mexico","c_PersonNatioShort":"MEX","n_TeamNatioGeoID":2201,"c_TeamNatio":"Netherlands","c_TeamNatioShort":"NED","n_ActionReasonID":0,"c_ActionReason":null,"c_ActionInfo":null,"n_SubPersonID":null,"c_SubPerson":"","c_SubPersonShort":"","c_ActionMinute":"18'"},{"n_ActionID":12488547,"n_ActionCode":2048,"n_ActionCode2":0,"n_ActionCode3":0,"n_ActionSet":3,"n_ActionSort":4,"c_Action":"Yellow","c_ActionShort":"Y","n_PeriodSort":2,"c_Period":"First half","c_PeriodShort":"1H","n_ActionTime":1320000,"n_HomeGoals":1,"n_AwayGoals":0,"n_HomeOrAway":1,"n_TeamID":4218,"c_Team":"Panathinaikos","c_TeamShort":"PAN","n_PersonID":887546,"c_Person":"Anastasios Lagos","c_PersonSort":"Lagos, Anastasios","c_PersonShort":"Lagos","n_PersonNatioGeoID":2774,"c_PersonNatio":"Greece","c_PersonNatioShort":"GRE","n_TeamNatioGeoID":2774,"c_TeamNatio":"Greece","c_TeamNatioShort":"GRE","n_ActionReasonID":0,"c_ActionReason":null,"c_ActionInfo":null,"n_SubPersonID":null,"c_SubPerson":"","c_SubPersonShort":"","c_ActionMinute":"22'"},{"n_ActionID":12488555,"n_ActionCode":4,"n_ActionCode2":0,"n_ActionCode3":0,"n_ActionSet":1,"n_ActionSort":5,"c_Action":"Goal","c_ActionShort":"G","n_PeriodSort":2,"c_Period":"First half","c_PeriodShort":"1H","n_ActionTime":1620000,"n_HomeGoals":1,"n_AwayGoals":1,"n_HomeOrAway":-1,"n_TeamID":11,"c_Team":"PSV","c_TeamShort":"PSV","n_PersonID":970679,"c_Person":"Memphis Depay","c_PersonSort":"Depay, Memphis","c_PersonShort":"Depay","n_PersonNatioGeoID":2201,"c_PersonNatio":"Netherlands","c_PersonNatioShort":"NED","n_TeamNatioGeoID":2201,"c_TeamNatio":"Netherlands","c_TeamNatioShort":"NED","n_ActionReasonID":0,"c_ActionReason":null,"c_ActionInfo":null,"n_SubPersonID":null,"c_SubPerson":"","c_SubPersonShort":"","c_ActionMinute":"27'"},{"n_ActionID":12488568,"n_ActionCode":2048,"n_ActionCode2":0,"n_ActionCode3":0,"n_ActionSet":3,"n_ActionSort":6,"c_Action":"Yellow","c_ActionShort":"Y","n_PeriodSort":2,"c_Period":"First half","c_PeriodShort":"1H","n_ActionTime":2160000,"n_HomeGoals":1,"n_AwayGoals":1,"n_HomeOrAway":1,"n_TeamID":4218,"c_Team":"Panathinaikos","c_TeamShort":"PAN","n_PersonID":876608,"c_Person":"Zeca","c_PersonSort":"Zeca","c_PersonShort":"Zeca","n_PersonNatioGeoID":2223,"c_PersonNatio":"Portugal","c_PersonNatioShort":"POR","n_TeamNatioGeoID":2774,"c_TeamNatio":"Greece","c_TeamNatioShort":"GRE","n_ActionReasonID":0,"c_ActionReason":null,"c_ActionInfo":null,"n_SubPersonID":null,"c_SubPerson":"","c_SubPersonShort":"","c_ActionMinute":"36'"},{"n_ActionID":12488578,"n_ActionCode":4,"n_ActionCode2":0,"n_ActionCode3":0,"n_ActionSet":1,"n_ActionSort":7,"c_Action":"Goal","c_ActionShort":"G","n_PeriodSort":2,"c_Period":"First half","c_PeriodShort":"1H","n_ActionTime":2580000,"n_HomeGoals":2,"n_AwayGoals":1,"n_HomeOrAway":1,"n_TeamID":4218,"c_Team":"Panathinaikos","c_TeamShort":"PAN","n_PersonID":118820,"c_Person":"Mladen Petric","c_PersonSort":"Petric, Mladen","c_PersonShort":"Petric","n_PersonNatioGeoID":4354,"c_PersonNatio":"Croatia","c_PersonNatioShort":"CRO","n_TeamNatioGeoID":2774,"c_TeamNatio":"Greece","c_TeamNatioShort":"GRE","n_ActionReasonID":0,"c_ActionReason":null,"c_ActionInfo":null,"n_SubPersonID":null,"c_SubPerson":"","c_SubPersonShort":"","c_ActionMinute":"43'"},{"n_ActionID":12488309,"n_ActionCode":16384,"n_ActionCode2":0,"n_ActionCode3":0,"n_ActionSet":5,"n_ActionSort":8,"c_Action":"Substitution","c_ActionShort":"Sub","n_PeriodSort":2,"c_Period":"First half","c_PeriodShort":"1H","n_ActionTime":2640000,"n_HomeGoals":null,"n_AwayGoals":null,"n_HomeOrAway":1,"n_TeamID":4218,"c_Team":"Panathinaikos","c_TeamShort":"PAN","n_PersonID":1077835,"c_Person":"Christos Donis","c_PersonSort":"Donis, Christos","c_PersonShort":"Donis","n_PersonNatioGeoID":2774,"c_PersonNatio":"Greece","c_PersonNatioShort":"GRE","n_TeamNatioGeoID":2774,"c_TeamNatio":"Greece","c_TeamNatioShort":"GRE","n_ActionReasonID":0,"c_ActionReason":null,"c_ActionInfo":null,"n_SubPersonID":887546,"c_SubPerson":"Anastasios Lagos","c_SubPersonShort":"Lagos","c_ActionMinute":"44'"},{"n_ActionID":12488588,"n_ActionCode":0,"n_ActionCode2":2048,"n_ActionCode3":0,"n_ActionSet":16,"n_ActionSort":9,"c_Action":"End of period","c_ActionShort":"End","n_PeriodSort":2,"c_Period":"First half","c_PeriodShort":"1H","n_ActionTime":2824000,"n_HomeGoals":2,"n_AwayGoals":1,"n_HomeOrAway":0,"n_TeamID":0,"c_Team":"","c_TeamShort":"","n_PersonID":0,"c_Person":"","c_PersonSort":"","c_PersonShort":"","n_PersonNatioGeoID":0,"c_PersonNatio":null,"c_PersonNatioShort":null,"n_TeamNatioGeoID":null,"c_TeamNatio":null,"c_TeamNatioShort":null,"n_ActionReasonID":0,"c_ActionReason":null,"c_ActionInfo":null,"n_SubPersonID":null,"c_SubPerson":"","c_SubPersonShort":"","c_ActionMinute":"45'+3'"},{"n_ActionID":12488752,"n_ActionCode":0,"n_ActionCode2":1024,"n_ActionCode3":0,"n_ActionSet":16,"n_ActionSort":10,"c_Action":"Kick-off","c_ActionShort":"KO","n_PeriodSort":4,"c_Period":"Second half","c_PeriodShort":"2H","n_ActionTime":2700000,"n_HomeGoals":2,"n_AwayGoals":1,"n_HomeOrAway":0,"n_TeamID":0,"c_Team":"","c_TeamShort":"","n_PersonID":0,"c_Person":"","c_PersonSort":"","c_PersonShort":"","n_PersonNatioGeoID":0,"c_PersonNatio":null,"c_PersonNatioShort":null,"n_TeamNatioGeoID":null,"c_TeamNatio":null,"c_TeamNatioShort":null,"n_ActionReasonID":0,"c_ActionReason":null,"c_ActionInfo":null,"n_SubPersonID":null,"c_SubPerson":"","c_SubPersonShort":"","c_ActionMinute":"45'"},{"n_ActionID":12488869,"n_ActionCode":2048,"n_ActionCode2":0,"n_ActionCode3":0,"n_ActionSet":3,"n_ActionSort":11,"c_Action":"Yellow","c_ActionShort":"Y","n_PeriodSort":4,"c_Period":"Second half","c_PeriodShort":"2H","n_ActionTime":3360000,"n_HomeGoals":2,"n_AwayGoals":1,"n_HomeOrAway":1,"n_TeamID":4218,"c_Team":"Panathinaikos","c_TeamShort":"PAN","n_PersonID":118820,"c_Person":"Mladen Petric","c_PersonSort":"Petric, Mladen","c_PersonShort":"Petric","n_PersonNatioGeoID":4354,"c_PersonNatio":"Croatia","c_PersonNatioShort":"CRO","n_TeamNatioGeoID":2774,"c_TeamNatio":"Greece","c_TeamNatioShort":"GRE","n_ActionReasonID":0,"c_ActionReason":null,"c_ActionInfo":null,"n_SubPersonID":null,"c_SubPerson":"","c_SubPersonShort":"","c_ActionMinute":"56'"},{"n_ActionID":12488907,"n_ActionCode":2048,"n_ActionCode2":0,"n_ActionCode3":0,"n_ActionSet":3,"n_ActionSort":12,"c_Action":"Yellow","c_ActionShort":"Y","n_PeriodSort":4,"c_Period":"Second half","c_PeriodShort":"2H","n_ActionTime":3480000,"n_HomeGoals":2,"n_AwayGoals":1,"n_HomeOrAway":1,"n_TeamID":4218,"c_Team":"Panathinaikos","c_TeamShort":"PAN","n_PersonID":557417,"c_Person":"Danijel Pranjic","c_PersonSort":"Pranjic, Danijel","c_PersonShort":"Pranjic","n_PersonNatioGeoID":4354,"c_PersonNatio":"Croatia","c_PersonNatioShort":"CRO","n_TeamNatioGeoID":2774,"c_TeamNatio":"Greece","c_TeamNatioShort":"GRE","n_ActionReasonID":0,"c_ActionReason":null,"c_ActionInfo":null,"n_SubPersonID":null,"c_SubPerson":"","c_SubPersonShort":"","c_ActionMinute":"58'"},{"n_ActionID":12488311,"n_ActionCode":16384,"n_ActionCode2":0,"n_ActionCode3":0,"n_ActionSet":5,"n_ActionSort":13,"c_Action":"Substitution","c_ActionShort":"Sub","n_PeriodSort":4,"c_Period":"Second half","c_PeriodShort":"2H","n_ActionTime":3840000,"n_HomeGoals":null,"n_AwayGoals":null,"n_HomeOrAway":1,"n_TeamID":4218,"c_Team":"Panathinaikos","c_TeamShort":"PAN","n_PersonID":577253,"c_Person":"Marcus Berg","c_PersonSort":"Berg, Marcus","c_PersonShort":"Berg","n_PersonNatioGeoID":2222,"c_PersonNatio":"Sweden","c_PersonNatioShort":"SWE","n_TeamNatioGeoID":2774,"c_TeamNatio":"Greece","c_TeamNatioShort":"GRE","n_ActionReasonID":0,"c_ActionReason":null,"c_ActionInfo":null,"n_SubPersonID":118820,"c_SubPerson":"Mladen Petric","c_SubPersonShort":"Petric","c_ActionMinute":"64'"},{"n_ActionID":12488941,"n_ActionCode":4,"n_ActionCode2":0,"n_ActionCode3":0,"n_ActionSet":1,"n_ActionSort":14,"c_Action":"Goal","c_ActionShort":"G","n_PeriodSort":4,"c_Period":"Second half","c_PeriodShort":"2H","n_ActionTime":3900000,"n_HomeGoals":2,"n_AwayGoals":2,"n_HomeOrAway":-1,"n_TeamID":11,"c_Team":"PSV","c_TeamShort":"PSV","n_PersonID":740670,"c_Person":"Luuk de Jong","c_PersonSort":"De Jong, Luuk","c_PersonShort":"L. de Jong","n_PersonNatioGeoID":2201,"c_PersonNatio":"Netherlands","c_PersonNatioShort":"NED","n_TeamNatioGeoID":2201,"c_TeamNatio":"Netherlands","c_TeamNatioShort":"NED","n_ActionReasonID":0,"c_ActionReason":null,"c_ActionInfo":null,"n_SubPersonID":null,"c_SubPerson":"","c_SubPersonShort":"","c_ActionMinute":"65'"},{"n_ActionID":12488310,"n_ActionCode":16384,"n_ActionCode2":0,"n_ActionCode3":0,"n_ActionSet":5,"n_ActionSort":15,"c_Action":"Substitution","c_ActionShort":"Sub","n_PeriodSort":4,"c_Period":"Second half","c_PeriodShort":"2H","n_ActionTime":4320000,"n_HomeGoals":null,"n_AwayGoals":null,"n_HomeOrAway":1,"n_TeamID":4218,"c_Team":"Panathinaikos","c_TeamShort":"PAN","n_PersonID":1090640,"c_Person":"Ouasim Bouy","c_PersonSort":"Bouy, Ouasim","c_PersonShort":"Bouy","n_PersonNatioGeoID":2201,"c_PersonNatio":"Netherlands","c_PersonNatioShort":"NED","n_TeamNatioGeoID":2774,"c_TeamNatio":"Greece","c_TeamNatioShort":"GRE","n_ActionReasonID":0,"c_ActionReason":null,"c_ActionInfo":null,"n_SubPersonID":857257,"c_SubPerson":"Abdul Ajagun","c_SubPersonShort":"Ajagun","c_ActionMinute":"72'"},{"n_ActionID":12488969,"n_ActionCode":4,"n_ActionCode2":0,"n_ActionCode3":0,"n_ActionSet":1,"n_ActionSort":16,"c_Action":"Goal","c_ActionShort":"G","n_PeriodSort":4,"c_Period":"Second half","c_PeriodShort":"2H","n_ActionTime":4680000,"n_HomeGoals":2,"n_AwayGoals":3,"n_HomeOrAway":-1,"n_TeamID":11,"c_Team":"PSV","c_TeamShort":"PSV","n_PersonID":664067,"c_Person":"Georginio Wijnaldum","c_PersonSort":"Wijnaldum, Georginio","c_PersonShort":"Wijnaldum","n_PersonNatioGeoID":2201,"c_PersonNatio":"Netherlands","c_PersonNatioShort":"NED","n_TeamNatioGeoID":2201,"c_TeamNatio":"Netherlands","c_TeamNatioShort":"NED","n_ActionReasonID":0,"c_ActionReason":null,"c_ActionInfo":null,"n_SubPersonID":null,"c_SubPerson":"","c_SubPersonShort":"","c_ActionMinute":"78'"},{"n_ActionID":12488984,"n_ActionCode":2048,"n_ActionCode2":0,"n_ActionCode3":0,"n_ActionSet":3,"n_ActionSort":17,"c_Action":"Yellow","c_ActionShort":"Y","n_PeriodSort":4,"c_Period":"Second half","c_PeriodShort":"2H","n_ActionTime":4800000,"n_HomeGoals":2,"n_AwayGoals":3,"n_HomeOrAway":1,"n_TeamID":4218,"c_Team":"Panathinaikos","c_TeamShort":"PAN","n_PersonID":577253,"c_Person":"Marcus Berg","c_PersonSort":"Berg, Marcus","c_PersonShort":"Berg","n_PersonNatioGeoID":2222,"c_PersonNatio":"Sweden","c_PersonNatioShort":"SWE","n_TeamNatioGeoID":2774,"c_TeamNatio":"Greece","c_TeamNatioShort":"GRE","n_ActionReasonID":0,"c_ActionReason":null,"c_ActionInfo":null,"n_SubPersonID":null,"c_SubPerson":"","c_SubPersonShort":"","c_ActionMinute":"80'"},{"n_ActionID":12488316,"n_ActionCode":16384,"n_ActionCode2":0,"n_ActionCode3":0,"n_ActionSet":5,"n_ActionSort":18,"c_Action":"Substitution","c_ActionShort":"Sub","n_PeriodSort":4,"c_Period":"Second half","c_PeriodShort":"2H","n_ActionTime":5520000,"n_HomeGoals":null,"n_AwayGoals":null,"n_HomeOrAway":-1,"n_TeamID":11,"c_Team":"PSV","c_TeamShort":"PSV","n_PersonID":1115087,"c_Person":"Jorrit Hendrix","c_PersonSort":"Hendrix, Jorrit","c_PersonShort":"Hendrix","n_PersonNatioGeoID":2201,"c_PersonNatio":"Netherlands","c_PersonNatioShort":"NED","n_TeamNatioGeoID":2201,"c_TeamNatio":"Netherlands","c_TeamNatioShort":"NED","n_ActionReasonID":0,"c_ActionReason":null,"c_ActionInfo":null,"n_SubPersonID":911639,"c_SubPerson":"Jetro Willems","c_SubPersonShort":"Willems","c_ActionMinute":"90'+2'"},{"n_ActionID":12488318,"n_ActionCode":16384,"n_ActionCode2":0,"n_ActionCode3":0,"n_ActionSet":5,"n_ActionSort":19,"c_Action":"Substitution","c_ActionShort":"Sub","n_PeriodSort":4,"c_Period":"Second half","c_PeriodShort":"2H","n_ActionTime":5820000,"n_HomeGoals":null,"n_AwayGoals":null,"n_HomeOrAway":-1,"n_TeamID":11,"c_Team":"PSV","c_TeamShort":"PSV","n_PersonID":877830,"c_Person":"Florian Jozefzoon","c_PersonSort":"Jozefzoon, Florian","c_PersonShort":"Jozefzoon","n_PersonNatioGeoID":2201,"c_PersonNatio":"Netherlands","c_PersonNatioShort":"NED","n_TeamNatioGeoID":2201,"c_TeamNatio":"Netherlands","c_TeamNatioShort":"NED","n_ActionReasonID":0,"c_ActionReason":null,"c_ActionInfo":null,"n_SubPersonID":753369,"c_SubPerson":"Luciano Narsingh","c_SubPersonShort":"Narsingh","c_ActionMinute":"90'+7'"},{"n_ActionID":12489033,"n_ActionCode":0,"n_ActionCode2":2048,"n_ActionCode3":0,"n_ActionSet":16,"n_ActionSort":20,"c_Action":"End of period","c_ActionShort":"End","n_PeriodSort":4,"c_Period":"Second half","c_PeriodShort":"2H","n_ActionTime":5854000,"n_HomeGoals":2,"n_AwayGoals":3,"n_HomeOrAway":0,"n_TeamID":0,"c_Team":"","c_TeamShort":"","n_PersonID":0,"c_Person":"","c_PersonSort":"","c_PersonShort":"","n_PersonNatioGeoID":0,"c_PersonNatio":null,"c_PersonNatioShort":null,"n_TeamNatioGeoID":null,"c_TeamNatio":null,"c_TeamNatioShort":null,"n_ActionReasonID":0,"c_ActionReason":null,"c_ActionInfo":null,"n_SubPersonID":null,"c_SubPerson":"","c_SubPersonShort":"","c_ActionMinute":"90'+8'"}]