﻿[{"n_CompetitionID":2,"n_CompetitionLevel":1,"c_Competition":"Eredivisie","c_CompetitionShort":"Ere","n_CompetitionNatioGeoID":2201,"c_CompetitionNatio":"Netherlands","c_CompetitionNatioShort":"NED","n_HomeTeamID":11,"c_HomeTeam":"PSV","c_HomeTeamShort":"PSV","n_HomeTeamNatioGeoID":2201,"c_HomeTeamNatio":"Netherlands","c_HomeTeamNatioShort":"NED","n_AwayTeamID":71,"c_AwayTeam":"SC Cambuur","c_AwayTeamShort":"CAM","n_AwayTeamNatioGeoID":2201,"c_AwayTeamNatio":"Netherlands","c_AwayTeamNatioShort":"NED","n_Matches":6,"n_MatchesWonHome":5,"n_MatchesDrawn":1,"n_MatchesWonAway":0,"n_GoalsForHome":13,"n_GoalsForAway":0}]