﻿[{"n_ActionID":12715531,"n_ActionCode":2048,"n_ActionCode2":0,"n_ActionCode3":0,"n_ActionSet":3,"n_ActionSort":1,"c_Action":"Yellow","c_ActionShort":"Y","n_PeriodSort":4,"c_Period":"Second half","c_PeriodShort":"2H","n_ActionTime":4232000,"n_HomeGoals":2,"n_AwayGoals":0,"n_HomeOrAway":1,"n_TeamID":11,"c_Team":"PSV","c_TeamShort":"PSV","n_PersonID":753369,"c_Person":"Luciano Narsingh","c_PersonSort":"Narsingh, Luciano","c_PersonShort":"Narsingh","n_PersonNatioGeoID":2201,"c_PersonNatio":"Netherlands","c_PersonNatioShort":"NED","n_TeamNatioGeoID":2201,"c_TeamNatio":"Netherlands","c_TeamNatioShort":"NED","n_ActionReasonID":56,"c_ActionReason":"Dive","c_ActionInfo":null,"n_SubPersonID":null,"c_SubPerson":null,"c_SubPersonShort":null,"c_ActionMinute":"71'"}]