﻿[{"n_CompetitionID":2,"n_CompetitionLevel":1,"c_Competition":"Eredivisie","c_CompetitionShort":"Ere","n_CompetitionNatioGeoID":2201,"c_CompetitionNatio":"Netherlands","c_CompetitionNatioShort":"NED","n_HomeTeamID":11,"c_HomeTeam":"PSV","c_HomeTeamShort":"PSV","n_HomeTeamNatioGeoID":2201,"c_HomeTeamNatio":"Nederland","c_HomeTeamNatioShort":"NED","n_AwayTeamID":78,"c_AwayTeam":"Excelsior","c_AwayTeamShort":"EXC","n_AwayTeamNatioGeoID":2201,"c_AwayTeamNatio":"Nederland","c_AwayTeamNatioShort":"NED","n_Matches":18,"n_MatchesWonHome":15,"n_MatchesDrawn":2,"n_MatchesWonAway":1,"n_GoalsForHome":67,"n_GoalsForAway":11}]