﻿[{"n_ActionID":12567702,"n_ActionCode":4,"n_ActionCode2":0,"n_ActionCode3":67239940,"n_ActionSet":1,"n_ActionSort":1,"c_Action":"Goal","c_ActionShort":"G","n_PeriodSort":4,"c_Period":"Second half","c_PeriodShort":"2H","n_ActionTime":3414000,"n_HomeGoals":0,"n_AwayGoals":1,"n_HomeOrAway":-1,"n_TeamID":11,"c_Team":"PSV","c_TeamShort":"PSV","n_PersonID":740670,"c_Person":"Luuk de Jong","c_PersonSort":"De Jong, Luuk","c_PersonShort":"L. de Jong","n_PersonNatioGeoID":2201,"c_PersonNatio":"Netherlands","c_PersonNatioShort":"NED","n_TeamNatioGeoID":2201,"c_TeamNatio":"Netherlands","c_TeamNatioShort":"NED","n_ActionReasonID":37,"c_ActionReason":"Assist","c_ActionInfo":"Header","n_SubPersonID":911639,"c_SubPerson":"Jetro Willems","c_SubPersonShort":"Willems","c_ActionMinute":"57'"},{"n_ActionID":12568172,"n_ActionCode":4,"n_ActionCode2":0,"n_ActionCode3":67239940,"n_ActionSet":1,"n_ActionSort":2,"c_Action":"Goal","c_ActionShort":"G","n_PeriodSort":4,"c_Period":"Second half","c_PeriodShort":"2H","n_ActionTime":4974000,"n_HomeGoals":1,"n_AwayGoals":1,"n_HomeOrAway":1,"n_TeamID":6,"c_Team":"FC Groningen","c_TeamShort":"GRO","n_PersonID":788777,"c_Person":"Michael de Leeuw","c_PersonSort":"De Leeuw, Michael","c_PersonShort":"de Leeuw","n_PersonNatioGeoID":2201,"c_PersonNatio":"Netherlands","c_PersonNatioShort":"NED","n_TeamNatioGeoID":2201,"c_TeamNatio":"Netherlands","c_TeamNatioShort":"NED","n_ActionReasonID":37,"c_ActionReason":"Assist","c_ActionInfo":"Header","n_SubPersonID":1082309,"c_SubPerson":"Mimoun Mahi","c_SubPersonShort":"Mahi","c_ActionMinute":"83'"}]