﻿[{"n_ActionID":12046991,"n_ActionCode":0,"n_ActionCode2":1024,"n_ActionCode3":0,"n_ActionSet":16,"n_ActionSort":1,"c_Action":"Kick-off","c_ActionShort":"KO","n_PeriodSort":2,"c_Period":"First half","c_PeriodShort":"1H","n_ActionTime":0,"n_HomeGoals":0,"n_AwayGoals":0,"n_HomeOrAway":0,"n_TeamID":0,"c_Team":"","c_TeamShort":"","n_PersonID":0,"c_Person":"","c_PersonSort":"","c_PersonShort":"","n_PersonNatioGeoID":0,"c_PersonNatio":null,"c_PersonNatioShort":null,"n_TeamNatioGeoID":null,"c_TeamNatio":null,"c_TeamNatioShort":null,"n_ActionReasonID":0,"c_ActionReason":null,"c_ActionInfo":null,"n_SubPersonID":null,"c_SubPerson":"","c_SubPersonShort":"","c_ActionMinute":"0'"},{"n_ActionID":12047157,"n_ActionCode":4,"n_ActionCode2":0,"n_ActionCode3":0,"n_ActionSet":1,"n_ActionSort":2,"c_Action":"Goal","c_ActionShort":"G","n_PeriodSort":2,"c_Period":"First half","c_PeriodShort":"1H","n_ActionTime":1680000,"n_HomeGoals":0,"n_AwayGoals":1,"n_HomeOrAway":-1,"n_TeamID":11,"c_Team":"PSV","c_TeamShort":"PSV","n_PersonID":970689,"c_Person":"Jürgen Locadia","c_PersonSort":"Locadia, Jürgen","c_PersonShort":"Locadia","n_PersonNatioGeoID":2201,"c_PersonNatio":"Netherlands","c_PersonNatioShort":"NED","n_TeamNatioGeoID":2201,"c_TeamNatio":"Netherlands","c_TeamNatioShort":"NED","n_ActionReasonID":0,"c_ActionReason":null,"c_ActionInfo":null,"n_SubPersonID":null,"c_SubPerson":"","c_SubPersonShort":"","c_ActionMinute":"28'"},{"n_ActionID":12047256,"n_ActionCode":0,"n_ActionCode2":2048,"n_ActionCode3":0,"n_ActionSet":16,"n_ActionSort":3,"c_Action":"End of period","c_ActionShort":"End","n_PeriodSort":2,"c_Period":"First half","c_PeriodShort":"1H","n_ActionTime":2735000,"n_HomeGoals":0,"n_AwayGoals":1,"n_HomeOrAway":0,"n_TeamID":0,"c_Team":"","c_TeamShort":"","n_PersonID":0,"c_Person":"","c_PersonSort":"","c_PersonShort":"","n_PersonNatioGeoID":0,"c_PersonNatio":null,"c_PersonNatioShort":null,"n_TeamNatioGeoID":null,"c_TeamNatio":null,"c_TeamNatioShort":null,"n_ActionReasonID":0,"c_ActionReason":null,"c_ActionInfo":null,"n_SubPersonID":null,"c_SubPerson":"","c_SubPersonShort":"","c_ActionMinute":"45'+1'"},{"n_ActionID":12046610,"n_ActionCode":16384,"n_ActionCode2":0,"n_ActionCode3":0,"n_ActionSet":5,"n_ActionSort":4,"c_Action":"Substitution","c_ActionShort":"Sub","n_PeriodSort":3,"c_Period":"Half time","c_PeriodShort":"HT","n_ActionTime":2760000,"n_HomeGoals":null,"n_AwayGoals":null,"n_HomeOrAway":1,"n_TeamID":102986,"c_Team":"SKN St. Pölten","c_TeamShort":"SKN","n_PersonID":1266966,"c_Person":"Michael Ambichl","c_PersonSort":"Ambichl, Michael","c_PersonShort":"Ambichl","n_PersonNatioGeoID":2219,"c_PersonNatio":"Austria","c_PersonNatioShort":"AUT","n_TeamNatioGeoID":2219,"c_TeamNatio":"Austria","c_TeamNatioShort":"AUT","n_ActionReasonID":0,"c_ActionReason":null,"c_ActionInfo":null,"n_SubPersonID":1234959,"c_SubPerson":"David Parada Calvillo","c_SubPersonShort":"Parada Calvillo","c_ActionMinute":"46'"},{"n_ActionID":12047454,"n_ActionCode":0,"n_ActionCode2":1024,"n_ActionCode3":0,"n_ActionSet":16,"n_ActionSort":5,"c_Action":"Kick-off","c_ActionShort":"KO","n_PeriodSort":4,"c_Period":"Second half","c_PeriodShort":"2H","n_ActionTime":2700000,"n_HomeGoals":0,"n_AwayGoals":1,"n_HomeOrAway":0,"n_TeamID":0,"c_Team":"","c_TeamShort":"","n_PersonID":0,"c_Person":"","c_PersonSort":"","c_PersonShort":"","n_PersonNatioGeoID":0,"c_PersonNatio":null,"c_PersonNatioShort":null,"n_TeamNatioGeoID":null,"c_TeamNatio":null,"c_TeamNatioShort":null,"n_ActionReasonID":0,"c_ActionReason":null,"c_ActionInfo":null,"n_SubPersonID":null,"c_SubPerson":"","c_SubPersonShort":"","c_ActionMinute":"45'"},{"n_ActionID":12047547,"n_ActionCode":4,"n_ActionCode2":0,"n_ActionCode3":0,"n_ActionSet":1,"n_ActionSort":6,"c_Action":"Goal","c_ActionShort":"G","n_PeriodSort":4,"c_Period":"Second half","c_PeriodShort":"2H","n_ActionTime":3360000,"n_HomeGoals":1,"n_AwayGoals":1,"n_HomeOrAway":1,"n_TeamID":102986,"c_Team":"SKN St. Pölten","c_TeamShort":"SKN","n_PersonID":1144568,"c_Person":"Daniel Lucas Segovia","c_PersonSort":"Segovia, Daniel Lucas","c_PersonShort":"Segovia","n_PersonNatioGeoID":2203,"c_PersonNatio":"Spain","c_PersonNatioShort":"ESP","n_TeamNatioGeoID":2219,"c_TeamNatio":"Austria","c_TeamNatioShort":"AUT","n_ActionReasonID":0,"c_ActionReason":null,"c_ActionInfo":null,"n_SubPersonID":null,"c_SubPerson":"","c_SubPersonShort":"","c_ActionMinute":"56'"},{"n_ActionID":12046590,"n_ActionCode":16384,"n_ActionCode2":0,"n_ActionCode3":0,"n_ActionSet":5,"n_ActionSort":7,"c_Action":"Substitution","c_ActionShort":"Sub","n_PeriodSort":4,"c_Period":"Second half","c_PeriodShort":"2H","n_ActionTime":3720000,"n_HomeGoals":null,"n_AwayGoals":null,"n_HomeOrAway":-1,"n_TeamID":11,"c_Team":"PSV","c_TeamShort":"PSV","n_PersonID":970679,"c_Person":"Memphis Depay","c_PersonSort":"Depay, Memphis","c_PersonShort":"Depay","n_PersonNatioGeoID":2201,"c_PersonNatio":"Netherlands","c_PersonNatioShort":"NED","n_TeamNatioGeoID":2201,"c_TeamNatio":"Netherlands","c_TeamNatioShort":"NED","n_ActionReasonID":0,"c_ActionReason":null,"c_ActionInfo":null,"n_SubPersonID":753369,"c_SubPerson":"Luciano Narsingh","c_SubPersonShort":"Narsingh","c_ActionMinute":"62'"},{"n_ActionID":12047598,"n_ActionCode":4,"n_ActionCode2":0,"n_ActionCode3":0,"n_ActionSet":1,"n_ActionSort":8,"c_Action":"Goal","c_ActionShort":"G","n_PeriodSort":4,"c_Period":"Second half","c_PeriodShort":"2H","n_ActionTime":4140000,"n_HomeGoals":1,"n_AwayGoals":2,"n_HomeOrAway":-1,"n_TeamID":11,"c_Team":"PSV","c_TeamShort":"PSV","n_PersonID":970679,"c_Person":"Memphis Depay","c_PersonSort":"Depay, Memphis","c_PersonShort":"Depay","n_PersonNatioGeoID":2201,"c_PersonNatio":"Netherlands","c_PersonNatioShort":"NED","n_TeamNatioGeoID":2201,"c_TeamNatio":"Netherlands","c_TeamNatioShort":"NED","n_ActionReasonID":0,"c_ActionReason":null,"c_ActionInfo":null,"n_SubPersonID":null,"c_SubPerson":"","c_SubPersonShort":"","c_ActionMinute":"69'"},{"n_ActionID":12047603,"n_ActionCode":4,"n_ActionCode2":0,"n_ActionCode3":0,"n_ActionSet":1,"n_ActionSort":9,"c_Action":"Goal","c_ActionShort":"G","n_PeriodSort":4,"c_Period":"Second half","c_PeriodShort":"2H","n_ActionTime":4200000,"n_HomeGoals":1,"n_AwayGoals":3,"n_HomeOrAway":-1,"n_TeamID":11,"c_Team":"PSV","c_TeamShort":"PSV","n_PersonID":740670,"c_Person":"Luuk de Jong","c_PersonSort":"De Jong, Luuk","c_PersonShort":"L. de Jong","n_PersonNatioGeoID":2201,"c_PersonNatio":"Netherlands","c_PersonNatioShort":"NED","n_TeamNatioGeoID":2201,"c_TeamNatio":"Netherlands","c_TeamNatioShort":"NED","n_ActionReasonID":0,"c_ActionReason":null,"c_ActionInfo":null,"n_SubPersonID":null,"c_SubPerson":"","c_SubPersonShort":"","c_ActionMinute":"70'"},{"n_ActionID":12046611,"n_ActionCode":16384,"n_ActionCode2":0,"n_ActionCode3":0,"n_ActionSet":5,"n_ActionSort":10,"c_Action":"Substitution","c_ActionShort":"Sub","n_PeriodSort":4,"c_Period":"Second half","c_PeriodShort":"2H","n_ActionTime":4380000,"n_HomeGoals":null,"n_AwayGoals":null,"n_HomeOrAway":1,"n_TeamID":102986,"c_Team":"SKN St. Pölten","c_TeamShort":"SKN","n_PersonID":1021446,"c_Person":"Bernhard Fucik","c_PersonSort":"Fucik, Bernhard","c_PersonShort":"Fucik","n_PersonNatioGeoID":2219,"c_PersonNatio":"Austria","c_PersonNatioShort":"AUT","n_TeamNatioGeoID":2219,"c_TeamNatio":"Austria","c_TeamNatioShort":"AUT","n_ActionReasonID":0,"c_ActionReason":null,"c_ActionInfo":null,"n_SubPersonID":1266967,"c_SubPerson":"Gary Noel","c_SubPersonShort":"Noel","c_ActionMinute":"73'"},{"n_ActionID":12046589,"n_ActionCode":16384,"n_ActionCode2":0,"n_ActionCode3":0,"n_ActionSet":5,"n_ActionSort":11,"c_Action":"Substitution","c_ActionShort":"Sub","n_PeriodSort":4,"c_Period":"Second half","c_PeriodShort":"2H","n_ActionTime":4440000,"n_HomeGoals":null,"n_AwayGoals":null,"n_HomeOrAway":-1,"n_TeamID":11,"c_Team":"PSV","c_TeamShort":"PSV","n_PersonID":857345,"c_Person":"Santiago Arias","c_PersonSort":"Arias, Santiago","c_PersonShort":"Arias","n_PersonNatioGeoID":2226,"c_PersonNatio":"Colombia","c_PersonNatioShort":"COL","n_TeamNatioGeoID":2201,"c_TeamNatio":"Netherlands","c_TeamNatioShort":"NED","n_ActionReasonID":0,"c_ActionReason":null,"c_ActionInfo":null,"n_SubPersonID":970689,"c_SubPerson":"Jürgen Locadia","c_SubPersonShort":"Locadia","c_ActionMinute":"74'"},{"n_ActionID":12046613,"n_ActionCode":16384,"n_ActionCode2":0,"n_ActionCode3":0,"n_ActionSet":5,"n_ActionSort":12,"c_Action":"Substitution","c_ActionShort":"Sub","n_PeriodSort":4,"c_Period":"Second half","c_PeriodShort":"2H","n_ActionTime":4620000,"n_HomeGoals":null,"n_AwayGoals":null,"n_HomeOrAway":1,"n_TeamID":102986,"c_Team":"SKN St. Pölten","c_TeamShort":"SKN","n_PersonID":585687,"c_Person":"Manuel Hartl","c_PersonSort":"Hartl, Manuel","c_PersonShort":"Hartl","n_PersonNatioGeoID":2219,"c_PersonNatio":"Austria","c_PersonNatioShort":"AUT","n_TeamNatioGeoID":2219,"c_TeamNatio":"Austria","c_TeamNatioShort":"AUT","n_ActionReasonID":0,"c_ActionReason":null,"c_ActionInfo":null,"n_SubPersonID":1290994,"c_SubPerson":"David Stec","c_SubPersonShort":"Stec","c_ActionMinute":"77'"},{"n_ActionID":12046592,"n_ActionCode":16384,"n_ActionCode2":0,"n_ActionCode3":0,"n_ActionSet":5,"n_ActionSort":13,"c_Action":"Substitution","c_ActionShort":"Sub","n_PeriodSort":4,"c_Period":"Second half","c_PeriodShort":"2H","n_ActionTime":4860000,"n_HomeGoals":null,"n_AwayGoals":null,"n_HomeOrAway":-1,"n_TeamID":11,"c_Team":"PSV","c_TeamShort":"PSV","n_PersonID":1115100,"c_Person":"Rai Vloet","c_PersonSort":"Vloet, Rai","c_PersonShort":"Vloet","n_PersonNatioGeoID":2201,"c_PersonNatio":"Netherlands","c_PersonNatioShort":"NED","n_TeamNatioGeoID":2201,"c_TeamNatio":"Netherlands","c_TeamNatioShort":"NED","n_ActionReasonID":0,"c_ActionReason":null,"c_ActionInfo":null,"n_SubPersonID":801376,"c_SubPerson":"Marcel Ritzmaier","c_SubPersonShort":"Ritzmaier","c_ActionMinute":"81'"},{"n_ActionID":12047637,"n_ActionCode":2048,"n_ActionCode2":0,"n_ActionCode3":0,"n_ActionSet":3,"n_ActionSort":14,"c_Action":"Yellow","c_ActionShort":"Y","n_PeriodSort":4,"c_Period":"Second half","c_PeriodShort":"2H","n_ActionTime":5100000,"n_HomeGoals":1,"n_AwayGoals":3,"n_HomeOrAway":-1,"n_TeamID":11,"c_Team":"PSV","c_TeamShort":"PSV","n_PersonID":802770,"c_Person":"Jeffrey Bruma","c_PersonSort":"Bruma, Jeffrey","c_PersonShort":"Bruma","n_PersonNatioGeoID":2201,"c_PersonNatio":"Netherlands","c_PersonNatioShort":"NED","n_TeamNatioGeoID":2201,"c_TeamNatio":"Netherlands","c_TeamNatioShort":"NED","n_ActionReasonID":0,"c_ActionReason":null,"c_ActionInfo":null,"n_SubPersonID":null,"c_SubPerson":"","c_SubPersonShort":"","c_ActionMinute":"85'"},{"n_ActionID":12047645,"n_ActionCode":4,"n_ActionCode2":0,"n_ActionCode3":0,"n_ActionSet":1,"n_ActionSort":15,"c_Action":"Goal","c_ActionShort":"G","n_PeriodSort":4,"c_Period":"Second half","c_PeriodShort":"2H","n_ActionTime":5400000,"n_HomeGoals":2,"n_AwayGoals":3,"n_HomeOrAway":1,"n_TeamID":102986,"c_Team":"SKN St. Pölten","c_TeamShort":"SKN","n_PersonID":1266952,"c_Person":"Konstantin Kerschbaumer","c_PersonSort":"Kerschbaumer, Konstantin","c_PersonShort":"Kerschbaumer","n_PersonNatioGeoID":2219,"c_PersonNatio":"Austria","c_PersonNatioShort":"AUT","n_TeamNatioGeoID":2219,"c_TeamNatio":"Austria","c_TeamNatioShort":"AUT","n_ActionReasonID":0,"c_ActionReason":null,"c_ActionInfo":null,"n_SubPersonID":null,"c_SubPerson":"","c_SubPersonShort":"","c_ActionMinute":"90'"},{"n_ActionID":12047654,"n_ActionCode":2048,"n_ActionCode2":0,"n_ActionCode3":0,"n_ActionSet":3,"n_ActionSort":16,"c_Action":"Yellow","c_ActionShort":"Y","n_PeriodSort":4,"c_Period":"Second half","c_PeriodShort":"2H","n_ActionTime":5520000,"n_HomeGoals":2,"n_AwayGoals":3,"n_HomeOrAway":1,"n_TeamID":102986,"c_Team":"SKN St. Pölten","c_TeamShort":"SKN","n_PersonID":585687,"c_Person":"Manuel Hartl","c_PersonSort":"Hartl, Manuel","c_PersonShort":"Hartl","n_PersonNatioGeoID":2219,"c_PersonNatio":"Austria","c_PersonNatioShort":"AUT","n_TeamNatioGeoID":2219,"c_TeamNatio":"Austria","c_TeamNatioShort":"AUT","n_ActionReasonID":0,"c_ActionReason":null,"c_ActionInfo":null,"n_SubPersonID":null,"c_SubPerson":"","c_SubPersonShort":"","c_ActionMinute":"90'+2'"},{"n_ActionID":12047659,"n_ActionCode":0,"n_ActionCode2":2048,"n_ActionCode3":0,"n_ActionSet":16,"n_ActionSort":17,"c_Action":"End of period","c_ActionShort":"End","n_PeriodSort":4,"c_Period":"Second half","c_PeriodShort":"2H","n_ActionTime":5558000,"n_HomeGoals":2,"n_AwayGoals":3,"n_HomeOrAway":0,"n_TeamID":0,"c_Team":"","c_TeamShort":"","n_PersonID":0,"c_Person":"","c_PersonSort":"","c_PersonShort":"","n_PersonNatioGeoID":0,"c_PersonNatio":null,"c_PersonNatioShort":null,"n_TeamNatioGeoID":null,"c_TeamNatio":null,"c_TeamNatioShort":null,"n_ActionReasonID":0,"c_ActionReason":null,"c_ActionInfo":null,"n_SubPersonID":null,"c_SubPerson":"","c_SubPersonShort":"","c_ActionMinute":"90'+3'"}]