﻿[{"n_ActionID":12327762,"n_ActionCode":4,"n_ActionCode2":0,"n_ActionCode3":134217730,"n_ActionSet":1,"n_ActionSort":1,"c_Action":"Doelpunt","c_ActionShort":"D","n_PeriodSort":2,"c_Period":"Eerste helft","c_PeriodShort":"1H","n_ActionTime":2091000,"n_HomeGoals":1,"n_AwayGoals":0,"n_HomeOrAway":1,"n_TeamID":11,"c_Team":"PSV","c_TeamShort":"PSV","n_PersonID":868287,"c_Person":"Adam Maher","c_PersonSort":"Maher, Adam","c_PersonShort":"Maher","n_PersonNatioGeoID":2201,"c_PersonNatio":"Nederland","c_PersonNatioShort":"NED","n_TeamNatioGeoID":2201,"c_TeamNatio":"Nederland","c_TeamNatioShort":"NED","n_ActionReasonID":41,"c_ActionReason":"Onderschepping","c_ActionInfo":"Rechtervoet","n_SubPersonID":null,"c_SubPerson":"","c_SubPersonShort":"","c_ActionMinute":"35'"},{"n_ActionID":12327889,"n_ActionCode":4,"n_ActionCode2":0,"n_ActionCode3":67239938,"n_ActionSet":1,"n_ActionSort":2,"c_Action":"Doelpunt","c_ActionShort":"D","n_PeriodSort":2,"c_Period":"Eerste helft","c_PeriodShort":"1H","n_ActionTime":2642000,"n_HomeGoals":2,"n_AwayGoals":0,"n_HomeOrAway":1,"n_TeamID":11,"c_Team":"PSV","c_TeamShort":"PSV","n_PersonID":753369,"c_Person":"Luciano Narsingh","c_PersonSort":"Narsingh, Luciano","c_PersonShort":"Narsingh","n_PersonNatioGeoID":2201,"c_PersonNatio":"Nederland","c_PersonNatioShort":"NED","n_TeamNatioGeoID":2201,"c_TeamNatio":"Nederland","c_TeamNatioShort":"NED","n_ActionReasonID":37,"c_ActionReason":"Assist","c_ActionInfo":"Rechtervoet","n_SubPersonID":970689,"c_SubPerson":"Jürgen Locadia","c_SubPersonShort":"Locadia","c_ActionMinute":"45'"},{"n_ActionID":12328206,"n_ActionCode":4,"n_ActionCode2":0,"n_ActionCode3":134348801,"n_ActionSet":1,"n_ActionSort":3,"c_Action":"Doelpunt","c_ActionShort":"D","n_PeriodSort":4,"c_Period":"Tweede helft","c_PeriodShort":"2H","n_ActionTime":3041000,"n_HomeGoals":3,"n_AwayGoals":0,"n_HomeOrAway":1,"n_TeamID":11,"c_Team":"PSV","c_TeamShort":"PSV","n_PersonID":970689,"c_Person":"Jürgen Locadia","c_PersonSort":"Locadia, Jürgen","c_PersonShort":"Locadia","n_PersonNatioGeoID":2201,"c_PersonNatio":"Nederland","c_PersonNatioShort":"NED","n_TeamNatioGeoID":2201,"c_TeamNatio":"Nederland","c_TeamNatioShort":"NED","n_ActionReasonID":40,"c_ActionReason":"Rebound","c_ActionInfo":"Linkervoet","n_SubPersonID":null,"c_SubPerson":"","c_SubPersonShort":"","c_ActionMinute":"51'"}]