﻿[{"n_EditionID":21337,"n_MatchDayStart":20140826,"n_MatchDayEnd":20140827,"d_MatchDayStart":"\/Date(1409004000000+0200)\/","d_MatchDayEnd":"\/Date(1409090400000+0200)\/","b_Current":false,"n_WeekID":20140826},{"n_EditionID":21337,"n_MatchDayStart":20140913,"n_MatchDayEnd":20140913,"d_MatchDayStart":"\/Date(1410559200000+0200)\/","d_MatchDayEnd":"\/Date(1410559200000+0200)\/","b_Current":false,"n_WeekID":20140909},{"n_EditionID":21337,"n_MatchDayStart":20140920,"n_MatchDayEnd":20140921,"d_MatchDayStart":"\/Date(1411164000000+0200)\/","d_MatchDayEnd":"\/Date(1411250400000+0200)\/","b_Current":false,"n_WeekID":20140916},{"n_EditionID":21337,"n_MatchDayStart":20140924,"n_MatchDayEnd":20140927,"d_MatchDayStart":"\/Date(1411509600000+0200)\/","d_MatchDayEnd":"\/Date(1411768800000+0200)\/","b_Current":false,"n_WeekID":20140923},{"n_EditionID":21337,"n_MatchDayStart":20141004,"n_MatchDayEnd":20141004,"d_MatchDayStart":"\/Date(1412373600000+0200)\/","d_MatchDayEnd":"\/Date(1412373600000+0200)\/","b_Current":false,"n_WeekID":20140930},{"n_EditionID":21337,"n_MatchDayStart":20141018,"n_MatchDayEnd":20141018,"d_MatchDayStart":"\/Date(1413583200000+0200)\/","d_MatchDayEnd":"\/Date(1413583200000+0200)\/","b_Current":false,"n_WeekID":20141014},{"n_EditionID":21337,"n_MatchDayStart":20141025,"n_MatchDayEnd":20141025,"d_MatchDayStart":"\/Date(1414188000000+0200)\/","d_MatchDayEnd":"\/Date(1414188000000+0200)\/","b_Current":false,"n_WeekID":20141021},{"n_EditionID":21337,"n_MatchDayStart":20141101,"n_MatchDayEnd":20141101,"d_MatchDayStart":"\/Date(1414796400000+0100)\/","d_MatchDayEnd":"\/Date(1414796400000+0100)\/","b_Current":false,"n_WeekID":20141028},{"n_EditionID":21337,"n_MatchDayStart":20141121,"n_MatchDayEnd":20141122,"d_MatchDayStart":"\/Date(1416524400000+0100)\/","d_MatchDayEnd":"\/Date(1416610800000+0100)\/","b_Current":false,"n_WeekID":20141118},{"n_EditionID":21337,"n_MatchDayStart":20141129,"n_MatchDayEnd":20141129,"d_MatchDayStart":"\/Date(1417215600000+0100)\/","d_MatchDayEnd":"\/Date(1417215600000+0100)\/","b_Current":false,"n_WeekID":20141125},{"n_EditionID":21337,"n_MatchDayStart":20141206,"n_MatchDayEnd":20141206,"d_MatchDayStart":"\/Date(1417820400000+0100)\/","d_MatchDayEnd":"\/Date(1417820400000+0100)\/","b_Current":false,"n_WeekID":20141202},{"n_EditionID":21337,"n_MatchDayStart":20141212,"n_MatchDayEnd":20141213,"d_MatchDayStart":"\/Date(1418338800000+0100)\/","d_MatchDayEnd":"\/Date(1418425200000+0100)\/","b_Current":false,"n_WeekID":20141209},{"n_EditionID":21337,"n_MatchDayStart":20150117,"n_MatchDayEnd":20150117,"d_MatchDayStart":"\/Date(1421449200000+0100)\/","d_MatchDayEnd":"\/Date(1421449200000+0100)\/","b_Current":false,"n_WeekID":20150113},{"n_EditionID":21337,"n_MatchDayStart":20150124,"n_MatchDayEnd":20150124,"d_MatchDayStart":"\/Date(1422054000000+0100)\/","d_MatchDayEnd":"\/Date(1422054000000+0100)\/","b_Current":false,"n_WeekID":20150120},{"n_EditionID":21337,"n_MatchDayStart":20150129,"n_MatchDayEnd":20150131,"d_MatchDayStart":"\/Date(1422486000000+0100)\/","d_MatchDayEnd":"\/Date(1422658800000+0100)\/","b_Current":true,"n_WeekID":20150127},{"n_EditionID":21337,"n_MatchDayStart":20150207,"n_MatchDayEnd":20150207,"d_MatchDayStart":"\/Date(1423263600000+0100)\/","d_MatchDayEnd":"\/Date(1423263600000+0100)\/","b_Current":false,"n_WeekID":20150203},{"n_EditionID":21337,"n_MatchDayStart":20150221,"n_MatchDayEnd":20150221,"d_MatchDayStart":"\/Date(1424473200000+0100)\/","d_MatchDayEnd":"\/Date(1424473200000+0100)\/","b_Current":false,"n_WeekID":20150217},{"n_EditionID":21337,"n_MatchDayStart":20150228,"n_MatchDayEnd":20150228,"d_MatchDayStart":"\/Date(1425078000000+0100)\/","d_MatchDayEnd":"\/Date(1425078000000+0100)\/","b_Current":false,"n_WeekID":20150224},{"n_EditionID":21337,"n_MatchDayStart":20150304,"n_MatchDayEnd":20150307,"d_MatchDayStart":"\/Date(1425423600000+0100)\/","d_MatchDayEnd":"\/Date(1425682800000+0100)\/","b_Current":false,"n_WeekID":20150303},{"n_EditionID":21337,"n_MatchDayStart":20150314,"n_MatchDayEnd":20150314,"d_MatchDayStart":"\/Date(1426287600000+0100)\/","d_MatchDayEnd":"\/Date(1426287600000+0100)\/","b_Current":false,"n_WeekID":20150310},{"n_EditionID":21337,"n_MatchDayStart":20150321,"n_MatchDayEnd":20150321,"d_MatchDayStart":"\/Date(1426892400000+0100)\/","d_MatchDayEnd":"\/Date(1426892400000+0100)\/","b_Current":false,"n_WeekID":20150317},{"n_EditionID":21337,"n_MatchDayStart":20150411,"n_MatchDayEnd":20150411,"d_MatchDayStart":"\/Date(1428703200000+0200)\/","d_MatchDayEnd":"\/Date(1428703200000+0200)\/","b_Current":false,"n_WeekID":20150407},{"n_EditionID":21337,"n_MatchDayStart":20150418,"n_MatchDayEnd":20150418,"d_MatchDayStart":"\/Date(1429308000000+0200)\/","d_MatchDayEnd":"\/Date(1429308000000+0200)\/","b_Current":false,"n_WeekID":20150414},{"n_EditionID":21337,"n_MatchDayStart":20150425,"n_MatchDayEnd":20150425,"d_MatchDayStart":"\/Date(1429912800000+0200)\/","d_MatchDayEnd":"\/Date(1429912800000+0200)\/","b_Current":false,"n_WeekID":20150421},{"n_EditionID":21337,"n_MatchDayStart":20150502,"n_MatchDayEnd":20150502,"d_MatchDayStart":"\/Date(1430517600000+0200)\/","d_MatchDayEnd":"\/Date(1430517600000+0200)\/","b_Current":false,"n_WeekID":20150428},{"n_EditionID":21337,"n_MatchDayStart":20150509,"n_MatchDayEnd":20150509,"d_MatchDayStart":"\/Date(1431122400000+0200)\/","d_MatchDayEnd":"\/Date(1431122400000+0200)\/","b_Current":false,"n_WeekID":20150505}]