﻿[{"n_ActionID":12191249,"n_ActionCode":12,"n_ActionCode2":2097152,"n_ActionCode3":131138,"n_ActionSet":1,"n_ActionSort":1,"c_Action":"Doelpunt","c_ActionShort":"D","n_PeriodSort":2,"c_Period":"Eerste helft","c_PeriodShort":"1H","n_ActionTime":1908000,"n_HomeGoals":0,"n_AwayGoals":1,"n_HomeOrAway":-1,"n_TeamID":11,"c_Team":"PSV","c_TeamShort":"PSV","n_PersonID":740670,"c_Person":"Luuk de Jong","c_PersonSort":"De Jong, Luuk","c_PersonShort":"L. de Jong","n_PersonNatioGeoID":2201,"c_PersonNatio":"Nederland","c_PersonNatioShort":"NED","n_TeamNatioGeoID":2201,"c_TeamNatio":"Nederland","c_TeamNatioShort":"NED","n_ActionReasonID":91,"c_ActionReason":"Strafschop","c_ActionInfo":"Rechtervoet","n_SubPersonID":null,"c_SubPerson":"","c_SubPersonShort":"","c_ActionMinute":"32'"},{"n_ActionID":12191409,"n_ActionCode":4,"n_ActionCode2":0,"n_ActionCode3":67108865,"n_ActionSet":1,"n_ActionSort":2,"c_Action":"Doelpunt","c_ActionShort":"D","n_PeriodSort":2,"c_Period":"Eerste helft","c_PeriodShort":"1H","n_ActionTime":2387000,"n_HomeGoals":1,"n_AwayGoals":1,"n_HomeOrAway":1,"n_TeamID":73,"c_Team":"PEC Zwolle","c_TeamShort":"ZWO","n_PersonID":815993,"c_Person":"Jesper Drost","c_PersonSort":"Drost, Jesper","c_PersonShort":"Drost","n_PersonNatioGeoID":2201,"c_PersonNatio":"Nederland","c_PersonNatioShort":"NED","n_TeamNatioGeoID":2201,"c_TeamNatio":"Nederland","c_TeamNatioShort":"NED","n_ActionReasonID":37,"c_ActionReason":"Assist","c_ActionInfo":"Linkervoet","n_SubPersonID":981994,"c_SubPerson":"Thomas Lam","c_SubPersonShort":"Lam","c_ActionMinute":"40'"},{"n_ActionID":12192068,"n_ActionCode":1028,"n_ActionCode2":2097152,"n_ActionCode3":257,"n_ActionSet":1,"n_ActionSort":3,"c_Action":"Doelpunt","c_ActionShort":"D","n_PeriodSort":4,"c_Period":"Tweede helft","c_PeriodShort":"2H","n_ActionTime":3836000,"n_HomeGoals":2,"n_AwayGoals":1,"n_HomeOrAway":1,"n_TeamID":73,"c_Team":"PEC Zwolle","c_TeamShort":"ZWO","n_PersonID":41468,"c_Person":"Joost Broerse","c_PersonSort":"Broerse, Joost","c_PersonShort":"Broerse","n_PersonNatioGeoID":2201,"c_PersonNatio":"Nederland","c_PersonNatioShort":"NED","n_TeamNatioGeoID":2201,"c_TeamNatio":"Nederland","c_TeamNatioShort":"NED","n_ActionReasonID":86,"c_ActionReason":"Vrije trap","c_ActionInfo":"Linkervoet","n_SubPersonID":null,"c_SubPerson":"","c_SubPersonShort":"","c_ActionMinute":"64'"},{"n_ActionID":12192367,"n_ActionCode":4,"n_ActionCode2":0,"n_ActionCode3":134217730,"n_ActionSet":1,"n_ActionSort":4,"c_Action":"Doelpunt","c_ActionShort":"D","n_PeriodSort":4,"c_Period":"Tweede helft","c_PeriodShort":"2H","n_ActionTime":5183000,"n_HomeGoals":3,"n_AwayGoals":1,"n_HomeOrAway":1,"n_TeamID":73,"c_Team":"PEC Zwolle","c_TeamShort":"ZWO","n_PersonID":871049,"c_Person":"Ben Rienstra","c_PersonSort":"Rienstra, Ben","c_PersonShort":"Rienstra","n_PersonNatioGeoID":2201,"c_PersonNatio":"Nederland","c_PersonNatioShort":"NED","n_TeamNatioGeoID":2201,"c_TeamNatio":"Nederland","c_TeamNatioShort":"NED","n_ActionReasonID":41,"c_ActionReason":"Onderschepping","c_ActionInfo":"Rechtervoet","n_SubPersonID":null,"c_SubPerson":"","c_SubPersonShort":"","c_ActionMinute":"87'"}]