﻿[{"n_EditionID":21391,"n_MatchDayStart":20140829,"n_MatchDayEnd":20140829,"d_MatchDayStart":"\/Date(1409263200000+0200)\/","d_MatchDayEnd":"\/Date(1409263200000+0200)\/","b_Current":false,"n_WeekID":20140826},{"n_EditionID":21391,"n_MatchDayStart":20140902,"n_MatchDayEnd":20140905,"d_MatchDayStart":"\/Date(1409608800000+0200)\/","d_MatchDayEnd":"\/Date(1409868000000+0200)\/","b_Current":false,"n_WeekID":20140902},{"n_EditionID":21391,"n_MatchDayStart":20140926,"n_MatchDayEnd":20140926,"d_MatchDayStart":"\/Date(1411682400000+0200)\/","d_MatchDayEnd":"\/Date(1411682400000+0200)\/","b_Current":false,"n_WeekID":20140923},{"n_EditionID":21391,"n_MatchDayStart":20140930,"n_MatchDayEnd":20141003,"d_MatchDayStart":"\/Date(1412028000000+0200)\/","d_MatchDayEnd":"\/Date(1412287200000+0200)\/","b_Current":false,"n_WeekID":20140930},{"n_EditionID":21391,"n_MatchDayStart":20141009,"n_MatchDayEnd":20141011,"d_MatchDayStart":"\/Date(1412805600000+0200)\/","d_MatchDayEnd":"\/Date(1412978400000+0200)\/","b_Current":false,"n_WeekID":20141007},{"n_EditionID":21391,"n_MatchDayStart":20141014,"n_MatchDayEnd":20141019,"d_MatchDayStart":"\/Date(1413237600000+0200)\/","d_MatchDayEnd":"\/Date(1413669600000+0200)\/","b_Current":false,"n_WeekID":20141014},{"n_EditionID":21391,"n_MatchDayStart":20141107,"n_MatchDayEnd":20141107,"d_MatchDayStart":"\/Date(1415314800000+0100)\/","d_MatchDayEnd":"\/Date(1415314800000+0100)\/","b_Current":false,"n_WeekID":20141104},{"n_EditionID":21391,"n_MatchDayStart":20141114,"n_MatchDayEnd":20141114,"d_MatchDayStart":"\/Date(1415919600000+0100)\/","d_MatchDayEnd":"\/Date(1415919600000+0100)\/","b_Current":false,"n_WeekID":20141111},{"n_EditionID":21391,"n_MatchDayStart":20141205,"n_MatchDayEnd":20141205,"d_MatchDayStart":"\/Date(1417734000000+0100)\/","d_MatchDayEnd":"\/Date(1417734000000+0100)\/","b_Current":false,"n_WeekID":20141202},{"n_EditionID":21391,"n_MatchDayStart":20141212,"n_MatchDayEnd":20141212,"d_MatchDayStart":"\/Date(1418338800000+0100)\/","d_MatchDayEnd":"\/Date(1418338800000+0100)\/","b_Current":false,"n_WeekID":20141209},{"n_EditionID":21391,"n_MatchDayStart":20141219,"n_MatchDayEnd":20141219,"d_MatchDayStart":"\/Date(1418943600000+0100)\/","d_MatchDayEnd":"\/Date(1418943600000+0100)\/","b_Current":false,"n_WeekID":20141216},{"n_EditionID":21391,"n_MatchDayStart":20150116,"n_MatchDayEnd":20150117,"d_MatchDayStart":"\/Date(1421362800000+0100)\/","d_MatchDayEnd":"\/Date(1421449200000+0100)\/","b_Current":false,"n_WeekID":20150113},{"n_EditionID":21391,"n_MatchDayStart":20150120,"n_MatchDayEnd":20150123,"d_MatchDayStart":"\/Date(1421708400000+0100)\/","d_MatchDayEnd":"\/Date(1421967600000+0100)\/","b_Current":false,"n_WeekID":20150120},{"n_EditionID":21391,"n_MatchDayStart":20150127,"n_MatchDayEnd":20150130,"d_MatchDayStart":"\/Date(1422313200000+0100)\/","d_MatchDayEnd":"\/Date(1422572400000+0100)\/","b_Current":true,"n_WeekID":20150127},{"n_EditionID":21391,"n_MatchDayStart":20150220,"n_MatchDayEnd":20150220,"d_MatchDayStart":"\/Date(1424386800000+0100)\/","d_MatchDayEnd":"\/Date(1424386800000+0100)\/","b_Current":false,"n_WeekID":20150217},{"n_EditionID":21391,"n_MatchDayStart":20150224,"n_MatchDayEnd":20150227,"d_MatchDayStart":"\/Date(1424732400000+0100)\/","d_MatchDayEnd":"\/Date(1424991600000+0100)\/","b_Current":false,"n_WeekID":20150224},{"n_EditionID":21391,"n_MatchDayStart":20150320,"n_MatchDayEnd":20150320,"d_MatchDayStart":"\/Date(1426806000000+0100)\/","d_MatchDayEnd":"\/Date(1426806000000+0100)\/","b_Current":false,"n_WeekID":20150317},{"n_EditionID":21391,"n_MatchDayStart":20150327,"n_MatchDayEnd":20150327,"d_MatchDayStart":"\/Date(1427410800000+0100)\/","d_MatchDayEnd":"\/Date(1427410800000+0100)\/","b_Current":false,"n_WeekID":20150324},{"n_EditionID":21391,"n_MatchDayStart":20150417,"n_MatchDayEnd":20150417,"d_MatchDayStart":"\/Date(1429221600000+0200)\/","d_MatchDayEnd":"\/Date(1429221600000+0200)\/","b_Current":false,"n_WeekID":20150414},{"n_EditionID":21391,"n_MatchDayStart":20150424,"n_MatchDayEnd":20150424,"d_MatchDayStart":"\/Date(1429826400000+0200)\/","d_MatchDayEnd":"\/Date(1429826400000+0200)\/","b_Current":false,"n_WeekID":20150421},{"n_EditionID":21391,"n_MatchDayStart":20150428,"n_MatchDayEnd":20150501,"d_MatchDayStart":"\/Date(1430172000000+0200)\/","d_MatchDayEnd":"\/Date(1430431200000+0200)\/","b_Current":false,"n_WeekID":20150428},{"n_EditionID":21391,"n_MatchDayStart":20150508,"n_MatchDayEnd":20150508,"d_MatchDayStart":"\/Date(1431036000000+0200)\/","d_MatchDayEnd":"\/Date(1431036000000+0200)\/","b_Current":false,"n_WeekID":20150505}]