﻿[{"n_CompetitionID":43,"c_Competition":"UEFA Europa League","n_CompetitionSet":3,"n_CompetitionNatioGeoID":2101,"c_CompetitionNatio":"Europe","c_CompetitionNatioShort":"EUR","n_CompetitionLevel":0,"n_EditionID":21197,"c_Season":"2014\/2015","d_EditionStartDate":"\/Date(1404165600000+0200)\/","d_EditionEndDate":"\/Date(1432677600000+0200)\/","n_PhaseID":null},{"n_CompetitionID":41,"c_Competition":"UEFA Champions League","n_CompetitionSet":3,"n_CompetitionNatioGeoID":2101,"c_CompetitionNatio":"Europe","c_CompetitionNatioShort":"EUR","n_CompetitionLevel":0,"n_EditionID":21402,"c_Season":"2014\/2015","d_EditionStartDate":"\/Date(1404165600000+0200)\/","d_EditionEndDate":"\/Date(1433541600000+0200)\/","n_PhaseID":null},{"n_CompetitionID":872,"c_Competition":"Women's BeNe League","n_CompetitionSet":3,"n_CompetitionNatioGeoID":2101,"c_CompetitionNatio":"Europe","c_CompetitionNatioShort":"EUR","n_CompetitionLevel":0,"n_EditionID":21391,"c_Season":"2014\/2015","d_EditionStartDate":"\/Date(1409263200000+0200)\/","d_EditionEndDate":"\/Date(1431036000000+0200)\/","n_PhaseID":null},{"n_CompetitionID":761,"c_Competition":"UEFA Women's Champions League","n_CompetitionSet":3,"n_CompetitionNatioGeoID":2101,"c_CompetitionNatio":"Europe","c_CompetitionNatioShort":"EUR","n_CompetitionLevel":0,"n_EditionID":21354,"c_Season":"2014\/2015","d_EditionStartDate":"\/Date(1412719200000+0200)\/","d_EditionEndDate":"\/Date(1431554400000+0200)\/","n_PhaseID":null},{"n_CompetitionID":3,"c_Competition":"Johan Cruijff Schaal","n_CompetitionSet":2,"n_CompetitionNatioGeoID":2201,"c_CompetitionNatio":"Netherlands","c_CompetitionNatioShort":"NED","n_CompetitionLevel":0,"n_EditionID":21143,"c_Season":"2014\/2015","d_EditionStartDate":"\/Date(1407016800000+0200)\/","d_EditionEndDate":"\/Date(1407016800000+0200)\/","n_PhaseID":null},{"n_CompetitionID":619,"c_Competition":"Landelijke A-Jeugd","n_CompetitionSet":1,"n_CompetitionNatioGeoID":2201,"c_CompetitionNatio":"Netherlands","c_CompetitionNatioShort":"NED","n_CompetitionLevel":0,"n_EditionID":21337,"c_Season":"2014\/2015","d_EditionStartDate":"\/Date(1409004000000+0200)\/","d_EditionEndDate":"\/Date(1431122400000+0200)\/","n_PhaseID":null},{"n_CompetitionID":2,"c_Competition":"Eredivisie","n_CompetitionSet":1,"n_CompetitionNatioGeoID":2201,"c_CompetitionNatio":"Netherlands","c_CompetitionNatioShort":"NED","n_CompetitionLevel":1,"n_EditionID":21399,"c_Season":"2014\/2015","d_EditionStartDate":"\/Date(1407448800000+0200)\/","d_EditionEndDate":"\/Date(1433023200000+0200)\/","n_PhaseID":null},{"n_CompetitionID":4,"c_Competition":"KNVB Beker","n_CompetitionSet":2,"n_CompetitionNatioGeoID":2201,"c_CompetitionNatio":"Netherlands","c_CompetitionNatioShort":"NED","n_CompetitionLevel":1,"n_EditionID":21400,"c_Season":"2014\/2015","d_EditionStartDate":"\/Date(1409004000000+0200)\/","d_EditionEndDate":"\/Date(1430604000000+0200)\/","n_PhaseID":null},{"n_CompetitionID":12,"c_Competition":"Jupiler League","n_CompetitionSet":1,"n_CompetitionNatioGeoID":2201,"c_CompetitionNatio":"Netherlands","c_CompetitionNatioShort":"NED","n_CompetitionLevel":2,"n_EditionID":21401,"c_Season":"2014\/2015","d_EditionStartDate":"\/Date(1407448800000+0200)\/","d_EditionEndDate":"\/Date(1431036000000+0200)\/","n_PhaseID":null}]