﻿[{"n_ActionID":12094167,"n_ActionCode":0,"n_ActionCode2":1024,"n_ActionCode3":0,"n_ActionSet":16,"n_ActionSort":1,"c_Action":"Aftrap","c_ActionShort":"Begin","n_PeriodSort":2,"c_Period":"Eerste helft","c_PeriodShort":"1H","n_ActionTime":0,"n_HomeGoals":0,"n_AwayGoals":0,"n_HomeOrAway":0,"n_TeamID":0,"c_Team":"","c_TeamShort":"","n_PersonID":0,"c_Person":"","c_PersonSort":"","c_PersonShort":"","n_PersonNatioGeoID":0,"c_PersonNatio":null,"c_PersonNatioShort":null,"n_TeamNatioGeoID":null,"c_TeamNatio":null,"c_TeamNatioShort":null,"n_ActionReasonID":0,"c_ActionReason":null,"c_ActionInfo":null,"n_SubPersonID":null,"c_SubPerson":"","c_SubPersonShort":"","c_ActionMinute":"0'"},{"n_ActionID":12094525,"n_ActionCode":0,"n_ActionCode2":2048,"n_ActionCode3":0,"n_ActionSet":16,"n_ActionSort":2,"c_Action":"Einde periode","c_ActionShort":"Einde","n_PeriodSort":2,"c_Period":"Eerste helft","c_PeriodShort":"1H","n_ActionTime":2797000,"n_HomeGoals":0,"n_AwayGoals":0,"n_HomeOrAway":0,"n_TeamID":0,"c_Team":"","c_TeamShort":"","n_PersonID":0,"c_Person":"","c_PersonSort":"","c_PersonShort":"","n_PersonNatioGeoID":0,"c_PersonNatio":null,"c_PersonNatioShort":null,"n_TeamNatioGeoID":null,"c_TeamNatio":null,"c_TeamNatioShort":null,"n_ActionReasonID":0,"c_ActionReason":null,"c_ActionInfo":null,"n_SubPersonID":null,"c_SubPerson":"","c_SubPersonShort":"","c_ActionMinute":"45'+2'"},{"n_ActionID":12094617,"n_ActionCode":0,"n_ActionCode2":1024,"n_ActionCode3":0,"n_ActionSet":16,"n_ActionSort":3,"c_Action":"Aftrap","c_ActionShort":"Begin","n_PeriodSort":4,"c_Period":"Tweede helft","c_PeriodShort":"2H","n_ActionTime":2700000,"n_HomeGoals":0,"n_AwayGoals":0,"n_HomeOrAway":0,"n_TeamID":0,"c_Team":"","c_TeamShort":"","n_PersonID":0,"c_Person":"","c_PersonSort":"","c_PersonShort":"","n_PersonNatioGeoID":0,"c_PersonNatio":null,"c_PersonNatioShort":null,"n_TeamNatioGeoID":null,"c_TeamNatio":null,"c_TeamNatioShort":null,"n_ActionReasonID":0,"c_ActionReason":null,"c_ActionInfo":null,"n_SubPersonID":null,"c_SubPerson":"","c_SubPersonShort":"","c_ActionMinute":"45'"},{"n_ActionID":12093946,"n_ActionCode":16384,"n_ActionCode2":0,"n_ActionCode3":0,"n_ActionSet":5,"n_ActionSort":4,"c_Action":"Wissel","c_ActionShort":"Wis","n_PeriodSort":4,"c_Period":"Tweede helft","c_PeriodShort":"2H","n_ActionTime":3060000,"n_HomeGoals":null,"n_AwayGoals":null,"n_HomeOrAway":1,"n_TeamID":11,"c_Team":"PSV","c_TeamShort":"PSV","n_PersonID":1115087,"c_Person":"Jorrit Hendrix","c_PersonSort":"Hendrix, Jorrit","c_PersonShort":"Hendrix","n_PersonNatioGeoID":2201,"c_PersonNatio":"Nederland","c_PersonNatioShort":"NED","n_TeamNatioGeoID":2201,"c_TeamNatio":"Nederland","c_TeamNatioShort":"NED","n_ActionReasonID":0,"c_ActionReason":null,"c_ActionInfo":null,"n_SubPersonID":871971,"c_SubPerson":"Oscar Hiljemark","c_SubPersonShort":"Hiljemark","c_ActionMinute":"51'"},{"n_ActionID":12094738,"n_ActionCode":4,"n_ActionCode2":0,"n_ActionCode3":0,"n_ActionSet":1,"n_ActionSort":5,"c_Action":"Doelpunt","c_ActionShort":"D","n_PeriodSort":4,"c_Period":"Tweede helft","c_PeriodShort":"2H","n_ActionTime":3540000,"n_HomeGoals":1,"n_AwayGoals":0,"n_HomeOrAway":1,"n_TeamID":11,"c_Team":"PSV","c_TeamShort":"PSV","n_PersonID":868287,"c_Person":"Adam Maher","c_PersonSort":"Maher, Adam","c_PersonShort":"Maher","n_PersonNatioGeoID":2201,"c_PersonNatio":"Nederland","c_PersonNatioShort":"NED","n_TeamNatioGeoID":2201,"c_TeamNatio":"Nederland","c_TeamNatioShort":"NED","n_ActionReasonID":0,"c_ActionReason":null,"c_ActionInfo":null,"n_SubPersonID":null,"c_SubPerson":"","c_SubPersonShort":"","c_ActionMinute":"59'"},{"n_ActionID":12093949,"n_ActionCode":16384,"n_ActionCode2":0,"n_ActionCode3":0,"n_ActionSet":5,"n_ActionSort":6,"c_Action":"Wissel","c_ActionShort":"Wis","n_PeriodSort":4,"c_Period":"Tweede helft","c_PeriodShort":"2H","n_ActionTime":3780000,"n_HomeGoals":null,"n_AwayGoals":null,"n_HomeOrAway":1,"n_TeamID":11,"c_Team":"PSV","c_TeamShort":"PSV","n_PersonID":753369,"c_Person":"Luciano Narsingh","c_PersonSort":"Narsingh, Luciano","c_PersonShort":"Narsingh","n_PersonNatioGeoID":2201,"c_PersonNatio":"Nederland","c_PersonNatioShort":"NED","n_TeamNatioGeoID":2201,"c_TeamNatio":"Nederland","c_TeamNatioShort":"NED","n_ActionReasonID":0,"c_ActionReason":null,"c_ActionInfo":null,"n_SubPersonID":970689,"c_SubPerson":"Jürgen Locadia","c_SubPersonShort":"Locadia","c_ActionMinute":"63'"},{"n_ActionID":12094818,"n_ActionCode":2048,"n_ActionCode2":0,"n_ActionCode3":0,"n_ActionSet":3,"n_ActionSort":7,"c_Action":"Geel","c_ActionShort":"G","n_PeriodSort":4,"c_Period":"Tweede helft","c_PeriodShort":"2H","n_ActionTime":3960000,"n_HomeGoals":1,"n_AwayGoals":0,"n_HomeOrAway":-1,"n_TeamID":105130,"c_Team":"Sjachtjor Soligorsk","c_TeamShort":"SSO","n_PersonID":787309,"c_Person":"Igor Kuzmenok","c_PersonSort":"Kuzmenok, Igor","c_PersonShort":"Kuzmenok","n_PersonNatioGeoID":4387,"c_PersonNatio":"Wit-Rusland","c_PersonNatioShort":"WRU","n_TeamNatioGeoID":4387,"c_TeamNatio":"Wit-Rusland","c_TeamNatioShort":"WRU","n_ActionReasonID":0,"c_ActionReason":null,"c_ActionInfo":null,"n_SubPersonID":null,"c_SubPerson":"","c_SubPersonShort":"","c_ActionMinute":"66'"},{"n_ActionID":12094880,"n_ActionCode":2048,"n_ActionCode2":0,"n_ActionCode3":0,"n_ActionSet":3,"n_ActionSort":8,"c_Action":"Geel","c_ActionShort":"G","n_PeriodSort":4,"c_Period":"Tweede helft","c_PeriodShort":"2H","n_ActionTime":4200000,"n_HomeGoals":1,"n_AwayGoals":0,"n_HomeOrAway":-1,"n_TeamID":105130,"c_Team":"Sjachtjor Soligorsk","c_TeamShort":"SSO","n_PersonID":695250,"c_Person":"Artem Stargorodsky","c_PersonSort":"Stargorodsky, Artem","c_PersonShort":"Stargorodsky","n_PersonNatioGeoID":2232,"c_PersonNatio":"Oekraïne","c_PersonNatioShort":"OEK","n_TeamNatioGeoID":4387,"c_TeamNatio":"Wit-Rusland","c_TeamNatioShort":"WRU","n_ActionReasonID":0,"c_ActionReason":null,"c_ActionInfo":null,"n_SubPersonID":null,"c_SubPerson":"","c_SubPersonShort":"","c_ActionMinute":"70'"},{"n_ActionID":12094891,"n_ActionCode":2048,"n_ActionCode2":0,"n_ActionCode3":0,"n_ActionSet":3,"n_ActionSort":9,"c_Action":"Geel","c_ActionShort":"G","n_PeriodSort":4,"c_Period":"Tweede helft","c_PeriodShort":"2H","n_ActionTime":4380000,"n_HomeGoals":1,"n_AwayGoals":0,"n_HomeOrAway":-1,"n_TeamID":105130,"c_Team":"Sjachtjor Soligorsk","c_TeamShort":"SSO","n_PersonID":695737,"c_Person":"Nikolai Kashevski","c_PersonSort":"Kashevski, Nikolai","c_PersonShort":"Kashevski","n_PersonNatioGeoID":4387,"c_PersonNatio":"Wit-Rusland","c_PersonNatioShort":"WRU","n_TeamNatioGeoID":4387,"c_TeamNatio":"Wit-Rusland","c_TeamNatioShort":"WRU","n_ActionReasonID":0,"c_ActionReason":null,"c_ActionInfo":null,"n_SubPersonID":null,"c_SubPerson":"","c_SubPersonShort":"","c_ActionMinute":"73'"},{"n_ActionID":12093966,"n_ActionCode":16384,"n_ActionCode2":0,"n_ActionCode3":0,"n_ActionSet":5,"n_ActionSort":10,"c_Action":"Wissel","c_ActionShort":"Wis","n_PeriodSort":4,"c_Period":"Tweede helft","c_PeriodShort":"2H","n_ActionTime":5100000,"n_HomeGoals":null,"n_AwayGoals":null,"n_HomeOrAway":-1,"n_TeamID":105130,"c_Team":"Sjachtjor Soligorsk","c_TeamShort":"SSO","n_PersonID":787358,"c_Person":"Dmitri Osipenko","c_PersonSort":"Osipenko, Dmitri","c_PersonShort":"Osipenko","n_PersonNatioGeoID":4387,"c_PersonNatio":"Wit-Rusland","c_PersonNatioShort":"WRU","n_TeamNatioGeoID":4387,"c_TeamNatio":"Wit-Rusland","c_TeamNatioShort":"WRU","n_ActionReasonID":0,"c_ActionReason":null,"c_ActionInfo":null,"n_SubPersonID":787481,"c_SubPerson":"Nikolay Yanush","c_SubPersonShort":"Yanush","c_ActionMinute":"85'"},{"n_ActionID":12093968,"n_ActionCode":16384,"n_ActionCode2":0,"n_ActionCode3":0,"n_ActionSet":5,"n_ActionSort":11,"c_Action":"Wissel","c_ActionShort":"Wis","n_PeriodSort":4,"c_Period":"Tweede helft","c_PeriodShort":"2H","n_ActionTime":5280000,"n_HomeGoals":null,"n_AwayGoals":null,"n_HomeOrAway":-1,"n_TeamID":105130,"c_Team":"Sjachtjor Soligorsk","c_TeamShort":"SSO","n_PersonID":693587,"c_Person":"Andrey Leonchik","c_PersonSort":"Leonchik, Andrey","c_PersonShort":"Leonchik","n_PersonNatioGeoID":4387,"c_PersonNatio":"Wit-Rusland","c_PersonNatioShort":"WRU","n_TeamNatioGeoID":4387,"c_TeamNatio":"Wit-Rusland","c_TeamNatioShort":"WRU","n_ActionReasonID":0,"c_ActionReason":null,"c_ActionInfo":null,"n_SubPersonID":696168,"c_SubPerson":"Ilya Galyuza","c_SubPersonShort":"Galyuza","c_ActionMinute":"88'"},{"n_ActionID":12093948,"n_ActionCode":16384,"n_ActionCode2":0,"n_ActionCode3":0,"n_ActionSet":5,"n_ActionSort":12,"c_Action":"Wissel","c_ActionShort":"Wis","n_PeriodSort":4,"c_Period":"Tweede helft","c_PeriodShort":"2H","n_ActionTime":5280000,"n_HomeGoals":null,"n_AwayGoals":null,"n_HomeOrAway":1,"n_TeamID":11,"c_Team":"PSV","c_TeamShort":"PSV","n_PersonID":801376,"c_Person":"Marcel Ritzmaier","c_PersonSort":"Ritzmaier, Marcel","c_PersonShort":"Ritzmaier","n_PersonNatioGeoID":2219,"c_PersonNatio":"Oostenrijk","c_PersonNatioShort":"OOS","n_TeamNatioGeoID":2201,"c_TeamNatio":"Nederland","c_TeamNatioShort":"NED","n_ActionReasonID":0,"c_ActionReason":null,"c_ActionInfo":null,"n_SubPersonID":868287,"c_SubPerson":"Adam Maher","c_SubPersonShort":"Maher","c_ActionMinute":"88'"},{"n_ActionID":12093967,"n_ActionCode":16384,"n_ActionCode2":0,"n_ActionCode3":0,"n_ActionSet":5,"n_ActionSort":13,"c_Action":"Wissel","c_ActionShort":"Wis","n_PeriodSort":4,"c_Period":"Tweede helft","c_PeriodShort":"2H","n_ActionTime":5340000,"n_HomeGoals":null,"n_AwayGoals":null,"n_HomeOrAway":-1,"n_TeamID":105130,"c_Team":"Sjachtjor Soligorsk","c_TeamShort":"SSO","n_PersonID":1074905,"c_Person":"Yuri Kovalev","c_PersonSort":"Kovalev, Yuri","c_PersonShort":"Kovalev","n_PersonNatioGeoID":4387,"c_PersonNatio":"Wit-Rusland","c_PersonNatioShort":"WRU","n_TeamNatioGeoID":4387,"c_TeamNatio":"Wit-Rusland","c_TeamNatioShort":"WRU","n_ActionReasonID":0,"c_ActionReason":null,"c_ActionInfo":null,"n_SubPersonID":754380,"c_SubPerson":"Alexander Guruli","c_SubPersonShort":"Guruli","c_ActionMinute":"89'"},{"n_ActionID":12094979,"n_ActionCode":0,"n_ActionCode2":2048,"n_ActionCode3":0,"n_ActionSet":16,"n_ActionSort":14,"c_Action":"Einde periode","c_ActionShort":"Einde","n_PeriodSort":4,"c_Period":"Tweede helft","c_PeriodShort":"2H","n_ActionTime":5601000,"n_HomeGoals":1,"n_AwayGoals":0,"n_HomeOrAway":0,"n_TeamID":0,"c_Team":"","c_TeamShort":"","n_PersonID":0,"c_Person":"","c_PersonSort":"","c_PersonShort":"","n_PersonNatioGeoID":0,"c_PersonNatio":null,"c_PersonNatioShort":null,"n_TeamNatioGeoID":null,"c_TeamNatio":null,"c_TeamNatioShort":null,"n_ActionReasonID":0,"c_ActionReason":null,"c_ActionInfo":null,"n_SubPersonID":null,"c_SubPerson":"","c_SubPersonShort":"","c_ActionMinute":"90'+4'"}]