﻿[{"n_CompetitionID":2,"n_CompetitionLevel":1,"c_Competition":"Eredivisie","c_CompetitionShort":"Ere","n_CompetitionNatioGeoID":2201,"c_CompetitionNatio":"Netherlands","c_CompetitionNatioShort":"NED","n_EditionID":21399,"c_Season":"2014\/2015","n_MatchID":1880879,"d_Date":"\/Date(1414871400000+0100)\/","d_DateLocal":"\/Date(1414871400000+0100)\/","d_DateUTC":"\/Date(1414867800000+0100)\/","b_DateUnknown":false,"b_TimeUnknown":false,"b_RescheduledToBeResumed":false,"n_RoundNr":11,"n_PhaseID":109277,"n_PhaseLevel":1,"c_Phase":"Regular","c_PhaseShort":null,"n_HomeTeamID":11,"c_HomeTeam":"PSV","c_HomeTeamShort":"PSV","n_HomeTeamNatioGeoID":2201,"c_HomeTeamNatio":"Netherlands","c_HomeTeamNatioShort":"NED","n_AwayTeamID":77,"c_AwayTeam":"ADO Den Haag","c_AwayTeamShort":"ADO","n_AwayTeamNatioGeoID":2201,"c_AwayTeamNatio":"Netherlands","c_AwayTeamNatioShort":"NED","n_StadiumGeoID":5067,"c_Stadium":"Philips Stadion","n_CityGeoID":4001,"c_City":"Eindhoven","n_CountryGeoID":2201,"c_Country":"Netherlands","c_CountryShort":"NED","c_Score":"1-0 (0-0) ","c_ScoreSuffix":null,"c_HomeTactics":"4-3-3","c_AwayTactics":"4-4-2","n_HomeGoals":1,"n_AwayGoals":0,"n_HomeGoalsHalftime":0,"n_AwayGoalsHalftime":0,"n_HomeGoals90mins":null,"n_AwayGoals90mins":null,"n_HomeGoals105mins":null,"n_AwayGoals105mins":null,"n_HomeGoalsShootout":null,"n_AwayGoalsShootout":null,"n_PeriodSort":11,"d_MatchStartTime":"\/Date(1414871424200+0100)\/","d_MatchEndTime":"\/Date(1414878053770+0100)\/","d_CurrentPeriodStartTime":null,"n_CurrentPeriodTimeNotPlayed":null,"n_CurrentPeriodTimePlayed":null,"n_MatchStatusCode":128,"c_MatchStatus":"Full time","c_MatchStatusShort":"FT","b_Started":true,"b_Live":false,"b_Finished":true,"b_Awarded":false,"b_Delayed":false,"b_Postponed":false,"b_Suspended":false,"b_Abandoned":false,"n_RefereeID":32390,"c_Referee":"Pol van Boekel","n_RefereeNatioGeoID":2201,"c_RefereeNatio":"Netherlands","c_RefereeNatioShort":"NED","n_Spectators":30800,"n_KnockoutPhaseID":null,"n_Leg":null,"c_ScoreFirstLeg":null,"n_WinnerOnAggregateTeamID":null,"b_DataEntryLiveScore":true,"b_DataEntryLiveGoal":true,"b_DataEntryLiveLineup":true,"b_LineupProvisional":false,"b_LineupOfficial":true,"b_TacticsPositions":true,"n_WeatherConditionType":3}]