﻿[{"n_ActionID":12698838,"n_ActionCode":4,"n_ActionCode2":0,"n_ActionCode3":134348802,"n_ActionSet":1,"n_ActionSort":1,"c_Action":"Doelpunt","c_ActionShort":"D","n_PeriodSort":2,"c_Period":"Eerste helft","c_PeriodShort":"1H","n_ActionTime":769000,"n_HomeGoals":0,"n_AwayGoals":1,"n_HomeOrAway":-1,"n_TeamID":4,"c_Team":"Feyenoord","c_TeamShort":"FEY","n_PersonID":911739,"c_Person":"Elvis Manu","c_PersonSort":"Manu, Elvis","c_PersonShort":"Manu","n_PersonNatioGeoID":2201,"c_PersonNatio":"Nederland","c_PersonNatioShort":"NED","n_TeamNatioGeoID":2201,"c_TeamNatio":"Nederland","c_TeamNatioShort":"NED","n_ActionReasonID":37,"c_ActionReason":"Assist","c_ActionInfo":"Rechtervoet","n_SubPersonID":868019,"c_SubPerson":"Jordy Clasie","c_SubPersonShort":"Clasie","c_ActionMinute":"13'"},{"n_ActionID":12698906,"n_ActionCode":4,"n_ActionCode2":0,"n_ActionCode3":67239937,"n_ActionSet":1,"n_ActionSort":2,"c_Action":"Doelpunt","c_ActionShort":"D","n_PeriodSort":2,"c_Period":"Eerste helft","c_PeriodShort":"1H","n_ActionTime":1263000,"n_HomeGoals":1,"n_AwayGoals":1,"n_HomeOrAway":1,"n_TeamID":11,"c_Team":"PSV","c_TeamShort":"PSV","n_PersonID":740670,"c_Person":"Luuk de Jong","c_PersonSort":"De Jong, Luuk","c_PersonShort":"L. de Jong","n_PersonNatioGeoID":2201,"c_PersonNatio":"Nederland","c_PersonNatioShort":"NED","n_TeamNatioGeoID":2201,"c_TeamNatio":"Nederland","c_TeamNatioShort":"NED","n_ActionReasonID":37,"c_ActionReason":"Assist","c_ActionInfo":"Linkervoet","n_SubPersonID":664067,"c_SubPerson":"Georginio Wijnaldum","c_SubPersonShort":"Wijnaldum","c_ActionMinute":"22'"},{"n_ActionID":12699159,"n_ActionCode":4,"n_ActionCode2":0,"n_ActionCode3":67108866,"n_ActionSet":1,"n_ActionSort":3,"c_Action":"Doelpunt","c_ActionShort":"D","n_PeriodSort":2,"c_Period":"Eerste helft","c_PeriodShort":"1H","n_ActionTime":2472000,"n_HomeGoals":1,"n_AwayGoals":2,"n_HomeOrAway":-1,"n_TeamID":4,"c_Team":"Feyenoord","c_TeamShort":"FEY","n_PersonID":551047,"c_Person":"Karim El Ahmadi","c_PersonSort":"El Ahmadi, Karim","c_PersonShort":"El Ahmadi","n_PersonNatioGeoID":2779,"c_PersonNatio":"Marokko","c_PersonNatioShort":"MAR","n_TeamNatioGeoID":2201,"c_TeamNatio":"Nederland","c_TeamNatioShort":"NED","n_ActionReasonID":37,"c_ActionReason":"Assist","c_ActionInfo":"Rechtervoet","n_SubPersonID":868019,"c_SubPerson":"Jordy Clasie","c_SubPersonShort":"Clasie","c_ActionMinute":"42'"},{"n_ActionID":12699478,"n_ActionCode":4,"n_ActionCode2":2097152,"n_ActionCode3":131332,"n_ActionSet":1,"n_ActionSort":4,"c_Action":"Doelpunt","c_ActionShort":"D","n_PeriodSort":4,"c_Period":"Tweede helft","c_PeriodShort":"2H","n_ActionTime":3553000,"n_HomeGoals":2,"n_AwayGoals":2,"n_HomeOrAway":1,"n_TeamID":11,"c_Team":"PSV","c_TeamShort":"PSV","n_PersonID":740670,"c_Person":"Luuk de Jong","c_PersonSort":"De Jong, Luuk","c_PersonShort":"L. de Jong","n_PersonNatioGeoID":2201,"c_PersonNatio":"Nederland","c_PersonNatioShort":"NED","n_TeamNatioGeoID":2201,"c_TeamNatio":"Nederland","c_TeamNatioShort":"NED","n_ActionReasonID":37,"c_ActionReason":"Assist","c_ActionInfo":"Kopbal","n_SubPersonID":970679,"c_SubPerson":"Memphis Depay","c_SubPersonShort":"Depay","c_ActionMinute":"60'"},{"n_ActionID":12699496,"n_ActionCode":4,"n_ActionCode2":2097152,"n_ActionCode3":132,"n_ActionSet":1,"n_ActionSort":5,"c_Action":"Doelpunt","c_ActionShort":"D","n_PeriodSort":4,"c_Period":"Tweede helft","c_PeriodShort":"2H","n_ActionTime":3762000,"n_HomeGoals":3,"n_AwayGoals":2,"n_HomeOrAway":1,"n_TeamID":11,"c_Team":"PSV","c_TeamShort":"PSV","n_PersonID":740670,"c_Person":"Luuk de Jong","c_PersonSort":"De Jong, Luuk","c_PersonShort":"L. de Jong","n_PersonNatioGeoID":2201,"c_PersonNatio":"Nederland","c_PersonNatioShort":"NED","n_TeamNatioGeoID":2201,"c_TeamNatio":"Nederland","c_TeamNatioShort":"NED","n_ActionReasonID":37,"c_ActionReason":"Assist","c_ActionInfo":"Kopbal","n_SubPersonID":911639,"c_SubPerson":"Jetro Willems","c_SubPersonShort":"Willems","c_ActionMinute":"63'"},{"n_ActionID":12699566,"n_ActionCode":4,"n_ActionCode2":2097152,"n_ActionCode3":131588,"n_ActionSet":1,"n_ActionSort":6,"c_Action":"Doelpunt","c_ActionShort":"D","n_PeriodSort":4,"c_Period":"Tweede helft","c_PeriodShort":"2H","n_ActionTime":5297000,"n_HomeGoals":3,"n_AwayGoals":3,"n_HomeOrAway":-1,"n_TeamID":4,"c_Team":"Feyenoord","c_TeamShort":"FEY","n_PersonID":590924,"c_Person":"Colin Kazim-Richards","c_PersonSort":"Kazim-Richards, Colin","c_PersonShort":"Kazim-Richards","n_PersonNatioGeoID":2786,"c_PersonNatio":"Turkije","c_PersonNatioShort":"TUR","n_TeamNatioGeoID":2201,"c_TeamNatio":"Nederland","c_TeamNatioShort":"NED","n_ActionReasonID":41,"c_ActionReason":"Onderschepping","c_ActionInfo":"Kopbal","n_SubPersonID":null,"c_SubPerson":"","c_SubPersonShort":"","c_ActionMinute":"89'"},{"n_ActionID":12699574,"n_ActionCode":4,"n_ActionCode2":0,"n_ActionCode3":393218,"n_ActionSet":1,"n_ActionSort":7,"c_Action":"Doelpunt","c_ActionShort":"D","n_PeriodSort":4,"c_Period":"Tweede helft","c_PeriodShort":"2H","n_ActionTime":5531000,"n_HomeGoals":4,"n_AwayGoals":3,"n_HomeOrAway":1,"n_TeamID":11,"c_Team":"PSV","c_TeamShort":"PSV","n_PersonID":970679,"c_Person":"Memphis Depay","c_PersonSort":"Depay, Memphis","c_PersonShort":"Depay","n_PersonNatioGeoID":2201,"c_PersonNatio":"Nederland","c_PersonNatioShort":"NED","n_TeamNatioGeoID":2201,"c_TeamNatio":"Nederland","c_TeamNatioShort":"NED","n_ActionReasonID":37,"c_ActionReason":"Assist","c_ActionInfo":"Rechtervoet","n_SubPersonID":877830,"c_SubPerson":"Florian Jozefzoon","c_SubPersonShort":"Jozefzoon","c_ActionMinute":"90'+3'"}]