﻿[{"n_ActionID":12788067,"n_ActionCode":4,"n_ActionCode2":0,"n_ActionCode3":134348801,"n_ActionSet":1,"n_ActionSort":1,"c_Action":"Doelpunt","c_ActionShort":"D","n_PeriodSort":2,"c_Period":"Eerste helft","c_PeriodShort":"1H","n_ActionTime":567000,"n_HomeGoals":0,"n_AwayGoals":1,"n_HomeOrAway":-1,"n_TeamID":11,"c_Team":"PSV","c_TeamShort":"PSV","n_PersonID":868287,"c_Person":"Adam Maher","c_PersonSort":"Maher, Adam","c_PersonShort":"Maher","n_PersonNatioGeoID":2201,"c_PersonNatio":"Nederland","c_PersonNatioShort":"NED","n_TeamNatioGeoID":2201,"c_TeamNatio":"Nederland","c_TeamNatioShort":"NED","n_ActionReasonID":40,"c_ActionReason":"Rebound","c_ActionInfo":"Linkervoet","n_SubPersonID":null,"c_SubPerson":"","c_SubPersonShort":"","c_ActionMinute":"10'"}]