﻿[{"n_ActionID":12683665,"n_ActionCode":4,"n_ActionCode2":2097152,"n_ActionCode3":132,"n_ActionSet":1,"n_ActionSort":1,"c_Action":"Doelpunt","c_ActionShort":"D","n_PeriodSort":2,"c_Period":"Eerste helft","c_PeriodShort":"1H","n_ActionTime":1245000,"n_HomeGoals":1,"n_AwayGoals":0,"n_HomeOrAway":1,"n_TeamID":11,"c_Team":"PSV","c_TeamShort":"PSV","n_PersonID":740670,"c_Person":"Luuk de Jong","c_PersonSort":"De Jong, Luuk","c_PersonShort":"L. de Jong","n_PersonNatioGeoID":2201,"c_PersonNatio":"Nederland","c_PersonNatioShort":"NED","n_TeamNatioGeoID":2201,"c_TeamNatio":"Nederland","c_TeamNatioShort":"NED","n_ActionReasonID":37,"c_ActionReason":"Assist","c_ActionInfo":"Kopbal","n_SubPersonID":911639,"c_SubPerson":"Jetro Willems","c_SubPersonShort":"Willems","c_ActionMinute":"21'"},{"n_ActionID":12684021,"n_ActionCode":4,"n_ActionCode2":0,"n_ActionCode3":67239938,"n_ActionSet":1,"n_ActionSort":2,"c_Action":"Doelpunt","c_ActionShort":"D","n_PeriodSort":2,"c_Period":"Eerste helft","c_PeriodShort":"1H","n_ActionTime":2753000,"n_HomeGoals":2,"n_AwayGoals":0,"n_HomeOrAway":1,"n_TeamID":11,"c_Team":"PSV","c_TeamShort":"PSV","n_PersonID":664067,"c_Person":"Georginio Wijnaldum","c_PersonSort":"Wijnaldum, Georginio","c_PersonShort":"Wijnaldum","n_PersonNatioGeoID":2201,"c_PersonNatio":"Nederland","c_PersonNatioShort":"NED","n_TeamNatioGeoID":2201,"c_TeamNatio":"Nederland","c_TeamNatioShort":"NED","n_ActionReasonID":37,"c_ActionReason":"Assist","c_ActionInfo":"Rechtervoet","n_SubPersonID":753369,"c_SubPerson":"Luciano Narsingh","c_SubPersonShort":"Narsingh","c_ActionMinute":"45'+1'"}]