﻿[{"n_CompetitionID":2,"n_CompetitionLevel":1,"c_Competition":"Eredivisie","c_CompetitionShort":"Ere","n_CompetitionNatioGeoID":2201,"c_CompetitionNatio":"Netherlands","c_CompetitionNatioShort":"NED","n_EditionID":21399,"c_Season":"2014\/2015","n_MatchID":1880907,"d_Date":"\/Date(1418845500000+0100)\/","d_DateLocal":"\/Date(1418845500000+0100)\/","d_DateUTC":"\/Date(1418841900000+0100)\/","n_RoundNr":14,"n_PhaseID":109277,"n_PhaseLevel":1,"c_Phase":"Regular","c_PhaseShort":null,"n_HomeTeamID":11,"c_HomeTeam":"PSV","c_HomeTeamShort":"PSV","n_HomeTeamNatioGeoID":2201,"c_HomeTeamNatio":"Netherlands","c_HomeTeamNatioShort":"NED","n_AwayTeamID":4,"c_AwayTeam":"Feyenoord","c_AwayTeamShort":"FEY","n_AwayTeamNatioGeoID":2201,"c_AwayTeamNatio":"Netherlands","c_AwayTeamNatioShort":"NED","n_StadiumGeoID":5067,"c_Stadium":"Philips Stadion","n_CityGeoID":4001,"c_City":"Eindhoven","n_CountryGeoID":2201,"c_Country":"Netherlands","c_CountryShort":"NED","c_Score":"4-3 (1-2) ","c_ScoreSuffix":null,"n_HomeGoals":4,"n_AwayGoals":3,"n_HomeGoalsHalftime":1,"n_AwayGoalsHalftime":2,"n_HomeGoals90mins":null,"n_AwayGoals90mins":null,"n_HomeGoals105mins":null,"n_AwayGoals105mins":null,"n_HomeGoalsShootout":null,"n_AwayGoalsShootout":null,"n_MatchStatusCode":128,"c_MatchStatus":"Full time","c_MatchStatusShort":"FT","n_RefereeID":392439,"c_Referee":"Björn Kuipers","n_RefereeNatioGeoID":2201,"c_RefereeNatio":"Netherlands","c_RefereeNatioShort":"NED","n_Spectators":34500,"n_KnockoutPhaseID":null,"n_Leg":null,"c_ScoreFirstLeg":null,"n_WinnerOnAggregateTeamID":null},{"n_CompetitionID":2,"n_CompetitionLevel":1,"c_Competition":"Eredivisie","c_CompetitionShort":"Ere","n_CompetitionNatioGeoID":2201,"c_CompetitionNatio":"Netherlands","c_CompetitionNatioShort":"NED","n_EditionID":20864,"c_Season":"2013\/2014","n_MatchID":1787265,"d_Date":"\/Date(1397399400000+0200)\/","d_DateLocal":"\/Date(1397399400000+0200)\/","d_DateUTC":"\/Date(1397392200000+0200)\/","n_RoundNr":32,"n_PhaseID":104155,"n_PhaseLevel":1,"c_Phase":"Regular","c_PhaseShort":null,"n_HomeTeamID":11,"c_HomeTeam":"PSV","c_HomeTeamShort":"PSV","n_HomeTeamNatioGeoID":2201,"c_HomeTeamNatio":"Netherlands","c_HomeTeamNatioShort":"NED","n_AwayTeamID":4,"c_AwayTeam":"Feyenoord","c_AwayTeamShort":"FEY","n_AwayTeamNatioGeoID":2201,"c_AwayTeamNatio":"Netherlands","c_AwayTeamNatioShort":"NED","n_StadiumGeoID":5067,"c_Stadium":"Philips Stadion","n_CityGeoID":4001,"c_City":"Eindhoven","n_CountryGeoID":2201,"c_Country":"Netherlands","c_CountryShort":"NED","c_Score":"0-2 (0-1) ","c_ScoreSuffix":null,"n_HomeGoals":0,"n_AwayGoals":2,"n_HomeGoalsHalftime":0,"n_AwayGoalsHalftime":1,"n_HomeGoals90mins":null,"n_AwayGoals90mins":null,"n_HomeGoals105mins":null,"n_AwayGoals105mins":null,"n_HomeGoalsShootout":null,"n_AwayGoalsShootout":null,"n_MatchStatusCode":128,"c_MatchStatus":"Full time","c_MatchStatusShort":"FT","n_RefereeID":392439,"c_Referee":"Björn Kuipers","n_RefereeNatioGeoID":2201,"c_RefereeNatio":"Netherlands","c_RefereeNatioShort":"NED","n_Spectators":34300,"n_KnockoutPhaseID":null,"n_Leg":null,"c_ScoreFirstLeg":null,"n_WinnerOnAggregateTeamID":null},{"n_CompetitionID":2,"n_CompetitionLevel":1,"c_Competition":"Eredivisie","c_CompetitionShort":"Ere","n_CompetitionNatioGeoID":2201,"c_CompetitionNatio":"Netherlands","c_CompetitionNatioShort":"NED","n_EditionID":19832,"c_Season":"2012\/2013","n_MatchID":1697185,"d_Date":"\/Date(1348410600000+0200)\/","d_DateLocal":"\/Date(1348410600000+0200)\/","d_DateUTC":"\/Date(1348403400000+0200)\/","n_RoundNr":6,"n_PhaseID":97873,"n_PhaseLevel":1,"c_Phase":"Regular","c_PhaseShort":null,"n_HomeTeamID":11,"c_HomeTeam":"PSV","c_HomeTeamShort":"PSV","n_HomeTeamNatioGeoID":2201,"c_HomeTeamNatio":"Netherlands","c_HomeTeamNatioShort":"NED","n_AwayTeamID":4,"c_AwayTeam":"Feyenoord","c_AwayTeamShort":"FEY","n_AwayTeamNatioGeoID":2201,"c_AwayTeamNatio":"Netherlands","c_AwayTeamNatioShort":"NED","n_StadiumGeoID":5067,"c_Stadium":"Philips Stadion","n_CityGeoID":4001,"c_City":"Eindhoven","n_CountryGeoID":2201,"c_Country":"Netherlands","c_CountryShort":"NED","c_Score":"3-0 (0-0) ","c_ScoreSuffix":null,"n_HomeGoals":3,"n_AwayGoals":0,"n_HomeGoalsHalftime":0,"n_AwayGoalsHalftime":0,"n_HomeGoals90mins":null,"n_AwayGoals90mins":null,"n_HomeGoals105mins":null,"n_AwayGoals105mins":null,"n_HomeGoalsShootout":null,"n_AwayGoalsShootout":null,"n_MatchStatusCode":128,"c_MatchStatus":"Full time","c_MatchStatusShort":"FT","n_RefereeID":235711,"c_Referee":"Richard Liesveld","n_RefereeNatioGeoID":2201,"c_RefereeNatio":"Netherlands","c_RefereeNatioShort":"NED","n_Spectators":34600,"n_KnockoutPhaseID":null,"n_Leg":null,"c_ScoreFirstLeg":null,"n_WinnerOnAggregateTeamID":null},{"n_CompetitionID":2,"n_CompetitionLevel":1,"c_Competition":"Eredivisie","c_CompetitionShort":"Ere","n_CompetitionNatioGeoID":2201,"c_CompetitionNatio":"Netherlands","c_CompetitionNatioShort":"NED","n_EditionID":18803,"c_Season":"2011\/2012","n_MatchID":1622209,"d_Date":"\/Date(1330263000000+0100)\/","d_DateLocal":"\/Date(1330263000000+0100)\/","d_DateUTC":"\/Date(1330259400000+0100)\/","n_RoundNr":23,"n_PhaseID":92852,"n_PhaseLevel":1,"c_Phase":"Regular","c_PhaseShort":null,"n_HomeTeamID":11,"c_HomeTeam":"PSV","c_HomeTeamShort":"PSV","n_HomeTeamNatioGeoID":2201,"c_HomeTeamNatio":"Netherlands","c_HomeTeamNatioShort":"NED","n_AwayTeamID":4,"c_AwayTeam":"Feyenoord","c_AwayTeamShort":"FEY","n_AwayTeamNatioGeoID":2201,"c_AwayTeamNatio":"Netherlands","c_AwayTeamNatioShort":"NED","n_StadiumGeoID":5067,"c_Stadium":"Philips Stadion","n_CityGeoID":4001,"c_City":"Eindhoven","n_CountryGeoID":2201,"c_Country":"Netherlands","c_CountryShort":"NED","c_Score":"3-2 (1-0) ","c_ScoreSuffix":null,"n_HomeGoals":3,"n_AwayGoals":2,"n_HomeGoalsHalftime":1,"n_AwayGoalsHalftime":0,"n_HomeGoals90mins":null,"n_AwayGoals90mins":null,"n_HomeGoals105mins":null,"n_AwayGoals105mins":null,"n_HomeGoalsShootout":null,"n_AwayGoalsShootout":null,"n_MatchStatusCode":128,"c_MatchStatus":"Full time","c_MatchStatusShort":"FT","n_RefereeID":235711,"c_Referee":"Richard Liesveld","n_RefereeNatioGeoID":2201,"c_RefereeNatio":"Netherlands","c_RefereeNatioShort":"NED","n_Spectators":35000,"n_KnockoutPhaseID":null,"n_Leg":null,"c_ScoreFirstLeg":null,"n_WinnerOnAggregateTeamID":null},{"n_CompetitionID":2,"n_CompetitionLevel":1,"c_Competition":"Eredivisie","c_CompetitionShort":"Ere","n_CompetitionNatioGeoID":2201,"c_CompetitionNatio":"Netherlands","c_CompetitionNatioShort":"NED","n_EditionID":18090,"c_Season":"2010\/2011","n_MatchID":1531299,"d_Date":"\/Date(1287923400000+0200)\/","d_DateLocal":"\/Date(1287923400000+0200)\/","d_DateUTC":"\/Date(1287916200000+0200)\/","n_RoundNr":10,"n_PhaseID":86922,"n_PhaseLevel":1,"c_Phase":"Regular","c_PhaseShort":null,"n_HomeTeamID":11,"c_HomeTeam":"PSV","c_HomeTeamShort":"PSV","n_HomeTeamNatioGeoID":2201,"c_HomeTeamNatio":"Netherlands","c_HomeTeamNatioShort":"NED","n_AwayTeamID":4,"c_AwayTeam":"Feyenoord","c_AwayTeamShort":"FEY","n_AwayTeamNatioGeoID":2201,"c_AwayTeamNatio":"Netherlands","c_AwayTeamNatioShort":"NED","n_StadiumGeoID":5067,"c_Stadium":"Philips Stadion","n_CityGeoID":4001,"c_City":"Eindhoven","n_CountryGeoID":2201,"c_Country":"Netherlands","c_CountryShort":"NED","c_Score":"10-0 (2-0) ","c_ScoreSuffix":null,"n_HomeGoals":10,"n_AwayGoals":0,"n_HomeGoalsHalftime":2,"n_AwayGoalsHalftime":0,"n_HomeGoals90mins":null,"n_AwayGoals90mins":null,"n_HomeGoals105mins":null,"n_AwayGoals105mins":null,"n_HomeGoalsShootout":null,"n_AwayGoalsShootout":null,"n_MatchStatusCode":128,"c_MatchStatus":"Full time","c_MatchStatusShort":"FT","n_RefereeID":294928,"c_Referee":"Bas Nijhuis","n_RefereeNatioGeoID":2201,"c_RefereeNatio":"Netherlands","c_RefereeNatioShort":"NED","n_Spectators":33900,"n_KnockoutPhaseID":null,"n_Leg":null,"c_ScoreFirstLeg":null,"n_WinnerOnAggregateTeamID":null},{"n_CompetitionID":2,"n_CompetitionLevel":1,"c_Competition":"Eredivisie","c_CompetitionShort":"Ere","n_CompetitionNatioGeoID":2201,"c_CompetitionNatio":"Netherlands","c_CompetitionNatioShort":"NED","n_EditionID":17234,"c_Season":"2009\/2010","n_MatchID":1411122,"d_Date":"\/Date(1270981800000+0200)\/","d_DateLocal":"\/Date(1270981800000+0200)\/","d_DateUTC":"\/Date(1270974600000+0200)\/","n_RoundNr":31,"n_PhaseID":80834,"n_PhaseLevel":1,"c_Phase":"Regular","c_PhaseShort":null,"n_HomeTeamID":11,"c_HomeTeam":"PSV","c_HomeTeamShort":"PSV","n_HomeTeamNatioGeoID":2201,"c_HomeTeamNatio":"Netherlands","c_HomeTeamNatioShort":"NED","n_AwayTeamID":4,"c_AwayTeam":"Feyenoord","c_AwayTeamShort":"FEY","n_AwayTeamNatioGeoID":2201,"c_AwayTeamNatio":"Netherlands","c_AwayTeamNatioShort":"NED","n_StadiumGeoID":5067,"c_Stadium":"Philips Stadion","n_CityGeoID":4001,"c_City":"Eindhoven","n_CountryGeoID":2201,"c_Country":"Netherlands","c_CountryShort":"NED","c_Score":"0-0 (0-0) ","c_ScoreSuffix":null,"n_HomeGoals":0,"n_AwayGoals":0,"n_HomeGoalsHalftime":0,"n_AwayGoalsHalftime":0,"n_HomeGoals90mins":null,"n_AwayGoals90mins":null,"n_HomeGoals105mins":null,"n_AwayGoals105mins":null,"n_HomeGoalsShootout":null,"n_AwayGoalsShootout":null,"n_MatchStatusCode":128,"c_MatchStatus":"Full time","c_MatchStatusShort":"FT","n_RefereeID":294308,"c_Referee":"Kevin Blom","n_RefereeNatioGeoID":2201,"c_RefereeNatio":"Netherlands","c_RefereeNatioShort":"NED","n_Spectators":34400,"n_KnockoutPhaseID":null,"n_Leg":null,"c_ScoreFirstLeg":null,"n_WinnerOnAggregateTeamID":null},{"n_CompetitionID":2,"n_CompetitionLevel":1,"c_Competition":"Eredivisie","c_CompetitionShort":"Ere","n_CompetitionNatioGeoID":2201,"c_CompetitionNatio":"Netherlands","c_CompetitionNatioShort":"NED","n_EditionID":16583,"c_Season":"2008\/2009","n_MatchID":1305097,"d_Date":"\/Date(1229866200000+0100)\/","d_DateLocal":"\/Date(1229866200000+0100)\/","d_DateUTC":"\/Date(1229862600000+0100)\/","n_RoundNr":16,"n_PhaseID":77107,"n_PhaseLevel":1,"c_Phase":"Regular","c_PhaseShort":null,"n_HomeTeamID":11,"c_HomeTeam":"PSV","c_HomeTeamShort":"PSV","n_HomeTeamNatioGeoID":2201,"c_HomeTeamNatio":"Netherlands","c_HomeTeamNatioShort":"NED","n_AwayTeamID":4,"c_AwayTeam":"Feyenoord","c_AwayTeamShort":"FEY","n_AwayTeamNatioGeoID":2201,"c_AwayTeamNatio":"Netherlands","c_AwayTeamNatioShort":"NED","n_StadiumGeoID":5067,"c_Stadium":"Philips Stadion","n_CityGeoID":4001,"c_City":"Eindhoven","n_CountryGeoID":2201,"c_Country":"Netherlands","c_CountryShort":"NED","c_Score":"1-0 (0-0) ","c_ScoreSuffix":null,"n_HomeGoals":1,"n_AwayGoals":0,"n_HomeGoalsHalftime":0,"n_AwayGoalsHalftime":0,"n_HomeGoals90mins":null,"n_AwayGoals90mins":null,"n_HomeGoals105mins":null,"n_AwayGoals105mins":null,"n_HomeGoalsShootout":null,"n_AwayGoalsShootout":null,"n_MatchStatusCode":192,"c_MatchStatus":"Full time","c_MatchStatusShort":"FT","n_RefereeID":482,"c_Referee":"Eric Braamhaar","n_RefereeNatioGeoID":2201,"c_RefereeNatio":"Netherlands","c_RefereeNatioShort":"NED","n_Spectators":35000,"n_KnockoutPhaseID":null,"n_Leg":null,"c_ScoreFirstLeg":null,"n_WinnerOnAggregateTeamID":null},{"n_CompetitionID":2,"n_CompetitionLevel":1,"c_Competition":"Eredivisie","c_CompetitionShort":"Ere","n_CompetitionNatioGeoID":2201,"c_CompetitionNatio":"Netherlands","c_CompetitionNatioShort":"NED","n_EditionID":15896,"c_Season":"2007\/2008","n_MatchID":1165669,"d_Date":"\/Date(1190550600000+0200)\/","d_DateLocal":"\/Date(1190550600000+0200)\/","d_DateUTC":"\/Date(1190543400000+0200)\/","n_RoundNr":5,"n_PhaseID":70768,"n_PhaseLevel":1,"c_Phase":"Regular","c_PhaseShort":null,"n_HomeTeamID":11,"c_HomeTeam":"PSV","c_HomeTeamShort":"PSV","n_HomeTeamNatioGeoID":2201,"c_HomeTeamNatio":"Netherlands","c_HomeTeamNatioShort":"NED","n_AwayTeamID":4,"c_AwayTeam":"Feyenoord","c_AwayTeamShort":"FEY","n_AwayTeamNatioGeoID":2201,"c_AwayTeamNatio":"Netherlands","c_AwayTeamNatioShort":"NED","n_StadiumGeoID":5067,"c_Stadium":"Philips Stadion","n_CityGeoID":4001,"c_City":"Eindhoven","n_CountryGeoID":2201,"c_Country":"Netherlands","c_CountryShort":"NED","c_Score":"4-0 (3-0) ","c_ScoreSuffix":null,"n_HomeGoals":4,"n_AwayGoals":0,"n_HomeGoalsHalftime":3,"n_AwayGoalsHalftime":0,"n_HomeGoals90mins":null,"n_AwayGoals90mins":null,"n_HomeGoals105mins":null,"n_AwayGoals105mins":null,"n_HomeGoalsShootout":null,"n_AwayGoalsShootout":null,"n_MatchStatusCode":128,"c_MatchStatus":"Full time","c_MatchStatusShort":"FT","n_RefereeID":482,"c_Referee":"Eric Braamhaar","n_RefereeNatioGeoID":2201,"c_RefereeNatio":"Netherlands","c_RefereeNatioShort":"NED","n_Spectators":35000,"n_KnockoutPhaseID":null,"n_Leg":null,"c_ScoreFirstLeg":null,"n_WinnerOnAggregateTeamID":null},{"n_CompetitionID":2,"n_CompetitionLevel":1,"c_Competition":"Eredivisie","c_CompetitionShort":"Ere","n_CompetitionNatioGeoID":2201,"c_CompetitionNatio":"Netherlands","c_CompetitionNatioShort":"NED","n_EditionID":15383,"c_Season":"2006\/2007","n_MatchID":1093606,"d_Date":"\/Date(1158489000000+0200)\/","d_DateLocal":"\/Date(1158489000000+0200)\/","d_DateUTC":"\/Date(1158481800000+0200)\/","n_RoundNr":4,"n_PhaseID":67062,"n_PhaseLevel":1,"c_Phase":"Regular","c_PhaseShort":null,"n_HomeTeamID":11,"c_HomeTeam":"PSV","c_HomeTeamShort":"PSV","n_HomeTeamNatioGeoID":2201,"c_HomeTeamNatio":"Netherlands","c_HomeTeamNatioShort":"NED","n_AwayTeamID":4,"c_AwayTeam":"Feyenoord","c_AwayTeamShort":"FEY","n_AwayTeamNatioGeoID":2201,"c_AwayTeamNatio":"Netherlands","c_AwayTeamNatioShort":"NED","n_StadiumGeoID":5067,"c_Stadium":"Philips Stadion","n_CityGeoID":4001,"c_City":"Eindhoven","n_CountryGeoID":2201,"c_Country":"Netherlands","c_CountryShort":"NED","c_Score":"2-1 (2-1) ","c_ScoreSuffix":null,"n_HomeGoals":2,"n_AwayGoals":1,"n_HomeGoalsHalftime":2,"n_AwayGoalsHalftime":1,"n_HomeGoals90mins":null,"n_AwayGoals90mins":null,"n_HomeGoals105mins":null,"n_AwayGoals105mins":null,"n_HomeGoalsShootout":null,"n_AwayGoalsShootout":null,"n_MatchStatusCode":128,"c_MatchStatus":"Full time","c_MatchStatusShort":"FT","n_RefereeID":816,"c_Referee":"Pieter Vink","n_RefereeNatioGeoID":2201,"c_RefereeNatio":"Netherlands","c_RefereeNatioShort":"NED","n_Spectators":35000,"n_KnockoutPhaseID":null,"n_Leg":null,"c_ScoreFirstLeg":null,"n_WinnerOnAggregateTeamID":null},{"n_CompetitionID":2,"n_CompetitionLevel":1,"c_Competition":"Eredivisie","c_CompetitionShort":"Ere","n_CompetitionNatioGeoID":2201,"c_CompetitionNatio":"Netherlands","c_CompetitionNatioShort":"NED","n_EditionID":14502,"c_Season":"2005\/2006","n_MatchID":977144,"d_Date":"\/Date(1144864800000+0200)\/","d_DateLocal":"\/Date(1144864800000+0200)\/","d_DateUTC":"\/Date(1144857600000+0200)\/","n_RoundNr":33,"n_PhaseID":62430,"n_PhaseLevel":1,"c_Phase":"Regular","c_PhaseShort":null,"n_HomeTeamID":11,"c_HomeTeam":"PSV","c_HomeTeamShort":"PSV","n_HomeTeamNatioGeoID":2201,"c_HomeTeamNatio":"Netherlands","c_HomeTeamNatioShort":"NED","n_AwayTeamID":4,"c_AwayTeam":"Feyenoord","c_AwayTeamShort":"FEY","n_AwayTeamNatioGeoID":2201,"c_AwayTeamNatio":"Netherlands","c_AwayTeamNatioShort":"NED","n_StadiumGeoID":5067,"c_Stadium":"Philips Stadion","n_CityGeoID":4001,"c_City":"Eindhoven","n_CountryGeoID":2201,"c_Country":"Netherlands","c_CountryShort":"NED","c_Score":"1-1 (0-0) ","c_ScoreSuffix":null,"n_HomeGoals":1,"n_AwayGoals":1,"n_HomeGoalsHalftime":0,"n_AwayGoalsHalftime":0,"n_HomeGoals90mins":null,"n_AwayGoals90mins":null,"n_HomeGoals105mins":null,"n_AwayGoals105mins":null,"n_HomeGoalsShootout":null,"n_AwayGoalsShootout":null,"n_MatchStatusCode":128,"c_MatchStatus":"Full time","c_MatchStatusShort":"FT","n_RefereeID":470,"c_Referee":"Ruud Bossen","n_RefereeNatioGeoID":2201,"c_RefereeNatio":"Netherlands","c_RefereeNatioShort":"NED","n_Spectators":34300,"n_KnockoutPhaseID":null,"n_Leg":null,"c_ScoreFirstLeg":null,"n_WinnerOnAggregateTeamID":null},{"n_CompetitionID":2,"n_CompetitionLevel":1,"c_Competition":"Holland Casino Eredivisie","c_CompetitionShort":"HCE","n_CompetitionNatioGeoID":2201,"c_CompetitionNatio":"Netherlands","c_CompetitionNatioShort":"NED","n_EditionID":13469,"c_Season":"2004\/2005","n_MatchID":852942,"d_Date":"\/Date(1116160200000+0200)\/","d_DateLocal":"\/Date(1116160200000+0200)\/","d_DateUTC":"\/Date(1116153000000+0200)\/","n_RoundNr":33,"n_PhaseID":56344,"n_PhaseLevel":1,"c_Phase":"Regular","c_PhaseShort":null,"n_HomeTeamID":11,"c_HomeTeam":"PSV","c_HomeTeamShort":"PSV","n_HomeTeamNatioGeoID":2201,"c_HomeTeamNatio":"Netherlands","c_HomeTeamNatioShort":"NED","n_AwayTeamID":4,"c_AwayTeam":"Feyenoord","c_AwayTeamShort":"FEY","n_AwayTeamNatioGeoID":2201,"c_AwayTeamNatio":"Netherlands","c_AwayTeamNatioShort":"NED","n_StadiumGeoID":5067,"c_Stadium":"Philips Stadion","n_CityGeoID":4001,"c_City":"Eindhoven","n_CountryGeoID":2201,"c_Country":"Netherlands","c_CountryShort":"NED","c_Score":"4-2 (2-1) ","c_ScoreSuffix":null,"n_HomeGoals":4,"n_AwayGoals":2,"n_HomeGoalsHalftime":2,"n_AwayGoalsHalftime":1,"n_HomeGoals90mins":null,"n_AwayGoals90mins":null,"n_HomeGoals105mins":null,"n_AwayGoals105mins":null,"n_HomeGoalsShootout":null,"n_AwayGoalsShootout":null,"n_MatchStatusCode":128,"c_MatchStatus":"Full time","c_MatchStatusShort":"FT","n_RefereeID":520,"c_Referee":"Ben Haverkort","n_RefereeNatioGeoID":2201,"c_RefereeNatio":"Netherlands","c_RefereeNatioShort":"NED","n_Spectators":33000,"n_KnockoutPhaseID":null,"n_Leg":null,"c_ScoreFirstLeg":null,"n_WinnerOnAggregateTeamID":null},{"n_CompetitionID":2,"n_CompetitionLevel":1,"c_Competition":"Holland Casino Eredivisie","c_CompetitionShort":"HCE","n_CompetitionNatioGeoID":2201,"c_CompetitionNatio":"Netherlands","c_CompetitionNatioShort":"NED","n_EditionID":12948,"c_Season":"2003\/2004","n_MatchID":697316,"d_Date":"\/Date(1079263800000+0100)\/","d_DateLocal":"\/Date(1079263800000+0100)\/","d_DateUTC":"\/Date(1079260200000+0100)\/","n_RoundNr":25,"n_PhaseID":45944,"n_PhaseLevel":1,"c_Phase":"Regular","c_PhaseShort":null,"n_HomeTeamID":11,"c_HomeTeam":"PSV","c_HomeTeamShort":"PSV","n_HomeTeamNatioGeoID":2201,"c_HomeTeamNatio":"Netherlands","c_HomeTeamNatioShort":"NED","n_AwayTeamID":4,"c_AwayTeam":"Feyenoord","c_AwayTeamShort":"FEY","n_AwayTeamNatioGeoID":2201,"c_AwayTeamNatio":"Netherlands","c_AwayTeamNatioShort":"NED","n_StadiumGeoID":5067,"c_Stadium":"Philips Stadion","n_CityGeoID":4001,"c_City":"Eindhoven","n_CountryGeoID":2201,"c_Country":"Netherlands","c_CountryShort":"NED","c_Score":"0-1 (0-1) ","c_ScoreSuffix":null,"n_HomeGoals":0,"n_AwayGoals":1,"n_HomeGoalsHalftime":0,"n_AwayGoalsHalftime":1,"n_HomeGoals90mins":null,"n_AwayGoals90mins":null,"n_HomeGoals105mins":null,"n_AwayGoals105mins":null,"n_HomeGoalsShootout":null,"n_AwayGoalsShootout":null,"n_MatchStatusCode":128,"c_MatchStatus":"Full time","c_MatchStatusShort":"FT","n_RefereeID":22007,"c_Referee":"Dick Jol","n_RefereeNatioGeoID":2201,"c_RefereeNatio":"Netherlands","c_RefereeNatioShort":"NED","n_Spectators":35000,"n_KnockoutPhaseID":null,"n_Leg":null,"c_ScoreFirstLeg":null,"n_WinnerOnAggregateTeamID":null},{"n_CompetitionID":2,"n_CompetitionLevel":1,"c_Competition":"Holland Casino Eredivisie","c_CompetitionShort":"HCE","n_CompetitionNatioGeoID":2201,"c_CompetitionNatio":"Netherlands","c_CompetitionNatioShort":"NED","n_EditionID":12374,"c_Season":"2002\/2003","n_MatchID":639880,"d_Date":"\/Date(1037535300000+0100)\/","d_DateLocal":"\/Date(1037535300000+0100)\/","d_DateUTC":"\/Date(1037531700000+0100)\/","n_RoundNr":12,"n_PhaseID":38586,"n_PhaseLevel":1,"c_Phase":"Regular","c_PhaseShort":null,"n_HomeTeamID":11,"c_HomeTeam":"PSV","c_HomeTeamShort":"PSV","n_HomeTeamNatioGeoID":2201,"c_HomeTeamNatio":"Netherlands","c_HomeTeamNatioShort":"NED","n_AwayTeamID":4,"c_AwayTeam":"Feyenoord","c_AwayTeamShort":"FEY","n_AwayTeamNatioGeoID":2201,"c_AwayTeamNatio":"Netherlands","c_AwayTeamNatioShort":"NED","n_StadiumGeoID":5067,"c_Stadium":"Philips Stadion","n_CityGeoID":4001,"c_City":"Eindhoven","n_CountryGeoID":2201,"c_Country":"Netherlands","c_CountryShort":"NED","c_Score":"1-2 (0-2) ","c_ScoreSuffix":null,"n_HomeGoals":1,"n_AwayGoals":2,"n_HomeGoalsHalftime":0,"n_AwayGoalsHalftime":2,"n_HomeGoals90mins":null,"n_AwayGoals90mins":null,"n_HomeGoals105mins":null,"n_AwayGoals105mins":null,"n_HomeGoalsShootout":null,"n_AwayGoalsShootout":null,"n_MatchStatusCode":128,"c_MatchStatus":"Full time","c_MatchStatusShort":"FT","n_RefereeID":435,"c_Referee":"René Temmink","n_RefereeNatioGeoID":2201,"c_RefereeNatio":"Netherlands","c_RefereeNatioShort":"NED","n_Spectators":35200,"n_KnockoutPhaseID":null,"n_Leg":null,"c_ScoreFirstLeg":null,"n_WinnerOnAggregateTeamID":null},{"n_CompetitionID":2,"n_CompetitionLevel":1,"c_Competition":"KPN Eredivisie","c_CompetitionShort":"KPN","n_CompetitionNatioGeoID":2201,"c_CompetitionNatio":"Netherlands","c_CompetitionNatioShort":"NED","n_EditionID":6642,"c_Season":"2001\/2002","n_MatchID":588030,"d_Date":"\/Date(1018782000000+0200)\/","d_DateLocal":"\/Date(1018782000000+0200)\/","d_DateUTC":"\/Date(1018774800000+0200)\/","n_RoundNr":31,"n_PhaseID":31933,"n_PhaseLevel":1,"c_Phase":"Regular","c_PhaseShort":null,"n_HomeTeamID":11,"c_HomeTeam":"PSV","c_HomeTeamShort":"PSV","n_HomeTeamNatioGeoID":2201,"c_HomeTeamNatio":"Netherlands","c_HomeTeamNatioShort":"NED","n_AwayTeamID":4,"c_AwayTeam":"Feyenoord","c_AwayTeamShort":"FEY","n_AwayTeamNatioGeoID":2201,"c_AwayTeamNatio":"Netherlands","c_AwayTeamNatioShort":"NED","n_StadiumGeoID":5067,"c_Stadium":"Philips Stadion","n_CityGeoID":4001,"c_City":"Eindhoven","n_CountryGeoID":2201,"c_Country":"Netherlands","c_CountryShort":"NED","c_Score":"2-0 (1-0) ","c_ScoreSuffix":null,"n_HomeGoals":2,"n_AwayGoals":0,"n_HomeGoalsHalftime":1,"n_AwayGoalsHalftime":0,"n_HomeGoals90mins":null,"n_AwayGoals90mins":null,"n_HomeGoals105mins":null,"n_AwayGoals105mins":null,"n_HomeGoalsShootout":null,"n_AwayGoalsShootout":null,"n_MatchStatusCode":128,"c_MatchStatus":"Full time","c_MatchStatusShort":"FT","n_RefereeID":438,"c_Referee":"Jan Wegereef","n_RefereeNatioGeoID":2201,"c_RefereeNatio":"Netherlands","c_RefereeNatioShort":"NED","n_Spectators":31500,"n_KnockoutPhaseID":null,"n_Leg":null,"c_ScoreFirstLeg":null,"n_WinnerOnAggregateTeamID":null},{"n_CompetitionID":2,"n_CompetitionLevel":1,"c_Competition":"KPN Eredivisie","c_CompetitionShort":"KPN","n_CompetitionNatioGeoID":2201,"c_CompetitionNatio":"Netherlands","c_CompetitionNatioShort":"NED","n_EditionID":3912,"c_Season":"2000\/2001","n_MatchID":487143,"d_Date":"\/Date(974030400000+0100)\/","d_DateLocal":"\/Date(974030400000+0100)\/","d_DateUTC":"\/Date(974026800000+0100)\/","n_RoundNr":12,"n_PhaseID":5044,"n_PhaseLevel":1,"c_Phase":"Regular","c_PhaseShort":null,"n_HomeTeamID":11,"c_HomeTeam":"PSV","c_HomeTeamShort":"PSV","n_HomeTeamNatioGeoID":2201,"c_HomeTeamNatio":"Netherlands","c_HomeTeamNatioShort":"NED","n_AwayTeamID":4,"c_AwayTeam":"Feyenoord","c_AwayTeamShort":"FEY","n_AwayTeamNatioGeoID":2201,"c_AwayTeamNatio":"Netherlands","c_AwayTeamNatioShort":"NED","n_StadiumGeoID":5067,"c_Stadium":"Philips Stadion","n_CityGeoID":4001,"c_City":"Eindhoven","n_CountryGeoID":2201,"c_Country":"Netherlands","c_CountryShort":"NED","c_Score":"1-0 (0-0) ","c_ScoreSuffix":null,"n_HomeGoals":1,"n_AwayGoals":0,"n_HomeGoalsHalftime":0,"n_AwayGoalsHalftime":0,"n_HomeGoals90mins":null,"n_AwayGoals90mins":null,"n_HomeGoals105mins":null,"n_AwayGoals105mins":null,"n_HomeGoalsShootout":null,"n_AwayGoalsShootout":null,"n_MatchStatusCode":128,"c_MatchStatus":"Full time","c_MatchStatusShort":"FT","n_RefereeID":435,"c_Referee":"René Temmink","n_RefereeNatioGeoID":2201,"c_RefereeNatio":"Netherlands","c_RefereeNatioShort":"NED","n_Spectators":33000,"n_KnockoutPhaseID":null,"n_Leg":null,"c_ScoreFirstLeg":null,"n_WinnerOnAggregateTeamID":null},{"n_CompetitionID":2,"n_CompetitionLevel":1,"c_Competition":"KPN Telecompetitie","c_CompetitionShort":"KPN","n_CompetitionNatioGeoID":2201,"c_CompetitionNatio":"Netherlands","c_CompetitionNatioShort":"NED","n_EditionID":3297,"c_Season":"1999\/2000","n_MatchID":329798,"d_Date":"\/Date(949604400000+0100)\/","d_DateLocal":"\/Date(949604400000+0100)\/","d_DateUTC":"\/Date(949600800000+0100)\/","n_RoundNr":20,"n_PhaseID":4610,"n_PhaseLevel":1,"c_Phase":"Regular","c_PhaseShort":null,"n_HomeTeamID":11,"c_HomeTeam":"PSV","c_HomeTeamShort":"PSV","n_HomeTeamNatioGeoID":2201,"c_HomeTeamNatio":"Netherlands","c_HomeTeamNatioShort":"NED","n_AwayTeamID":4,"c_AwayTeam":"Feyenoord","c_AwayTeamShort":"FEY","n_AwayTeamNatioGeoID":2201,"c_AwayTeamNatio":"Netherlands","c_AwayTeamNatioShort":"NED","n_StadiumGeoID":5067,"c_Stadium":"Philips Stadion","n_CityGeoID":4001,"c_City":"Eindhoven","n_CountryGeoID":2201,"c_Country":"Netherlands","c_CountryShort":"NED","c_Score":"0-1 (0-1) ","c_ScoreSuffix":null,"n_HomeGoals":0,"n_AwayGoals":1,"n_HomeGoalsHalftime":0,"n_AwayGoalsHalftime":1,"n_HomeGoals90mins":null,"n_AwayGoals90mins":null,"n_HomeGoals105mins":null,"n_AwayGoals105mins":null,"n_HomeGoalsShootout":null,"n_AwayGoalsShootout":null,"n_MatchStatusCode":128,"c_MatchStatus":"Full time","c_MatchStatusShort":"FT","n_RefereeID":438,"c_Referee":"Jan Wegereef","n_RefereeNatioGeoID":2201,"c_RefereeNatio":"Netherlands","c_RefereeNatioShort":"NED","n_Spectators":28000,"n_KnockoutPhaseID":null,"n_Leg":null,"c_ScoreFirstLeg":null,"n_WinnerOnAggregateTeamID":null},{"n_CompetitionID":2,"n_CompetitionLevel":1,"c_Competition":"KPN Telecompetitie","c_CompetitionShort":"KPN","n_CompetitionNatioGeoID":2201,"c_CompetitionNatio":"Netherlands","c_CompetitionNatioShort":"NED","n_EditionID":1652,"c_Season":"1998\/1999","n_MatchID":230932,"d_Date":"\/Date(906487200000+0200)\/","d_DateLocal":"\/Date(906487200000+0200)\/","d_DateUTC":"\/Date(906480000000+0200)\/","n_RoundNr":5,"n_PhaseID":2809,"n_PhaseLevel":1,"c_Phase":"Regular","c_PhaseShort":null,"n_HomeTeamID":11,"c_HomeTeam":"PSV","c_HomeTeamShort":"PSV","n_HomeTeamNatioGeoID":2201,"c_HomeTeamNatio":"Netherlands","c_HomeTeamNatioShort":"NED","n_AwayTeamID":4,"c_AwayTeam":"Feyenoord","c_AwayTeamShort":"FEY","n_AwayTeamNatioGeoID":2201,"c_AwayTeamNatio":"Netherlands","c_AwayTeamNatioShort":"NED","n_StadiumGeoID":5067,"c_Stadium":"Philips Stadion","n_CityGeoID":4001,"c_City":"Eindhoven","n_CountryGeoID":2201,"c_Country":"Netherlands","c_CountryShort":"NED","c_Score":"1-2 (1-1) ","c_ScoreSuffix":null,"n_HomeGoals":1,"n_AwayGoals":2,"n_HomeGoalsHalftime":1,"n_AwayGoalsHalftime":1,"n_HomeGoals90mins":null,"n_AwayGoals90mins":null,"n_HomeGoals105mins":null,"n_AwayGoals105mins":null,"n_HomeGoalsShootout":null,"n_AwayGoalsShootout":null,"n_MatchStatusCode":128,"c_MatchStatus":null,"c_MatchStatusShort":null,"n_RefereeID":22005,"c_Referee":"Mario van der Ende","n_RefereeNatioGeoID":2201,"c_RefereeNatio":"Netherlands","c_RefereeNatioShort":"NED","n_Spectators":28000,"n_KnockoutPhaseID":null,"n_Leg":null,"c_ScoreFirstLeg":null,"n_WinnerOnAggregateTeamID":null},{"n_CompetitionID":2,"n_CompetitionLevel":1,"c_Competition":"PTT-Telecompetitie","c_CompetitionShort":"PTT","n_CompetitionNatioGeoID":2201,"c_CompetitionNatio":"Netherlands","c_CompetitionNatioShort":"NED","n_EditionID":744,"c_Season":"1997\/1998","n_MatchID":106915,"d_Date":"\/Date(893541600000+0200)\/","d_DateLocal":"\/Date(893541600000+0200)\/","d_DateUTC":"\/Date(893541600000+0200)\/","n_RoundNr":null,"n_PhaseID":1606,"n_PhaseLevel":1,"c_Phase":"Regular","c_PhaseShort":null,"n_HomeTeamID":11,"c_HomeTeam":"PSV","c_HomeTeamShort":"PSV","n_HomeTeamNatioGeoID":2201,"c_HomeTeamNatio":"Netherlands","c_HomeTeamNatioShort":"NED","n_AwayTeamID":4,"c_AwayTeam":"Feyenoord","c_AwayTeamShort":"FEY","n_AwayTeamNatioGeoID":2201,"c_AwayTeamNatio":"Netherlands","c_AwayTeamNatioShort":"NED","n_StadiumGeoID":5067,"c_Stadium":"Philips Stadion","n_CityGeoID":4001,"c_City":"Eindhoven","n_CountryGeoID":2201,"c_Country":"Netherlands","c_CountryShort":"NED","c_Score":"3-3 (3-0) ","c_ScoreSuffix":null,"n_HomeGoals":3,"n_AwayGoals":3,"n_HomeGoalsHalftime":3,"n_AwayGoalsHalftime":0,"n_HomeGoals90mins":null,"n_AwayGoals90mins":null,"n_HomeGoals105mins":null,"n_AwayGoals105mins":null,"n_HomeGoalsShootout":null,"n_AwayGoalsShootout":null,"n_MatchStatusCode":128,"c_MatchStatus":"Full time","c_MatchStatusShort":"FT","n_RefereeID":431,"c_Referee":"Hans Reygwart","n_RefereeNatioGeoID":2201,"c_RefereeNatio":"Netherlands","c_RefereeNatioShort":"NED","n_Spectators":29000,"n_KnockoutPhaseID":null,"n_Leg":null,"c_ScoreFirstLeg":null,"n_WinnerOnAggregateTeamID":null},{"n_CompetitionID":2,"n_CompetitionLevel":1,"c_Competition":"PTT-Telecompetitie","c_CompetitionShort":"PTT","n_CompetitionNatioGeoID":2201,"c_CompetitionNatio":"Netherlands","c_CompetitionNatioShort":"NED","n_EditionID":41,"c_Season":"1996\/1997","n_MatchID":19098,"d_Date":"\/Date(845762400000+0200)\/","d_DateLocal":"\/Date(845762400000+0200)\/","d_DateUTC":"\/Date(845762400000+0200)\/","n_RoundNr":11,"n_PhaseID":42,"n_PhaseLevel":1,"c_Phase":"Regular","c_PhaseShort":null,"n_HomeTeamID":11,"c_HomeTeam":"PSV","c_HomeTeamShort":"PSV","n_HomeTeamNatioGeoID":2201,"c_HomeTeamNatio":"Netherlands","c_HomeTeamNatioShort":"NED","n_AwayTeamID":4,"c_AwayTeam":"Feyenoord","c_AwayTeamShort":"FEY","n_AwayTeamNatioGeoID":2201,"c_AwayTeamNatio":"Netherlands","c_AwayTeamNatioShort":"NED","n_StadiumGeoID":5067,"c_Stadium":"Philips Stadion","n_CityGeoID":4001,"c_City":"Eindhoven","n_CountryGeoID":2201,"c_Country":"Netherlands","c_CountryShort":"NED","c_Score":"7-2 (2-1) ","c_ScoreSuffix":null,"n_HomeGoals":7,"n_AwayGoals":2,"n_HomeGoalsHalftime":2,"n_AwayGoalsHalftime":1,"n_HomeGoals90mins":null,"n_AwayGoals90mins":null,"n_HomeGoals105mins":null,"n_AwayGoals105mins":null,"n_HomeGoalsShootout":null,"n_AwayGoalsShootout":null,"n_MatchStatusCode":128,"c_MatchStatus":null,"c_MatchStatusShort":null,"n_RefereeID":22005,"c_Referee":"Mario van der Ende","n_RefereeNatioGeoID":2201,"c_RefereeNatio":"Netherlands","c_RefereeNatioShort":"NED","n_Spectators":30000,"n_KnockoutPhaseID":null,"n_Leg":null,"c_ScoreFirstLeg":null,"n_WinnerOnAggregateTeamID":null},{"n_CompetitionID":2,"n_CompetitionLevel":1,"c_Competition":"PTT-Telecompetitie","c_CompetitionShort":"PTT","n_CompetitionNatioGeoID":2201,"c_CompetitionNatio":"Netherlands","c_CompetitionNatioShort":"NED","n_EditionID":40,"c_Season":"1995\/1996","n_MatchID":1698,"d_Date":"\/Date(812498400000+0200)\/","d_DateLocal":"\/Date(812498400000+0200)\/","d_DateUTC":"\/Date(812498400000+0200)\/","n_RoundNr":7,"n_PhaseID":41,"n_PhaseLevel":1,"c_Phase":"Regular","c_PhaseShort":null,"n_HomeTeamID":11,"c_HomeTeam":"PSV","c_HomeTeamShort":"PSV","n_HomeTeamNatioGeoID":2201,"c_HomeTeamNatio":"Netherlands","c_HomeTeamNatioShort":"NED","n_AwayTeamID":4,"c_AwayTeam":"Feyenoord","c_AwayTeamShort":"FEY","n_AwayTeamNatioGeoID":2201,"c_AwayTeamNatio":"Netherlands","c_AwayTeamNatioShort":"NED","n_StadiumGeoID":5067,"c_Stadium":"Philips Stadion","n_CityGeoID":4001,"c_City":"Eindhoven","n_CountryGeoID":2201,"c_Country":"Netherlands","c_CountryShort":"NED","c_Score":"3-0 (0-0) ","c_ScoreSuffix":null,"n_HomeGoals":3,"n_AwayGoals":0,"n_HomeGoalsHalftime":0,"n_AwayGoalsHalftime":0,"n_HomeGoals90mins":null,"n_AwayGoals90mins":null,"n_HomeGoals105mins":null,"n_AwayGoals105mins":null,"n_HomeGoalsShootout":null,"n_AwayGoalsShootout":null,"n_MatchStatusCode":128,"c_MatchStatus":null,"c_MatchStatusShort":null,"n_RefereeID":22005,"c_Referee":"Mario van der Ende","n_RefereeNatioGeoID":2201,"c_RefereeNatio":"Netherlands","c_RefereeNatioShort":"NED","n_Spectators":27500,"n_KnockoutPhaseID":null,"n_Leg":null,"c_ScoreFirstLeg":null,"n_WinnerOnAggregateTeamID":null},{"n_CompetitionID":2,"n_CompetitionLevel":1,"c_Competition":"PTT-Telecompetitie","c_CompetitionShort":"PTT","n_CompetitionNatioGeoID":2201,"c_CompetitionNatio":"Netherlands","c_CompetitionNatioShort":"NED","n_EditionID":1,"c_Season":"1994\/1995","n_MatchID":14069,"d_Date":"\/Date(785890800000+0100)\/","d_DateLocal":"\/Date(785890800000+0100)\/","d_DateUTC":"\/Date(785890800000+0100)\/","n_RoundNr":14,"n_PhaseID":2,"n_PhaseLevel":1,"c_Phase":"Regular","c_PhaseShort":null,"n_HomeTeamID":11,"c_HomeTeam":"PSV","c_HomeTeamShort":"PSV","n_HomeTeamNatioGeoID":2201,"c_HomeTeamNatio":"Netherlands","c_HomeTeamNatioShort":"NED","n_AwayTeamID":4,"c_AwayTeam":"Feyenoord","c_AwayTeamShort":"FEY","n_AwayTeamNatioGeoID":2201,"c_AwayTeamNatio":"Netherlands","c_AwayTeamNatioShort":"NED","n_StadiumGeoID":5067,"c_Stadium":"Philips Stadion","n_CityGeoID":4001,"c_City":"Eindhoven","n_CountryGeoID":2201,"c_Country":"Netherlands","c_CountryShort":"NED","c_Score":"4-1 (2-1) ","c_ScoreSuffix":null,"n_HomeGoals":4,"n_AwayGoals":1,"n_HomeGoalsHalftime":2,"n_AwayGoalsHalftime":1,"n_HomeGoals90mins":null,"n_AwayGoals90mins":null,"n_HomeGoals105mins":null,"n_AwayGoals105mins":null,"n_HomeGoalsShootout":null,"n_AwayGoalsShootout":null,"n_MatchStatusCode":128,"c_MatchStatus":"Full time","c_MatchStatusShort":"FT","n_RefereeID":436,"c_Referee":"Jaap Uilenberg","n_RefereeNatioGeoID":2201,"c_RefereeNatio":"Netherlands","c_RefereeNatioShort":"NED","n_Spectators":27500,"n_KnockoutPhaseID":null,"n_Leg":null,"c_ScoreFirstLeg":null,"n_WinnerOnAggregateTeamID":null},{"n_CompetitionID":2,"n_CompetitionLevel":1,"c_Competition":"PTT-Telecompetitie","c_CompetitionShort":"PTT","n_CompetitionNatioGeoID":2201,"c_CompetitionNatio":"Netherlands","c_CompetitionNatioShort":"NED","n_EditionID":2,"c_Season":"1993\/1994","n_MatchID":236,"d_Date":"\/Date(754441200000+0100)\/","d_DateLocal":"\/Date(754441200000+0100)\/","d_DateUTC":"\/Date(754441200000+0100)\/","n_RoundNr":15,"n_PhaseID":3,"n_PhaseLevel":1,"c_Phase":"Regular","c_PhaseShort":null,"n_HomeTeamID":11,"c_HomeTeam":"PSV","c_HomeTeamShort":"PSV","n_HomeTeamNatioGeoID":2201,"c_HomeTeamNatio":"Netherlands","c_HomeTeamNatioShort":"NED","n_AwayTeamID":4,"c_AwayTeam":"Feyenoord","c_AwayTeamShort":"FEY","n_AwayTeamNatioGeoID":2201,"c_AwayTeamNatio":"Netherlands","c_AwayTeamNatioShort":"NED","n_StadiumGeoID":5067,"c_Stadium":"Philips Stadion","n_CityGeoID":4001,"c_City":"Eindhoven","n_CountryGeoID":2201,"c_Country":"Netherlands","c_CountryShort":"NED","c_Score":"1-3 (1-1) ","c_ScoreSuffix":null,"n_HomeGoals":1,"n_AwayGoals":3,"n_HomeGoalsHalftime":1,"n_AwayGoalsHalftime":1,"n_HomeGoals90mins":null,"n_AwayGoals90mins":null,"n_HomeGoals105mins":null,"n_AwayGoals105mins":null,"n_HomeGoalsShootout":null,"n_AwayGoalsShootout":null,"n_MatchStatusCode":128,"c_MatchStatus":null,"c_MatchStatusShort":null,"n_RefereeID":436,"c_Referee":"Jaap Uilenberg","n_RefereeNatioGeoID":2201,"c_RefereeNatio":"Netherlands","c_RefereeNatioShort":"NED","n_Spectators":29500,"n_KnockoutPhaseID":null,"n_Leg":null,"c_ScoreFirstLeg":null,"n_WinnerOnAggregateTeamID":null},{"n_CompetitionID":2,"n_CompetitionLevel":1,"c_Competition":"PTT-Telecompetitie","c_CompetitionShort":"PTT","n_CompetitionNatioGeoID":2201,"c_CompetitionNatio":"Netherlands","c_CompetitionNatioShort":"NED","n_EditionID":3,"c_Season":"1992\/1993","n_MatchID":561,"d_Date":"\/Date(718149600000+0200)\/","d_DateLocal":"\/Date(718149600000+0200)\/","d_DateUTC":"\/Date(718149600000+0200)\/","n_RoundNr":7,"n_PhaseID":4,"n_PhaseLevel":1,"c_Phase":"Regular","c_PhaseShort":null,"n_HomeTeamID":11,"c_HomeTeam":"PSV","c_HomeTeamShort":"PSV","n_HomeTeamNatioGeoID":2201,"c_HomeTeamNatio":"Netherlands","c_HomeTeamNatioShort":"NED","n_AwayTeamID":4,"c_AwayTeam":"Feyenoord","c_AwayTeamShort":"FEY","n_AwayTeamNatioGeoID":2201,"c_AwayTeamNatio":"Netherlands","c_AwayTeamNatioShort":"NED","n_StadiumGeoID":5067,"c_Stadium":"Philips Stadion","n_CityGeoID":4001,"c_City":"Eindhoven","n_CountryGeoID":2201,"c_Country":"Netherlands","c_CountryShort":"NED","c_Score":"1-1 (1-0) ","c_ScoreSuffix":null,"n_HomeGoals":1,"n_AwayGoals":1,"n_HomeGoalsHalftime":1,"n_AwayGoalsHalftime":0,"n_HomeGoals90mins":null,"n_AwayGoals90mins":null,"n_HomeGoals105mins":null,"n_AwayGoals105mins":null,"n_HomeGoalsShootout":null,"n_AwayGoalsShootout":null,"n_MatchStatusCode":128,"c_MatchStatus":null,"c_MatchStatusShort":null,"n_RefereeID":436,"c_Referee":"Jaap Uilenberg","n_RefereeNatioGeoID":2201,"c_RefereeNatio":"Netherlands","c_RefereeNatioShort":"NED","n_Spectators":27700,"n_KnockoutPhaseID":null,"n_Leg":null,"c_ScoreFirstLeg":null,"n_WinnerOnAggregateTeamID":null},{"n_CompetitionID":2,"n_CompetitionLevel":1,"c_Competition":"PTT-Telecompetitie","c_CompetitionShort":"PTT","n_CompetitionNatioGeoID":2201,"c_CompetitionNatio":"Netherlands","c_CompetitionNatioShort":"NED","n_EditionID":4,"c_Season":"1991\/1992","n_MatchID":830,"d_Date":"\/Date(701823600000+0100)\/","d_DateLocal":"\/Date(701823600000+0100)\/","d_DateUTC":"\/Date(701823600000+0100)\/","n_RoundNr":29,"n_PhaseID":5,"n_PhaseLevel":1,"c_Phase":"Regular","c_PhaseShort":null,"n_HomeTeamID":11,"c_HomeTeam":"PSV","c_HomeTeamShort":"PSV","n_HomeTeamNatioGeoID":2201,"c_HomeTeamNatio":"Netherlands","c_HomeTeamNatioShort":"NED","n_AwayTeamID":4,"c_AwayTeam":"Feyenoord","c_AwayTeamShort":"FEY","n_AwayTeamNatioGeoID":2201,"c_AwayTeamNatio":"Netherlands","c_AwayTeamNatioShort":"NED","n_StadiumGeoID":5067,"c_Stadium":"Philips Stadion","n_CityGeoID":4001,"c_City":"Eindhoven","n_CountryGeoID":2201,"c_Country":"Netherlands","c_CountryShort":"NED","c_Score":"2-1 (0-1) ","c_ScoreSuffix":null,"n_HomeGoals":2,"n_AwayGoals":1,"n_HomeGoalsHalftime":0,"n_AwayGoalsHalftime":1,"n_HomeGoals90mins":null,"n_AwayGoals90mins":null,"n_HomeGoals105mins":null,"n_AwayGoals105mins":null,"n_HomeGoalsShootout":null,"n_AwayGoalsShootout":null,"n_MatchStatusCode":128,"c_MatchStatus":null,"c_MatchStatusShort":null,"n_RefereeID":22005,"c_Referee":"Mario van der Ende","n_RefereeNatioGeoID":2201,"c_RefereeNatio":"Netherlands","c_RefereeNatioShort":"NED","n_Spectators":27500,"n_KnockoutPhaseID":null,"n_Leg":null,"c_ScoreFirstLeg":null,"n_WinnerOnAggregateTeamID":null},{"n_CompetitionID":2,"n_CompetitionLevel":1,"c_Competition":"PTT-Telecompetitie","c_CompetitionShort":"PTT","n_CompetitionNatioGeoID":2201,"c_CompetitionNatio":"Netherlands","c_CompetitionNatioShort":"NED","n_EditionID":5,"c_Season":"1990\/1991","n_MatchID":1165,"d_Date":"\/Date(667954800000+0100)\/","d_DateLocal":"\/Date(667954800000+0100)\/","d_DateUTC":"\/Date(667954800000+0100)\/","n_RoundNr":21,"n_PhaseID":6,"n_PhaseLevel":1,"c_Phase":"Regular","c_PhaseShort":null,"n_HomeTeamID":11,"c_HomeTeam":"PSV","c_HomeTeamShort":"PSV","n_HomeTeamNatioGeoID":2201,"c_HomeTeamNatio":"Netherlands","c_HomeTeamNatioShort":"NED","n_AwayTeamID":4,"c_AwayTeam":"Feyenoord","c_AwayTeamShort":"FEY","n_AwayTeamNatioGeoID":2201,"c_AwayTeamNatio":"Netherlands","c_AwayTeamNatioShort":"NED","n_StadiumGeoID":5067,"c_Stadium":"Philips Stadion","n_CityGeoID":4001,"c_City":"Eindhoven","n_CountryGeoID":2201,"c_Country":"Netherlands","c_CountryShort":"NED","c_Score":"6-0 (2-0) ","c_ScoreSuffix":null,"n_HomeGoals":6,"n_AwayGoals":0,"n_HomeGoalsHalftime":2,"n_AwayGoalsHalftime":0,"n_HomeGoals90mins":null,"n_AwayGoals90mins":null,"n_HomeGoals105mins":null,"n_AwayGoals105mins":null,"n_HomeGoalsShootout":null,"n_AwayGoalsShootout":null,"n_MatchStatusCode":128,"c_MatchStatus":"Full time","c_MatchStatusShort":"FT","n_RefereeID":422,"c_Referee":"John Blankenstein","n_RefereeNatioGeoID":2201,"c_RefereeNatio":"Netherlands","c_RefereeNatioShort":"NED","n_Spectators":27500,"n_KnockoutPhaseID":null,"n_Leg":null,"c_ScoreFirstLeg":null,"n_WinnerOnAggregateTeamID":null},{"n_CompetitionID":2,"n_CompetitionLevel":1,"c_Competition":"Eredivisie","c_CompetitionShort":"Ere","n_CompetitionNatioGeoID":2201,"c_CompetitionNatio":"Netherlands","c_CompetitionNatioShort":"NED","n_EditionID":6,"c_Season":"1989\/1990","n_MatchID":1489,"d_Date":"\/Date(641340000000+0200)\/","d_DateLocal":"\/Date(641340000000+0200)\/","d_DateUTC":"\/Date(641340000000+0200)\/","n_RoundNr":33,"n_PhaseID":7,"n_PhaseLevel":1,"c_Phase":"Regular","c_PhaseShort":null,"n_HomeTeamID":11,"c_HomeTeam":"PSV","c_HomeTeamShort":"PSV","n_HomeTeamNatioGeoID":2201,"c_HomeTeamNatio":"Netherlands","c_HomeTeamNatioShort":"NED","n_AwayTeamID":4,"c_AwayTeam":"Feyenoord","c_AwayTeamShort":"FEY","n_AwayTeamNatioGeoID":2201,"c_AwayTeamNatio":"Netherlands","c_AwayTeamNatioShort":"NED","n_StadiumGeoID":5067,"c_Stadium":"Philips Stadion","n_CityGeoID":4001,"c_City":"Eindhoven","n_CountryGeoID":2201,"c_Country":"Netherlands","c_CountryShort":"NED","c_Score":"1-1 (0-0) ","c_ScoreSuffix":null,"n_HomeGoals":1,"n_AwayGoals":1,"n_HomeGoalsHalftime":0,"n_AwayGoalsHalftime":0,"n_HomeGoals90mins":null,"n_AwayGoals90mins":null,"n_HomeGoals105mins":null,"n_AwayGoals105mins":null,"n_HomeGoalsShootout":null,"n_AwayGoalsShootout":null,"n_MatchStatusCode":128,"c_MatchStatus":null,"c_MatchStatusShort":null,"n_RefereeID":422,"c_Referee":"John Blankenstein","n_RefereeNatioGeoID":2201,"c_RefereeNatio":"Netherlands","c_RefereeNatioShort":"NED","n_Spectators":26500,"n_KnockoutPhaseID":null,"n_Leg":null,"c_ScoreFirstLeg":null,"n_WinnerOnAggregateTeamID":null},{"n_CompetitionID":2,"n_CompetitionLevel":1,"c_Competition":"Eredivisie","c_CompetitionShort":"Ere","n_CompetitionNatioGeoID":2201,"c_CompetitionNatio":"Netherlands","c_CompetitionNatioShort":"NED","n_EditionID":7,"c_Season":"1988\/1989","n_MatchID":2094,"d_Date":"\/Date(602031600000+0100)\/","d_DateLocal":"\/Date(602031600000+0100)\/","d_DateUTC":"\/Date(602031600000+0100)\/","n_RoundNr":19,"n_PhaseID":8,"n_PhaseLevel":1,"c_Phase":"Regular","c_PhaseShort":null,"n_HomeTeamID":11,"c_HomeTeam":"PSV","c_HomeTeamShort":"PSV","n_HomeTeamNatioGeoID":2201,"c_HomeTeamNatio":"Netherlands","c_HomeTeamNatioShort":"NED","n_AwayTeamID":4,"c_AwayTeam":"Feyenoord","c_AwayTeamShort":"FEY","n_AwayTeamNatioGeoID":2201,"c_AwayTeamNatio":"Netherlands","c_AwayTeamNatioShort":"NED","n_StadiumGeoID":5067,"c_Stadium":"Philips Stadion","n_CityGeoID":4001,"c_City":"Eindhoven","n_CountryGeoID":2201,"c_Country":"Netherlands","c_CountryShort":"NED","c_Score":"1-0 (0-0) ","c_ScoreSuffix":null,"n_HomeGoals":1,"n_AwayGoals":0,"n_HomeGoalsHalftime":0,"n_AwayGoalsHalftime":0,"n_HomeGoals90mins":null,"n_AwayGoals90mins":null,"n_HomeGoals105mins":null,"n_AwayGoals105mins":null,"n_HomeGoalsShootout":null,"n_AwayGoalsShootout":null,"n_MatchStatusCode":128,"c_MatchStatus":null,"c_MatchStatusShort":null,"n_RefereeID":22008,"c_Referee":"Frans Houben","n_RefereeNatioGeoID":2201,"c_RefereeNatio":"Netherlands","c_RefereeNatioShort":"NED","n_Spectators":27500,"n_KnockoutPhaseID":null,"n_Leg":null,"c_ScoreFirstLeg":null,"n_WinnerOnAggregateTeamID":null},{"n_CompetitionID":2,"n_CompetitionLevel":1,"c_Competition":"Eredivisie","c_CompetitionShort":"Ere","n_CompetitionNatioGeoID":2201,"c_CompetitionNatio":"Netherlands","c_CompetitionNatioShort":"NED","n_EditionID":8,"c_Season":"1987\/1988","n_MatchID":2436,"d_Date":"\/Date(559692000000+0200)\/","d_DateLocal":"\/Date(559692000000+0200)\/","d_DateUTC":"\/Date(559692000000+0200)\/","n_RoundNr":9,"n_PhaseID":9,"n_PhaseLevel":1,"c_Phase":"Regular","c_PhaseShort":null,"n_HomeTeamID":11,"c_HomeTeam":"PSV","c_HomeTeamShort":"PSV","n_HomeTeamNatioGeoID":2201,"c_HomeTeamNatio":"Netherlands","c_HomeTeamNatioShort":"NED","n_AwayTeamID":4,"c_AwayTeam":"Feyenoord","c_AwayTeamShort":"FEY","n_AwayTeamNatioGeoID":2201,"c_AwayTeamNatio":"Netherlands","c_AwayTeamNatioShort":"NED","n_StadiumGeoID":5067,"c_Stadium":"Philips Stadion","n_CityGeoID":4001,"c_City":"Eindhoven","n_CountryGeoID":2201,"c_Country":"Netherlands","c_CountryShort":"NED","c_Score":"3-1 (0-1) ","c_ScoreSuffix":null,"n_HomeGoals":3,"n_AwayGoals":1,"n_HomeGoalsHalftime":0,"n_AwayGoalsHalftime":1,"n_HomeGoals90mins":null,"n_AwayGoals90mins":null,"n_HomeGoals105mins":null,"n_AwayGoals105mins":null,"n_HomeGoalsShootout":null,"n_AwayGoalsShootout":null,"n_MatchStatusCode":128,"c_MatchStatus":null,"c_MatchStatusShort":null,"n_RefereeID":22089,"c_Referee":"Bep Thomas","n_RefereeNatioGeoID":2201,"c_RefereeNatio":"Netherlands","c_RefereeNatioShort":"NED","n_Spectators":25500,"n_KnockoutPhaseID":null,"n_Leg":null,"c_ScoreFirstLeg":null,"n_WinnerOnAggregateTeamID":null},{"n_CompetitionID":2,"n_CompetitionLevel":1,"c_Competition":"Eredivisie","c_CompetitionShort":"Ere","n_CompetitionNatioGeoID":2201,"c_CompetitionNatio":"Netherlands","c_CompetitionNatioShort":"NED","n_EditionID":9,"c_Season":"1986\/1987","n_MatchID":2759,"d_Date":"\/Date(528242400000+0200)\/","d_DateLocal":"\/Date(528242400000+0200)\/","d_DateUTC":"\/Date(528242400000+0200)\/","n_RoundNr":9,"n_PhaseID":10,"n_PhaseLevel":1,"c_Phase":"Regular","c_PhaseShort":null,"n_HomeTeamID":11,"c_HomeTeam":"PSV","c_HomeTeamShort":"PSV","n_HomeTeamNatioGeoID":2201,"c_HomeTeamNatio":"Netherlands","c_HomeTeamNatioShort":"NED","n_AwayTeamID":4,"c_AwayTeam":"Feyenoord","c_AwayTeamShort":"FEY","n_AwayTeamNatioGeoID":2201,"c_AwayTeamNatio":"Netherlands","c_AwayTeamNatioShort":"NED","n_StadiumGeoID":5067,"c_Stadium":"Philips Stadion","n_CityGeoID":4001,"c_City":"Eindhoven","n_CountryGeoID":2201,"c_Country":"Netherlands","c_CountryShort":"NED","c_Score":"0-0 (0-0) ","c_ScoreSuffix":null,"n_HomeGoals":0,"n_AwayGoals":0,"n_HomeGoalsHalftime":0,"n_AwayGoalsHalftime":0,"n_HomeGoals90mins":null,"n_AwayGoals90mins":null,"n_HomeGoals105mins":null,"n_AwayGoals105mins":null,"n_HomeGoalsShootout":null,"n_AwayGoalsShootout":null,"n_MatchStatusCode":128,"c_MatchStatus":null,"c_MatchStatusShort":null,"n_RefereeID":379718,"c_Referee":"Egbert Mulder","n_RefereeNatioGeoID":2201,"c_RefereeNatio":"Netherlands","c_RefereeNatioShort":"NED","n_Spectators":26667,"n_KnockoutPhaseID":null,"n_Leg":null,"c_ScoreFirstLeg":null,"n_WinnerOnAggregateTeamID":null},{"n_CompetitionID":2,"n_CompetitionLevel":1,"c_Competition":"Eredivisie","c_CompetitionShort":"Ere","n_CompetitionNatioGeoID":2201,"c_CompetitionNatio":"Netherlands","c_CompetitionNatioShort":"NED","n_EditionID":10,"c_Season":"1985\/1986","n_MatchID":3084,"d_Date":"\/Date(502239600000+0100)\/","d_DateLocal":"\/Date(502239600000+0100)\/","d_DateUTC":"\/Date(502239600000+0100)\/","n_RoundNr":16,"n_PhaseID":11,"n_PhaseLevel":1,"c_Phase":"Regular","c_PhaseShort":null,"n_HomeTeamID":11,"c_HomeTeam":"PSV","c_HomeTeamShort":"PSV","n_HomeTeamNatioGeoID":2201,"c_HomeTeamNatio":"Netherlands","c_HomeTeamNatioShort":"NED","n_AwayTeamID":4,"c_AwayTeam":"Feyenoord","c_AwayTeamShort":"FEY","n_AwayTeamNatioGeoID":2201,"c_AwayTeamNatio":"Netherlands","c_AwayTeamNatioShort":"NED","n_StadiumGeoID":5067,"c_Stadium":"Philips Stadion","n_CityGeoID":4001,"c_City":"Eindhoven","n_CountryGeoID":2201,"c_Country":"Netherlands","c_CountryShort":"NED","c_Score":"5-0 (2-0) ","c_ScoreSuffix":null,"n_HomeGoals":5,"n_AwayGoals":0,"n_HomeGoalsHalftime":2,"n_AwayGoalsHalftime":0,"n_HomeGoals90mins":null,"n_AwayGoals90mins":null,"n_HomeGoals105mins":null,"n_AwayGoals105mins":null,"n_HomeGoalsShootout":null,"n_AwayGoalsShootout":null,"n_MatchStatusCode":192,"c_MatchStatus":"Full time","c_MatchStatusShort":"FT","n_RefereeID":22089,"c_Referee":"Bep Thomas","n_RefereeNatioGeoID":2201,"c_RefereeNatio":"Netherlands","c_RefereeNatioShort":"NED","n_Spectators":27000,"n_KnockoutPhaseID":null,"n_Leg":null,"c_ScoreFirstLeg":null,"n_WinnerOnAggregateTeamID":null},{"n_CompetitionID":2,"n_CompetitionLevel":1,"c_Competition":"Eredivisie","c_CompetitionShort":"Ere","n_CompetitionNatioGeoID":2201,"c_CompetitionNatio":"Netherlands","c_CompetitionNatioShort":"NED","n_EditionID":11,"c_Season":"1984\/1985","n_MatchID":3391,"d_Date":"\/Date(463788000000+0200)\/","d_DateLocal":"\/Date(463788000000+0200)\/","d_DateUTC":"\/Date(463788000000+0200)\/","n_RoundNr":4,"n_PhaseID":12,"n_PhaseLevel":1,"c_Phase":"Regular","c_PhaseShort":null,"n_HomeTeamID":11,"c_HomeTeam":"PSV","c_HomeTeamShort":"PSV","n_HomeTeamNatioGeoID":2201,"c_HomeTeamNatio":"Netherlands","c_HomeTeamNatioShort":"NED","n_AwayTeamID":4,"c_AwayTeam":"Feyenoord","c_AwayTeamShort":"FEY","n_AwayTeamNatioGeoID":2201,"c_AwayTeamNatio":"Netherlands","c_AwayTeamNatioShort":"NED","n_StadiumGeoID":5067,"c_Stadium":"Philips Stadion","n_CityGeoID":4001,"c_City":"Eindhoven","n_CountryGeoID":2201,"c_Country":"Netherlands","c_CountryShort":"NED","c_Score":"5-1 (1-1) ","c_ScoreSuffix":null,"n_HomeGoals":5,"n_AwayGoals":1,"n_HomeGoalsHalftime":1,"n_AwayGoalsHalftime":1,"n_HomeGoals90mins":null,"n_AwayGoals90mins":null,"n_HomeGoals105mins":null,"n_AwayGoals105mins":null,"n_HomeGoalsShootout":null,"n_AwayGoalsShootout":null,"n_MatchStatusCode":192,"c_MatchStatus":"Full time","c_MatchStatusShort":"FT","n_RefereeID":22115,"c_Referee":"Piet Bosman","n_RefereeNatioGeoID":2201,"c_RefereeNatio":"Netherlands","c_RefereeNatioShort":"NED","n_Spectators":27000,"n_KnockoutPhaseID":null,"n_Leg":null,"c_ScoreFirstLeg":null,"n_WinnerOnAggregateTeamID":null},{"n_CompetitionID":2,"n_CompetitionLevel":1,"c_Competition":"Eredivisie","c_CompetitionShort":"Ere","n_CompetitionNatioGeoID":2201,"c_CompetitionNatio":"Netherlands","c_CompetitionNatioShort":"NED","n_EditionID":12,"c_Season":"1983\/1984","n_MatchID":3664,"d_Date":"\/Date(449532000000+0200)\/","d_DateLocal":"\/Date(449532000000+0200)\/","d_DateUTC":"\/Date(449532000000+0200)\/","n_RoundNr":27,"n_PhaseID":13,"n_PhaseLevel":1,"c_Phase":"Regular","c_PhaseShort":null,"n_HomeTeamID":11,"c_HomeTeam":"PSV","c_HomeTeamShort":"PSV","n_HomeTeamNatioGeoID":2201,"c_HomeTeamNatio":"Netherlands","c_HomeTeamNatioShort":"NED","n_AwayTeamID":4,"c_AwayTeam":"Feyenoord","c_AwayTeamShort":"FEY","n_AwayTeamNatioGeoID":2201,"c_AwayTeamNatio":"Netherlands","c_AwayTeamNatioShort":"NED","n_StadiumGeoID":5067,"c_Stadium":"Philips Stadion","n_CityGeoID":4001,"c_City":"Eindhoven","n_CountryGeoID":2201,"c_Country":"Netherlands","c_CountryShort":"NED","c_Score":"1-1 (0-1) ","c_ScoreSuffix":null,"n_HomeGoals":1,"n_AwayGoals":1,"n_HomeGoalsHalftime":0,"n_AwayGoalsHalftime":1,"n_HomeGoals90mins":null,"n_AwayGoals90mins":null,"n_HomeGoals105mins":null,"n_AwayGoals105mins":null,"n_HomeGoalsShootout":null,"n_AwayGoalsShootout":null,"n_MatchStatusCode":192,"c_MatchStatus":"Full time","c_MatchStatusShort":"FT","n_RefereeID":22089,"c_Referee":"Bep Thomas","n_RefereeNatioGeoID":2201,"c_RefereeNatio":"Netherlands","c_RefereeNatioShort":"NED","n_Spectators":27000,"n_KnockoutPhaseID":null,"n_Leg":null,"c_ScoreFirstLeg":null,"n_WinnerOnAggregateTeamID":null},{"n_CompetitionID":2,"n_CompetitionLevel":1,"c_Competition":"Eredivisie","c_CompetitionShort":"Ere","n_CompetitionNatioGeoID":2201,"c_CompetitionNatio":"Netherlands","c_CompetitionNatioShort":"NED","n_EditionID":13,"c_Season":"1982\/1983","n_MatchID":3999,"d_Date":"\/Date(399333600000+0200)\/","d_DateLocal":"\/Date(399333600000+0200)\/","d_DateUTC":"\/Date(399333600000+0200)\/","n_RoundNr":3,"n_PhaseID":14,"n_PhaseLevel":1,"c_Phase":"Regular","c_PhaseShort":null,"n_HomeTeamID":11,"c_HomeTeam":"PSV","c_HomeTeamShort":"PSV","n_HomeTeamNatioGeoID":2201,"c_HomeTeamNatio":"Netherlands","c_HomeTeamNatioShort":"NED","n_AwayTeamID":4,"c_AwayTeam":"Feyenoord","c_AwayTeamShort":"FEY","n_AwayTeamNatioGeoID":2201,"c_AwayTeamNatio":"Netherlands","c_AwayTeamNatioShort":"NED","n_StadiumGeoID":5067,"c_Stadium":"Philips Stadion","n_CityGeoID":4001,"c_City":"Eindhoven","n_CountryGeoID":2201,"c_Country":"Netherlands","c_CountryShort":"NED","c_Score":"1-3 (1-1) ","c_ScoreSuffix":null,"n_HomeGoals":1,"n_AwayGoals":3,"n_HomeGoalsHalftime":1,"n_AwayGoalsHalftime":1,"n_HomeGoals90mins":null,"n_AwayGoals90mins":null,"n_HomeGoals105mins":null,"n_AwayGoals105mins":null,"n_HomeGoalsShootout":null,"n_AwayGoalsShootout":null,"n_MatchStatusCode":192,"c_MatchStatus":"Full time","c_MatchStatusShort":"FT","n_RefereeID":22122,"c_Referee":"Charles Corver","n_RefereeNatioGeoID":2201,"c_RefereeNatio":"Netherlands","c_RefereeNatioShort":"NED","n_Spectators":24000,"n_KnockoutPhaseID":null,"n_Leg":null,"c_ScoreFirstLeg":null,"n_WinnerOnAggregateTeamID":null},{"n_CompetitionID":2,"n_CompetitionLevel":1,"c_Competition":"Eredivisie","c_CompetitionShort":"Ere","n_CompetitionNatioGeoID":2201,"c_CompetitionNatio":"Netherlands","c_CompetitionNatioShort":"NED","n_EditionID":14,"c_Season":"1981\/1982","n_MatchID":11870,"d_Date":"\/Date(384822000000+0100)\/","d_DateLocal":"\/Date(384822000000+0100)\/","d_DateUTC":"\/Date(384822000000+0100)\/","n_RoundNr":23,"n_PhaseID":15,"n_PhaseLevel":1,"c_Phase":"Regular","c_PhaseShort":null,"n_HomeTeamID":11,"c_HomeTeam":"PSV","c_HomeTeamShort":"PSV","n_HomeTeamNatioGeoID":2201,"c_HomeTeamNatio":"Netherlands","c_HomeTeamNatioShort":"NED","n_AwayTeamID":4,"c_AwayTeam":"Feyenoord","c_AwayTeamShort":"FEY","n_AwayTeamNatioGeoID":2201,"c_AwayTeamNatio":"Netherlands","c_AwayTeamNatioShort":"NED","n_StadiumGeoID":5067,"c_Stadium":"Philips Stadion","n_CityGeoID":4001,"c_City":"Eindhoven","n_CountryGeoID":2201,"c_Country":"Netherlands","c_CountryShort":"NED","c_Score":"1-2 (0-1) ","c_ScoreSuffix":null,"n_HomeGoals":1,"n_AwayGoals":2,"n_HomeGoalsHalftime":0,"n_AwayGoalsHalftime":1,"n_HomeGoals90mins":null,"n_AwayGoals90mins":null,"n_HomeGoals105mins":null,"n_AwayGoals105mins":null,"n_HomeGoalsShootout":null,"n_AwayGoalsShootout":null,"n_MatchStatusCode":192,"c_MatchStatus":"Full time","c_MatchStatusShort":"FT","n_RefereeID":22122,"c_Referee":"Charles Corver","n_RefereeNatioGeoID":2201,"c_RefereeNatio":"Netherlands","c_RefereeNatioShort":"NED","n_Spectators":26000,"n_KnockoutPhaseID":null,"n_Leg":null,"c_ScoreFirstLeg":null,"n_WinnerOnAggregateTeamID":null},{"n_CompetitionID":2,"n_CompetitionLevel":1,"c_Competition":"Eredivisie","c_CompetitionShort":"Ere","n_CompetitionNatioGeoID":2201,"c_CompetitionNatio":"Netherlands","c_CompetitionNatioShort":"NED","n_EditionID":15,"c_Season":"1980\/1981","n_MatchID":10937,"d_Date":"\/Date(339458400000+0200)\/","d_DateLocal":"\/Date(339458400000+0200)\/","d_DateUTC":"\/Date(339458400000+0200)\/","n_RoundNr":8,"n_PhaseID":16,"n_PhaseLevel":1,"c_Phase":"Regular","c_PhaseShort":null,"n_HomeTeamID":11,"c_HomeTeam":"PSV","c_HomeTeamShort":"PSV","n_HomeTeamNatioGeoID":2201,"c_HomeTeamNatio":"Netherlands","c_HomeTeamNatioShort":"NED","n_AwayTeamID":4,"c_AwayTeam":"Feyenoord","c_AwayTeamShort":"FEY","n_AwayTeamNatioGeoID":2201,"c_AwayTeamNatio":"Netherlands","c_AwayTeamNatioShort":"NED","n_StadiumGeoID":5067,"c_Stadium":"Philips Stadion","n_CityGeoID":4001,"c_City":"Eindhoven","n_CountryGeoID":2201,"c_Country":"Netherlands","c_CountryShort":"NED","c_Score":"0-1 (0-1) ","c_ScoreSuffix":null,"n_HomeGoals":0,"n_AwayGoals":1,"n_HomeGoalsHalftime":0,"n_AwayGoalsHalftime":1,"n_HomeGoals90mins":null,"n_AwayGoals90mins":null,"n_HomeGoals105mins":null,"n_AwayGoals105mins":null,"n_HomeGoalsShootout":null,"n_AwayGoalsShootout":null,"n_MatchStatusCode":192,"c_MatchStatus":"Full time","c_MatchStatusShort":"FT","n_RefereeID":22124,"c_Referee":"Henk Weerink","n_RefereeNatioGeoID":2201,"c_RefereeNatio":"Netherlands","c_RefereeNatioShort":"NED","n_Spectators":25000,"n_KnockoutPhaseID":null,"n_Leg":null,"c_ScoreFirstLeg":null,"n_WinnerOnAggregateTeamID":null},{"n_CompetitionID":2,"n_CompetitionLevel":1,"c_Competition":"Eredivisie","c_CompetitionShort":"Ere","n_CompetitionNatioGeoID":2201,"c_CompetitionNatio":"Netherlands","c_CompetitionNatioShort":"NED","n_EditionID":16,"c_Season":"1979\/1980","n_MatchID":4288,"d_Date":"\/Date(304380000000+0200)\/","d_DateLocal":"\/Date(304380000000+0200)\/","d_DateUTC":"\/Date(304380000000+0200)\/","n_RoundNr":3,"n_PhaseID":17,"n_PhaseLevel":1,"c_Phase":"Regular","c_PhaseShort":null,"n_HomeTeamID":11,"c_HomeTeam":"PSV","c_HomeTeamShort":"PSV","n_HomeTeamNatioGeoID":2201,"c_HomeTeamNatio":"Netherlands","c_HomeTeamNatioShort":"NED","n_AwayTeamID":4,"c_AwayTeam":"Feyenoord","c_AwayTeamShort":"FEY","n_AwayTeamNatioGeoID":2201,"c_AwayTeamNatio":"Netherlands","c_AwayTeamNatioShort":"NED","n_StadiumGeoID":5067,"c_Stadium":"Philips Stadion","n_CityGeoID":4001,"c_City":"Eindhoven","n_CountryGeoID":2201,"c_Country":"Netherlands","c_CountryShort":"NED","c_Score":"2-2 (0-1) ","c_ScoreSuffix":null,"n_HomeGoals":2,"n_AwayGoals":2,"n_HomeGoalsHalftime":0,"n_AwayGoalsHalftime":1,"n_HomeGoals90mins":null,"n_AwayGoals90mins":null,"n_HomeGoals105mins":null,"n_AwayGoals105mins":null,"n_HomeGoalsShootout":null,"n_AwayGoalsShootout":null,"n_MatchStatusCode":192,"c_MatchStatus":"Full time","c_MatchStatusShort":"FT","n_RefereeID":379718,"c_Referee":"Egbert Mulder","n_RefereeNatioGeoID":2201,"c_RefereeNatio":"Netherlands","c_RefereeNatioShort":"NED","n_Spectators":27000,"n_KnockoutPhaseID":null,"n_Leg":null,"c_ScoreFirstLeg":null,"n_WinnerOnAggregateTeamID":null},{"n_CompetitionID":2,"n_CompetitionLevel":1,"c_Competition":"Eredivisie","c_CompetitionShort":"Ere","n_CompetitionNatioGeoID":2201,"c_CompetitionNatio":"Netherlands","c_CompetitionNatioShort":"NED","n_EditionID":17,"c_Season":"1978\/1979","n_MatchID":4576,"d_Date":"\/Date(292284000000+0200)\/","d_DateLocal":"\/Date(292284000000+0200)\/","d_DateUTC":"\/Date(292284000000+0200)\/","n_RoundNr":25,"n_PhaseID":18,"n_PhaseLevel":1,"c_Phase":"Regular","c_PhaseShort":null,"n_HomeTeamID":11,"c_HomeTeam":"PSV","c_HomeTeamShort":"PSV","n_HomeTeamNatioGeoID":2201,"c_HomeTeamNatio":"Netherlands","c_HomeTeamNatioShort":"NED","n_AwayTeamID":4,"c_AwayTeam":"Feyenoord","c_AwayTeamShort":"FEY","n_AwayTeamNatioGeoID":2201,"c_AwayTeamNatio":"Netherlands","c_AwayTeamNatioShort":"NED","n_StadiumGeoID":5067,"c_Stadium":"Philips Stadion","n_CityGeoID":4001,"c_City":"Eindhoven","n_CountryGeoID":2201,"c_Country":"Netherlands","c_CountryShort":"NED","c_Score":"1-2 (1-2) ","c_ScoreSuffix":null,"n_HomeGoals":1,"n_AwayGoals":2,"n_HomeGoalsHalftime":1,"n_AwayGoalsHalftime":2,"n_HomeGoals90mins":null,"n_AwayGoals90mins":null,"n_HomeGoals105mins":null,"n_AwayGoals105mins":null,"n_HomeGoalsShootout":null,"n_AwayGoalsShootout":null,"n_MatchStatusCode":192,"c_MatchStatus":"Full time","c_MatchStatusShort":"FT","n_RefereeID":22142,"c_Referee":"Gerard Jonker","n_RefereeNatioGeoID":2201,"c_RefereeNatio":"Netherlands","c_RefereeNatioShort":"NED","n_Spectators":27000,"n_KnockoutPhaseID":null,"n_Leg":null,"c_ScoreFirstLeg":null,"n_WinnerOnAggregateTeamID":null},{"n_CompetitionID":2,"n_CompetitionLevel":1,"c_Competition":"Eredivisie","c_CompetitionShort":"Ere","n_CompetitionNatioGeoID":2201,"c_CompetitionNatio":"Netherlands","c_CompetitionNatioShort":"NED","n_EditionID":18,"c_Season":"1977\/1978","n_MatchID":5176,"d_Date":"\/Date(253580400000+0100)\/","d_DateLocal":"\/Date(253580400000+0100)\/","d_DateUTC":"\/Date(253580400000+0100)\/","n_RoundNr":20,"n_PhaseID":19,"n_PhaseLevel":1,"c_Phase":"Regular","c_PhaseShort":null,"n_HomeTeamID":11,"c_HomeTeam":"PSV","c_HomeTeamShort":"PSV","n_HomeTeamNatioGeoID":2201,"c_HomeTeamNatio":"Netherlands","c_HomeTeamNatioShort":"NED","n_AwayTeamID":4,"c_AwayTeam":"Feyenoord","c_AwayTeamShort":"FEY","n_AwayTeamNatioGeoID":2201,"c_AwayTeamNatio":"Netherlands","c_AwayTeamNatioShort":"NED","n_StadiumGeoID":5067,"c_Stadium":"Philips Stadion","n_CityGeoID":4001,"c_City":"Eindhoven","n_CountryGeoID":2201,"c_Country":"Netherlands","c_CountryShort":"NED","c_Score":"2-0 (0-0) ","c_ScoreSuffix":null,"n_HomeGoals":2,"n_AwayGoals":0,"n_HomeGoalsHalftime":0,"n_AwayGoalsHalftime":0,"n_HomeGoals90mins":null,"n_AwayGoals90mins":null,"n_HomeGoals105mins":null,"n_AwayGoals105mins":null,"n_HomeGoalsShootout":null,"n_AwayGoalsShootout":null,"n_MatchStatusCode":192,"c_MatchStatus":"Full time","c_MatchStatusShort":"FT","n_RefereeID":22135,"c_Referee":"Jan Beck","n_RefereeNatioGeoID":2201,"c_RefereeNatio":"Netherlands","c_RefereeNatioShort":"NED","n_Spectators":27000,"n_KnockoutPhaseID":null,"n_Leg":null,"c_ScoreFirstLeg":null,"n_WinnerOnAggregateTeamID":null},{"n_CompetitionID":2,"n_CompetitionLevel":1,"c_Competition":"Eredivisie","c_CompetitionShort":"Ere","n_CompetitionNatioGeoID":2201,"c_CompetitionNatio":"Netherlands","c_CompetitionNatioShort":"NED","n_EditionID":19,"c_Season":"1976\/1977","n_MatchID":5517,"d_Date":"\/Date(214956000000+0200)\/","d_DateLocal":"\/Date(214956000000+0200)\/","d_DateUTC":"\/Date(214956000000+0200)\/","n_RoundNr":11,"n_PhaseID":20,"n_PhaseLevel":1,"c_Phase":"Regular","c_PhaseShort":null,"n_HomeTeamID":11,"c_HomeTeam":"PSV","c_HomeTeamShort":"PSV","n_HomeTeamNatioGeoID":2201,"c_HomeTeamNatio":"Netherlands","c_HomeTeamNatioShort":"NED","n_AwayTeamID":4,"c_AwayTeam":"Feyenoord","c_AwayTeamShort":"FEY","n_AwayTeamNatioGeoID":2201,"c_AwayTeamNatio":"Netherlands","c_AwayTeamNatioShort":"NED","n_StadiumGeoID":5067,"c_Stadium":"Philips Stadion","n_CityGeoID":4001,"c_City":"Eindhoven","n_CountryGeoID":2201,"c_Country":"Netherlands","c_CountryShort":"NED","c_Score":"2-3 (1-1) ","c_ScoreSuffix":null,"n_HomeGoals":2,"n_AwayGoals":3,"n_HomeGoalsHalftime":1,"n_AwayGoalsHalftime":1,"n_HomeGoals90mins":null,"n_AwayGoals90mins":null,"n_HomeGoals105mins":null,"n_AwayGoals105mins":null,"n_HomeGoalsShootout":null,"n_AwayGoalsShootout":null,"n_MatchStatusCode":128,"c_MatchStatus":"Full time","c_MatchStatusShort":"FT","n_RefereeID":22124,"c_Referee":"Henk Weerink","n_RefereeNatioGeoID":2201,"c_RefereeNatio":"Netherlands","c_RefereeNatioShort":"NED","n_Spectators":20000,"n_KnockoutPhaseID":null,"n_Leg":null,"c_ScoreFirstLeg":null,"n_WinnerOnAggregateTeamID":null},{"n_CompetitionID":2,"n_CompetitionLevel":1,"c_Competition":"Eredivisie","c_CompetitionShort":"Ere","n_CompetitionNatioGeoID":2201,"c_CompetitionNatio":"Netherlands","c_CompetitionNatioShort":"NED","n_EditionID":20,"c_Season":"1975\/1976","n_MatchID":4923,"d_Date":"\/Date(202255200000+0200)\/","d_DateLocal":"\/Date(202255200000+0200)\/","d_DateUTC":"\/Date(202255200000+0200)\/","n_RoundNr":33,"n_PhaseID":21,"n_PhaseLevel":1,"c_Phase":"Regular","c_PhaseShort":null,"n_HomeTeamID":11,"c_HomeTeam":"PSV","c_HomeTeamShort":"PSV","n_HomeTeamNatioGeoID":2201,"c_HomeTeamNatio":"Netherlands","c_HomeTeamNatioShort":"NED","n_AwayTeamID":4,"c_AwayTeam":"Feyenoord","c_AwayTeamShort":"FEY","n_AwayTeamNatioGeoID":2201,"c_AwayTeamNatio":"Netherlands","c_AwayTeamNatioShort":"NED","n_StadiumGeoID":5067,"c_Stadium":"Philips Stadion","n_CityGeoID":4001,"c_City":"Eindhoven","n_CountryGeoID":2201,"c_Country":"Netherlands","c_CountryShort":"NED","c_Score":"4-1 (1-0) ","c_ScoreSuffix":null,"n_HomeGoals":4,"n_AwayGoals":1,"n_HomeGoalsHalftime":1,"n_AwayGoalsHalftime":0,"n_HomeGoals90mins":null,"n_AwayGoals90mins":null,"n_HomeGoals105mins":null,"n_AwayGoals105mins":null,"n_HomeGoalsShootout":null,"n_AwayGoalsShootout":null,"n_MatchStatusCode":128,"c_MatchStatus":"Full time","c_MatchStatusShort":"FT","n_RefereeID":22122,"c_Referee":"Charles Corver","n_RefereeNatioGeoID":2201,"c_RefereeNatio":"Netherlands","c_RefereeNatioShort":"NED","n_Spectators":20000,"n_KnockoutPhaseID":null,"n_Leg":null,"c_ScoreFirstLeg":null,"n_WinnerOnAggregateTeamID":null},{"n_CompetitionID":2,"n_CompetitionLevel":1,"c_Competition":"Eredivisie","c_CompetitionShort":"Ere","n_CompetitionNatioGeoID":2201,"c_CompetitionNatio":"Netherlands","c_CompetitionNatioShort":"NED","n_EditionID":21,"c_Season":"1974\/1975","n_MatchID":6129,"d_Date":"\/Date(147823200000+0200)\/","d_DateLocal":"\/Date(147823200000+0200)\/","d_DateUTC":"\/Date(147823200000+0200)\/","n_RoundNr":null,"n_PhaseID":22,"n_PhaseLevel":1,"c_Phase":"Regular","c_PhaseShort":null,"n_HomeTeamID":11,"c_HomeTeam":"PSV","c_HomeTeamShort":"PSV","n_HomeTeamNatioGeoID":2201,"c_HomeTeamNatio":"Netherlands","c_HomeTeamNatioShort":"NED","n_AwayTeamID":4,"c_AwayTeam":"Feyenoord","c_AwayTeamShort":"FEY","n_AwayTeamNatioGeoID":2201,"c_AwayTeamNatio":"Netherlands","c_AwayTeamNatioShort":"NED","n_StadiumGeoID":5067,"c_Stadium":"Philips Stadion","n_CityGeoID":4001,"c_City":"Eindhoven","n_CountryGeoID":2201,"c_Country":"Netherlands","c_CountryShort":"NED","c_Score":"3-2 (2-1) ","c_ScoreSuffix":null,"n_HomeGoals":3,"n_AwayGoals":2,"n_HomeGoalsHalftime":2,"n_AwayGoalsHalftime":1,"n_HomeGoals90mins":null,"n_AwayGoals90mins":null,"n_HomeGoals105mins":null,"n_AwayGoals105mins":null,"n_HomeGoalsShootout":null,"n_AwayGoalsShootout":null,"n_MatchStatusCode":128,"c_MatchStatus":"Full time","c_MatchStatusShort":"FT","n_RefereeID":22122,"c_Referee":"Charles Corver","n_RefereeNatioGeoID":2201,"c_RefereeNatio":"Netherlands","c_RefereeNatioShort":"NED","n_Spectators":20000,"n_KnockoutPhaseID":null,"n_Leg":null,"c_ScoreFirstLeg":null,"n_WinnerOnAggregateTeamID":null},{"n_CompetitionID":2,"n_CompetitionLevel":1,"c_Competition":"Eredivisie","c_CompetitionShort":"Ere","n_CompetitionNatioGeoID":2201,"c_CompetitionNatio":"Netherlands","c_CompetitionNatioShort":"NED","n_EditionID":22,"c_Season":"1973\/1974","n_MatchID":6450,"d_Date":"\/Date(129596400000+0100)\/","d_DateLocal":"\/Date(129596400000+0100)\/","d_DateUTC":"\/Date(129596400000+0100)\/","n_RoundNr":null,"n_PhaseID":23,"n_PhaseLevel":1,"c_Phase":"Regular","c_PhaseShort":null,"n_HomeTeamID":11,"c_HomeTeam":"PSV","c_HomeTeamShort":"PSV","n_HomeTeamNatioGeoID":2201,"c_HomeTeamNatio":"Netherlands","c_HomeTeamNatioShort":"NED","n_AwayTeamID":4,"c_AwayTeam":"Feyenoord","c_AwayTeamShort":"FEY","n_AwayTeamNatioGeoID":2201,"c_AwayTeamNatio":"Netherlands","c_AwayTeamNatioShort":"NED","n_StadiumGeoID":5066,"c_Stadium":"Philips Sportpark","n_CityGeoID":4001,"c_City":"Eindhoven","n_CountryGeoID":2201,"c_Country":"Netherlands","c_CountryShort":"NED","c_Score":"0-2 ","c_ScoreSuffix":null,"n_HomeGoals":0,"n_AwayGoals":2,"n_HomeGoalsHalftime":null,"n_AwayGoalsHalftime":null,"n_HomeGoals90mins":null,"n_AwayGoals90mins":null,"n_HomeGoals105mins":null,"n_AwayGoals105mins":null,"n_HomeGoalsShootout":null,"n_AwayGoalsShootout":null,"n_MatchStatusCode":128,"c_MatchStatus":"Full time","c_MatchStatusShort":"FT","n_RefereeID":22145,"c_Referee":"Frans Derks","n_RefereeNatioGeoID":2201,"c_RefereeNatio":"Netherlands","c_RefereeNatioShort":"NED","n_Spectators":18500,"n_KnockoutPhaseID":null,"n_Leg":null,"c_ScoreFirstLeg":null,"n_WinnerOnAggregateTeamID":null},{"n_CompetitionID":2,"n_CompetitionLevel":1,"c_Competition":"Eredivisie","c_CompetitionShort":"Ere","n_CompetitionNatioGeoID":2201,"c_CompetitionNatio":"Netherlands","c_CompetitionNatioShort":"NED","n_EditionID":23,"c_Season":"1972\/1973","n_MatchID":6775,"d_Date":"\/Date(95209200000+0100)\/","d_DateLocal":"\/Date(95209200000+0100)\/","d_DateUTC":"\/Date(95209200000+0100)\/","n_RoundNr":null,"n_PhaseID":24,"n_PhaseLevel":1,"c_Phase":"Regular","c_PhaseShort":null,"n_HomeTeamID":11,"c_HomeTeam":"PSV","c_HomeTeamShort":"PSV","n_HomeTeamNatioGeoID":2201,"c_HomeTeamNatio":"Netherlands","c_HomeTeamNatioShort":"NED","n_AwayTeamID":4,"c_AwayTeam":"Feyenoord","c_AwayTeamShort":"FEY","n_AwayTeamNatioGeoID":2201,"c_AwayTeamNatio":"Netherlands","c_AwayTeamNatioShort":"NED","n_StadiumGeoID":5066,"c_Stadium":"Philips Sportpark","n_CityGeoID":4001,"c_City":"Eindhoven","n_CountryGeoID":2201,"c_Country":"Netherlands","c_CountryShort":"NED","c_Score":"0-1 ","c_ScoreSuffix":null,"n_HomeGoals":0,"n_AwayGoals":1,"n_HomeGoalsHalftime":null,"n_AwayGoalsHalftime":null,"n_HomeGoals90mins":null,"n_AwayGoals90mins":null,"n_HomeGoals105mins":null,"n_AwayGoals105mins":null,"n_HomeGoalsShootout":null,"n_AwayGoalsShootout":null,"n_MatchStatusCode":128,"c_MatchStatus":"Full time","c_MatchStatusShort":"FT","n_RefereeID":550922,"c_Referee":"Joop Vervoort","n_RefereeNatioGeoID":2201,"c_RefereeNatio":"Netherlands","c_RefereeNatioShort":"NED","n_Spectators":0,"n_KnockoutPhaseID":null,"n_Leg":null,"c_ScoreFirstLeg":null,"n_WinnerOnAggregateTeamID":null},{"n_CompetitionID":2,"n_CompetitionLevel":1,"c_Competition":"Eredivisie","c_CompetitionShort":"Ere","n_CompetitionNatioGeoID":2201,"c_CompetitionNatio":"Netherlands","c_CompetitionNatioShort":"NED","n_EditionID":24,"c_Season":"1971\/1972","n_MatchID":7046,"d_Date":"\/Date(63154800000+0100)\/","d_DateLocal":"\/Date(63154800000+0100)\/","d_DateUTC":"\/Date(63154800000+0100)\/","n_RoundNr":null,"n_PhaseID":25,"n_PhaseLevel":1,"c_Phase":"Regular","c_PhaseShort":null,"n_HomeTeamID":11,"c_HomeTeam":"PSV","c_HomeTeamShort":"PSV","n_HomeTeamNatioGeoID":2201,"c_HomeTeamNatio":"Netherlands","c_HomeTeamNatioShort":"NED","n_AwayTeamID":4,"c_AwayTeam":"Feyenoord","c_AwayTeamShort":"FEY","n_AwayTeamNatioGeoID":2201,"c_AwayTeamNatio":"Netherlands","c_AwayTeamNatioShort":"NED","n_StadiumGeoID":5066,"c_Stadium":"Philips Sportpark","n_CityGeoID":4001,"c_City":"Eindhoven","n_CountryGeoID":2201,"c_Country":"Netherlands","c_CountryShort":"NED","c_Score":"2-0 ","c_ScoreSuffix":null,"n_HomeGoals":2,"n_AwayGoals":0,"n_HomeGoalsHalftime":null,"n_AwayGoalsHalftime":null,"n_HomeGoals90mins":null,"n_AwayGoals90mins":null,"n_HomeGoals105mins":null,"n_AwayGoals105mins":null,"n_HomeGoalsShootout":null,"n_AwayGoalsShootout":null,"n_MatchStatusCode":128,"c_MatchStatus":"Full time","c_MatchStatusShort":"FT","n_RefereeID":0,"c_Referee":null,"n_RefereeNatioGeoID":0,"c_RefereeNatio":null,"c_RefereeNatioShort":null,"n_Spectators":0,"n_KnockoutPhaseID":null,"n_Leg":null,"c_ScoreFirstLeg":null,"n_WinnerOnAggregateTeamID":null},{"n_CompetitionID":2,"n_CompetitionLevel":1,"c_Competition":"Eredivisie","c_CompetitionShort":"Ere","n_CompetitionNatioGeoID":2201,"c_CompetitionNatio":"Netherlands","c_CompetitionNatioShort":"NED","n_EditionID":25,"c_Season":"1970\/1971","n_MatchID":7370,"d_Date":"\/Date(28594800000+0100)\/","d_DateLocal":"\/Date(28594800000+0100)\/","d_DateUTC":"\/Date(28594800000+0100)\/","n_RoundNr":1,"n_PhaseID":26,"n_PhaseLevel":1,"c_Phase":"Regular","c_PhaseShort":null,"n_HomeTeamID":11,"c_HomeTeam":"PSV","c_HomeTeamShort":"PSV","n_HomeTeamNatioGeoID":2201,"c_HomeTeamNatio":"Netherlands","c_HomeTeamNatioShort":"NED","n_AwayTeamID":4,"c_AwayTeam":"Feijenoord","c_AwayTeamShort":"FEY","n_AwayTeamNatioGeoID":2201,"c_AwayTeamNatio":"Netherlands","c_AwayTeamNatioShort":"NED","n_StadiumGeoID":5066,"c_Stadium":"Philips Sportpark","n_CityGeoID":4001,"c_City":"Eindhoven","n_CountryGeoID":2201,"c_Country":"Netherlands","c_CountryShort":"NED","c_Score":"2-3 ","c_ScoreSuffix":null,"n_HomeGoals":2,"n_AwayGoals":3,"n_HomeGoalsHalftime":null,"n_AwayGoalsHalftime":null,"n_HomeGoals90mins":null,"n_AwayGoals90mins":null,"n_HomeGoals105mins":null,"n_AwayGoals105mins":null,"n_HomeGoalsShootout":null,"n_AwayGoalsShootout":null,"n_MatchStatusCode":128,"c_MatchStatus":"Full time","c_MatchStatusShort":"FT","n_RefereeID":0,"c_Referee":null,"n_RefereeNatioGeoID":0,"c_RefereeNatio":null,"c_RefereeNatioShort":null,"n_Spectators":0,"n_KnockoutPhaseID":null,"n_Leg":null,"c_ScoreFirstLeg":null,"n_WinnerOnAggregateTeamID":null},{"n_CompetitionID":2,"n_CompetitionLevel":1,"c_Competition":"Eredivisie","c_CompetitionShort":"Ere","n_CompetitionNatioGeoID":2201,"c_CompetitionNatio":"Netherlands","c_CompetitionNatioShort":"NED","n_EditionID":26,"c_Season":"1969\/1970","n_MatchID":7999,"d_Date":"\/Date(11829600000+0200)\/","d_DateLocal":"\/Date(11829600000+0200)\/","d_DateUTC":"\/Date(11829600000+0200)\/","n_RoundNr":1,"n_PhaseID":27,"n_PhaseLevel":1,"c_Phase":"Regular","c_PhaseShort":null,"n_HomeTeamID":11,"c_HomeTeam":"PSV","c_HomeTeamShort":"PSV","n_HomeTeamNatioGeoID":2201,"c_HomeTeamNatio":"Netherlands","c_HomeTeamNatioShort":"NED","n_AwayTeamID":4,"c_AwayTeam":"Feijenoord","c_AwayTeamShort":"FEY","n_AwayTeamNatioGeoID":2201,"c_AwayTeamNatio":"Netherlands","c_AwayTeamNatioShort":"NED","n_StadiumGeoID":5066,"c_Stadium":"Philips Sportpark","n_CityGeoID":4001,"c_City":"Eindhoven","n_CountryGeoID":2201,"c_Country":"Netherlands","c_CountryShort":"NED","c_Score":"3-0 ","c_ScoreSuffix":null,"n_HomeGoals":3,"n_AwayGoals":0,"n_HomeGoalsHalftime":null,"n_AwayGoalsHalftime":null,"n_HomeGoals90mins":null,"n_AwayGoals90mins":null,"n_HomeGoals105mins":null,"n_AwayGoals105mins":null,"n_HomeGoalsShootout":null,"n_AwayGoalsShootout":null,"n_MatchStatusCode":128,"c_MatchStatus":"Full time","c_MatchStatusShort":"FT","n_RefereeID":22148,"c_Referee":"Leo van der Kroft","n_RefereeNatioGeoID":2201,"c_RefereeNatio":"Netherlands","c_RefereeNatioShort":"NED","n_Spectators":0,"n_KnockoutPhaseID":null,"n_Leg":null,"c_ScoreFirstLeg":null,"n_WinnerOnAggregateTeamID":null},{"n_CompetitionID":2,"n_CompetitionLevel":1,"c_Competition":"Eredivisie","c_CompetitionShort":"Ere","n_CompetitionNatioGeoID":2201,"c_CompetitionNatio":"Netherlands","c_CompetitionNatioShort":"NED","n_EditionID":27,"c_Season":"1968\/1969","n_MatchID":8314,"d_Date":"\/Date(-42084000000+0200)\/","d_DateLocal":"\/Date(-42084000000+0200)\/","d_DateUTC":"\/Date(-42084000000+0200)\/","n_RoundNr":1,"n_PhaseID":28,"n_PhaseLevel":1,"c_Phase":"Regular","c_PhaseShort":null,"n_HomeTeamID":11,"c_HomeTeam":"PSV","c_HomeTeamShort":"PSV","n_HomeTeamNatioGeoID":2201,"c_HomeTeamNatio":"Netherlands","c_HomeTeamNatioShort":"NED","n_AwayTeamID":4,"c_AwayTeam":"Feijenoord","c_AwayTeamShort":"FEY","n_AwayTeamNatioGeoID":2201,"c_AwayTeamNatio":"Netherlands","c_AwayTeamNatioShort":"NED","n_StadiumGeoID":5066,"c_Stadium":"Philips Sportpark","n_CityGeoID":4001,"c_City":"Eindhoven","n_CountryGeoID":2201,"c_Country":"Netherlands","c_CountryShort":"NED","c_Score":"0-3 ","c_ScoreSuffix":null,"n_HomeGoals":0,"n_AwayGoals":3,"n_HomeGoalsHalftime":null,"n_AwayGoalsHalftime":null,"n_HomeGoals90mins":null,"n_AwayGoals90mins":null,"n_HomeGoals105mins":null,"n_AwayGoals105mins":null,"n_HomeGoalsShootout":null,"n_AwayGoalsShootout":null,"n_MatchStatusCode":128,"c_MatchStatus":"Full time","c_MatchStatusShort":"FT","n_RefereeID":0,"c_Referee":null,"n_RefereeNatioGeoID":0,"c_RefereeNatio":null,"c_RefereeNatioShort":null,"n_Spectators":0,"n_KnockoutPhaseID":null,"n_Leg":null,"c_ScoreFirstLeg":null,"n_WinnerOnAggregateTeamID":null},{"n_CompetitionID":2,"n_CompetitionLevel":1,"c_Competition":"Eredivisie","c_CompetitionShort":"Ere","n_CompetitionNatioGeoID":2201,"c_CompetitionNatio":"Netherlands","c_CompetitionNatioShort":"NED","n_EditionID":28,"c_Season":"1967\/1968","n_MatchID":8585,"d_Date":"\/Date(-50551200000+0200)\/","d_DateLocal":"\/Date(-50551200000+0200)\/","d_DateUTC":"\/Date(-50551200000+0200)\/","n_RoundNr":34,"n_PhaseID":29,"n_PhaseLevel":1,"c_Phase":"Regular","c_PhaseShort":null,"n_HomeTeamID":11,"c_HomeTeam":"PSV","c_HomeTeamShort":"PSV","n_HomeTeamNatioGeoID":2201,"c_HomeTeamNatio":"Netherlands","c_HomeTeamNatioShort":"NED","n_AwayTeamID":4,"c_AwayTeam":"Feijenoord","c_AwayTeamShort":"FEY","n_AwayTeamNatioGeoID":2201,"c_AwayTeamNatio":"Netherlands","c_AwayTeamNatioShort":"NED","n_StadiumGeoID":5066,"c_Stadium":"Philips Sportpark","n_CityGeoID":4001,"c_City":"Eindhoven","n_CountryGeoID":2201,"c_Country":"Netherlands","c_CountryShort":"NED","c_Score":"1-0 (1-0) ","c_ScoreSuffix":null,"n_HomeGoals":1,"n_AwayGoals":0,"n_HomeGoalsHalftime":1,"n_AwayGoalsHalftime":0,"n_HomeGoals90mins":null,"n_AwayGoals90mins":null,"n_HomeGoals105mins":null,"n_AwayGoals105mins":null,"n_HomeGoalsShootout":null,"n_AwayGoalsShootout":null,"n_MatchStatusCode":128,"c_MatchStatus":"Full time","c_MatchStatusShort":"FT","n_RefereeID":316534,"c_Referee":"Wim Schalks","n_RefereeNatioGeoID":2201,"c_RefereeNatio":"Netherlands","c_RefereeNatioShort":"NED","n_Spectators":18000,"n_KnockoutPhaseID":null,"n_Leg":null,"c_ScoreFirstLeg":null,"n_WinnerOnAggregateTeamID":null},{"n_CompetitionID":2,"n_CompetitionLevel":1,"c_Competition":"Eredivisie","c_CompetitionShort":"Ere","n_CompetitionNatioGeoID":2201,"c_CompetitionNatio":"Netherlands","c_CompetitionNatioShort":"NED","n_EditionID":29,"c_Season":"1966\/1967","n_MatchID":9198,"d_Date":"\/Date(-102564000000+0200)\/","d_DateLocal":"\/Date(-102564000000+0200)\/","d_DateUTC":"\/Date(-102564000000+0200)\/","n_RoundNr":7,"n_PhaseID":30,"n_PhaseLevel":1,"c_Phase":"Regular","c_PhaseShort":null,"n_HomeTeamID":11,"c_HomeTeam":"PSV","c_HomeTeamShort":"PSV","n_HomeTeamNatioGeoID":2201,"c_HomeTeamNatio":"Netherlands","c_HomeTeamNatioShort":"NED","n_AwayTeamID":4,"c_AwayTeam":"Feijenoord","c_AwayTeamShort":"FEY","n_AwayTeamNatioGeoID":2201,"c_AwayTeamNatio":"Netherlands","c_AwayTeamNatioShort":"NED","n_StadiumGeoID":5066,"c_Stadium":"Philips Sportpark","n_CityGeoID":4001,"c_City":"Eindhoven","n_CountryGeoID":2201,"c_Country":"Netherlands","c_CountryShort":"NED","c_Score":"2-2 ","c_ScoreSuffix":null,"n_HomeGoals":2,"n_AwayGoals":2,"n_HomeGoalsHalftime":null,"n_AwayGoalsHalftime":null,"n_HomeGoals90mins":null,"n_AwayGoals90mins":null,"n_HomeGoals105mins":null,"n_AwayGoals105mins":null,"n_HomeGoalsShootout":null,"n_AwayGoalsShootout":null,"n_MatchStatusCode":128,"c_MatchStatus":"Full time","c_MatchStatusShort":"FT","n_RefereeID":0,"c_Referee":null,"n_RefereeNatioGeoID":0,"c_RefereeNatio":null,"c_RefereeNatioShort":null,"n_Spectators":0,"n_KnockoutPhaseID":null,"n_Leg":null,"c_ScoreFirstLeg":null,"n_WinnerOnAggregateTeamID":null},{"n_CompetitionID":2,"n_CompetitionLevel":1,"c_Competition":"Eredivisie","c_CompetitionShort":"Ere","n_CompetitionNatioGeoID":2201,"c_CompetitionNatio":"Netherlands","c_CompetitionNatioShort":"NED","n_EditionID":30,"c_Season":"1965\/1966","n_MatchID":9482,"d_Date":"\/Date(-123123600000+0100)\/","d_DateLocal":"\/Date(-123123600000+0100)\/","d_DateUTC":"\/Date(-123123600000+0100)\/","n_RoundNr":16,"n_PhaseID":31,"n_PhaseLevel":1,"c_Phase":"Regular","c_PhaseShort":null,"n_HomeTeamID":11,"c_HomeTeam":"PSV","c_HomeTeamShort":"PSV","n_HomeTeamNatioGeoID":2201,"c_HomeTeamNatio":"Netherlands","c_HomeTeamNatioShort":"NED","n_AwayTeamID":4,"c_AwayTeam":"Feijenoord","c_AwayTeamShort":"FEY","n_AwayTeamNatioGeoID":2201,"c_AwayTeamNatio":"Netherlands","c_AwayTeamNatioShort":"NED","n_StadiumGeoID":5066,"c_Stadium":"Philips Sportpark","n_CityGeoID":4001,"c_City":"Eindhoven","n_CountryGeoID":2201,"c_Country":"Netherlands","c_CountryShort":"NED","c_Score":"1-3 ","c_ScoreSuffix":null,"n_HomeGoals":1,"n_AwayGoals":3,"n_HomeGoalsHalftime":null,"n_AwayGoalsHalftime":null,"n_HomeGoals90mins":null,"n_AwayGoals90mins":null,"n_HomeGoals105mins":null,"n_AwayGoals105mins":null,"n_HomeGoalsShootout":null,"n_AwayGoalsShootout":null,"n_MatchStatusCode":128,"c_MatchStatus":"Full time","c_MatchStatusShort":"FT","n_RefereeID":316534,"c_Referee":"Wim Schalks","n_RefereeNatioGeoID":2201,"c_RefereeNatio":"Netherlands","c_RefereeNatioShort":"NED","n_Spectators":0,"n_KnockoutPhaseID":null,"n_Leg":null,"c_ScoreFirstLeg":null,"n_WinnerOnAggregateTeamID":null},{"n_CompetitionID":2,"n_CompetitionLevel":1,"c_Competition":"Eredivisie","c_CompetitionShort":"Ere","n_CompetitionNatioGeoID":2201,"c_CompetitionNatio":"Netherlands","c_CompetitionNatioShort":"NED","n_EditionID":31,"c_Season":"1964\/1965","n_MatchID":9737,"d_Date":"\/Date(-147319200000+0200)\/","d_DateLocal":"\/Date(-147319200000+0200)\/","d_DateUTC":"\/Date(-147319200000+0200)\/","n_RoundNr":30,"n_PhaseID":32,"n_PhaseLevel":1,"c_Phase":"Regular","c_PhaseShort":null,"n_HomeTeamID":11,"c_HomeTeam":"PSV","c_HomeTeamShort":"PSV","n_HomeTeamNatioGeoID":2201,"c_HomeTeamNatio":"Netherlands","c_HomeTeamNatioShort":"NED","n_AwayTeamID":4,"c_AwayTeam":"Feijenoord","c_AwayTeamShort":"FEY","n_AwayTeamNatioGeoID":2201,"c_AwayTeamNatio":"Netherlands","c_AwayTeamNatioShort":"NED","n_StadiumGeoID":5066,"c_Stadium":"Philips Sportpark","n_CityGeoID":4001,"c_City":"Eindhoven","n_CountryGeoID":2201,"c_Country":"Netherlands","c_CountryShort":"NED","c_Score":"0-4 ","c_ScoreSuffix":null,"n_HomeGoals":0,"n_AwayGoals":4,"n_HomeGoalsHalftime":null,"n_AwayGoalsHalftime":null,"n_HomeGoals90mins":null,"n_AwayGoals90mins":null,"n_HomeGoals105mins":null,"n_AwayGoals105mins":null,"n_HomeGoalsShootout":null,"n_AwayGoalsShootout":null,"n_MatchStatusCode":128,"c_MatchStatus":"Full time","c_MatchStatusShort":"FT","n_RefereeID":0,"c_Referee":null,"n_RefereeNatioGeoID":0,"c_RefereeNatio":null,"c_RefereeNatioShort":null,"n_Spectators":0,"n_KnockoutPhaseID":null,"n_Leg":null,"c_ScoreFirstLeg":null,"n_WinnerOnAggregateTeamID":null},{"n_CompetitionID":2,"n_CompetitionLevel":1,"c_Competition":"Eredivisie","c_CompetitionShort":"Ere","n_CompetitionNatioGeoID":2201,"c_CompetitionNatio":"Netherlands","c_CompetitionNatioShort":"NED","n_EditionID":32,"c_Season":"1963\/1964","n_MatchID":9993,"d_Date":"\/Date(-182998800000+0100)\/","d_DateLocal":"\/Date(-182998800000+0100)\/","d_DateUTC":"\/Date(-182998800000+0100)\/","n_RoundNr":22,"n_PhaseID":33,"n_PhaseLevel":1,"c_Phase":"Regular","c_PhaseShort":null,"n_HomeTeamID":11,"c_HomeTeam":"PSV","c_HomeTeamShort":"PSV","n_HomeTeamNatioGeoID":2201,"c_HomeTeamNatio":"Netherlands","c_HomeTeamNatioShort":"NED","n_AwayTeamID":4,"c_AwayTeam":"Feijenoord","c_AwayTeamShort":"FEY","n_AwayTeamNatioGeoID":2201,"c_AwayTeamNatio":"Netherlands","c_AwayTeamNatioShort":"NED","n_StadiumGeoID":5066,"c_Stadium":"Philips Sportpark","n_CityGeoID":4001,"c_City":"Eindhoven","n_CountryGeoID":2201,"c_Country":"Netherlands","c_CountryShort":"NED","c_Score":"1-0 ","c_ScoreSuffix":null,"n_HomeGoals":1,"n_AwayGoals":0,"n_HomeGoalsHalftime":null,"n_AwayGoalsHalftime":null,"n_HomeGoals90mins":null,"n_AwayGoals90mins":null,"n_HomeGoals105mins":null,"n_AwayGoals105mins":null,"n_HomeGoalsShootout":null,"n_AwayGoalsShootout":null,"n_MatchStatusCode":128,"c_MatchStatus":"Full time","c_MatchStatusShort":"FT","n_RefereeID":0,"c_Referee":null,"n_RefereeNatioGeoID":0,"c_RefereeNatio":null,"c_RefereeNatioShort":null,"n_Spectators":0,"n_KnockoutPhaseID":null,"n_Leg":null,"c_ScoreFirstLeg":null,"n_WinnerOnAggregateTeamID":null},{"n_CompetitionID":2,"n_CompetitionLevel":1,"c_Competition":"Eredivisie","c_CompetitionShort":"Ere","n_CompetitionNatioGeoID":2201,"c_CompetitionNatio":"Netherlands","c_CompetitionNatioShort":"NED","n_EditionID":33,"c_Season":"1962\/1963","n_MatchID":10202,"d_Date":"\/Date(-224730000000+0100)\/","d_DateLocal":"\/Date(-224730000000+0100)\/","d_DateUTC":"\/Date(-224730000000+0100)\/","n_RoundNr":11,"n_PhaseID":34,"n_PhaseLevel":1,"c_Phase":"Regular","c_PhaseShort":null,"n_HomeTeamID":11,"c_HomeTeam":"PSV","c_HomeTeamShort":"PSV","n_HomeTeamNatioGeoID":2201,"c_HomeTeamNatio":"Netherlands","c_HomeTeamNatioShort":"NED","n_AwayTeamID":4,"c_AwayTeam":"Feijenoord","c_AwayTeamShort":"FEY","n_AwayTeamNatioGeoID":2201,"c_AwayTeamNatio":"Netherlands","c_AwayTeamNatioShort":"NED","n_StadiumGeoID":5066,"c_Stadium":"Philips Sportpark","n_CityGeoID":4001,"c_City":"Eindhoven","n_CountryGeoID":2201,"c_Country":"Netherlands","c_CountryShort":"NED","c_Score":"2-1 ","c_ScoreSuffix":null,"n_HomeGoals":2,"n_AwayGoals":1,"n_HomeGoalsHalftime":null,"n_AwayGoalsHalftime":null,"n_HomeGoals90mins":null,"n_AwayGoals90mins":null,"n_HomeGoals105mins":null,"n_AwayGoals105mins":null,"n_HomeGoalsShootout":null,"n_AwayGoalsShootout":null,"n_MatchStatusCode":128,"c_MatchStatus":"Full time","c_MatchStatusShort":"FT","n_RefereeID":0,"c_Referee":null,"n_RefereeNatioGeoID":0,"c_RefereeNatio":null,"c_RefereeNatioShort":null,"n_Spectators":0,"n_KnockoutPhaseID":null,"n_Leg":null,"c_ScoreFirstLeg":null,"n_WinnerOnAggregateTeamID":null},{"n_CompetitionID":2,"n_CompetitionLevel":1,"c_Competition":"Eredivisie","c_CompetitionShort":"Ere","n_CompetitionNatioGeoID":2201,"c_CompetitionNatio":"Netherlands","c_CompetitionNatioShort":"NED","n_EditionID":34,"c_Season":"1961\/1962","n_MatchID":10634,"d_Date":"\/Date(-254970000000+0100)\/","d_DateLocal":"\/Date(-254970000000+0100)\/","d_DateUTC":"\/Date(-254970000000+0100)\/","n_RoundNr":14,"n_PhaseID":35,"n_PhaseLevel":1,"c_Phase":"Regular","c_PhaseShort":null,"n_HomeTeamID":11,"c_HomeTeam":"PSV","c_HomeTeamShort":"PSV","n_HomeTeamNatioGeoID":2201,"c_HomeTeamNatio":"Netherlands","c_HomeTeamNatioShort":"NED","n_AwayTeamID":4,"c_AwayTeam":"Feijenoord","c_AwayTeamShort":"FEY","n_AwayTeamNatioGeoID":2201,"c_AwayTeamNatio":"Netherlands","c_AwayTeamNatioShort":"NED","n_StadiumGeoID":5066,"c_Stadium":"Philips Sportpark","n_CityGeoID":4001,"c_City":"Eindhoven","n_CountryGeoID":2201,"c_Country":"Netherlands","c_CountryShort":"NED","c_Score":"0-3 ","c_ScoreSuffix":null,"n_HomeGoals":0,"n_AwayGoals":3,"n_HomeGoalsHalftime":null,"n_AwayGoalsHalftime":null,"n_HomeGoals90mins":null,"n_AwayGoals90mins":null,"n_HomeGoals105mins":null,"n_AwayGoals105mins":null,"n_HomeGoalsShootout":null,"n_AwayGoalsShootout":null,"n_MatchStatusCode":128,"c_MatchStatus":"Full time","c_MatchStatusShort":"FT","n_RefereeID":0,"c_Referee":null,"n_RefereeNatioGeoID":0,"c_RefereeNatio":null,"c_RefereeNatioShort":null,"n_Spectators":0,"n_KnockoutPhaseID":null,"n_Leg":null,"c_ScoreFirstLeg":null,"n_WinnerOnAggregateTeamID":null},{"n_CompetitionID":2,"n_CompetitionLevel":1,"c_Competition":"Eredivisie","c_CompetitionShort":"Ere","n_CompetitionNatioGeoID":2201,"c_CompetitionNatio":"Netherlands","c_CompetitionNatioShort":"NED","n_EditionID":35,"c_Season":"1960\/1961","n_MatchID":11281,"d_Date":"\/Date(-295495200000+0200)\/","d_DateLocal":"\/Date(-295495200000+0200)\/","d_DateUTC":"\/Date(-295495200000+0200)\/","n_RoundNr":1,"n_PhaseID":36,"n_PhaseLevel":1,"c_Phase":"Regular","c_PhaseShort":null,"n_HomeTeamID":11,"c_HomeTeam":"PSV","c_HomeTeamShort":"PSV","n_HomeTeamNatioGeoID":2201,"c_HomeTeamNatio":"Netherlands","c_HomeTeamNatioShort":"NED","n_AwayTeamID":4,"c_AwayTeam":"Feijenoord","c_AwayTeamShort":"FEY","n_AwayTeamNatioGeoID":2201,"c_AwayTeamNatio":"Netherlands","c_AwayTeamNatioShort":"NED","n_StadiumGeoID":5066,"c_Stadium":"Philips Sportpark","n_CityGeoID":4001,"c_City":"Eindhoven","n_CountryGeoID":2201,"c_Country":"Netherlands","c_CountryShort":"NED","c_Score":"4-2 ","c_ScoreSuffix":null,"n_HomeGoals":4,"n_AwayGoals":2,"n_HomeGoalsHalftime":null,"n_AwayGoalsHalftime":null,"n_HomeGoals90mins":null,"n_AwayGoals90mins":null,"n_HomeGoals105mins":null,"n_AwayGoals105mins":null,"n_HomeGoalsShootout":null,"n_AwayGoalsShootout":null,"n_MatchStatusCode":128,"c_MatchStatus":"Full time","c_MatchStatusShort":"FT","n_RefereeID":0,"c_Referee":null,"n_RefereeNatioGeoID":0,"c_RefereeNatio":null,"c_RefereeNatioShort":null,"n_Spectators":0,"n_KnockoutPhaseID":null,"n_Leg":null,"c_ScoreFirstLeg":null,"n_WinnerOnAggregateTeamID":null},{"n_CompetitionID":2,"n_CompetitionLevel":1,"c_Competition":"Eredivisie","c_CompetitionShort":"Ere","n_CompetitionNatioGeoID":2201,"c_CompetitionNatio":"Netherlands","c_CompetitionNatioShort":"NED","n_EditionID":36,"c_Season":"1959\/1960","n_MatchID":11552,"d_Date":"\/Date(-313635600000+0100)\/","d_DateLocal":"\/Date(-313635600000+0100)\/","d_DateUTC":"\/Date(-313635600000+0100)\/","n_RoundNr":21,"n_PhaseID":37,"n_PhaseLevel":1,"c_Phase":"Regular","c_PhaseShort":null,"n_HomeTeamID":11,"c_HomeTeam":"PSV","c_HomeTeamShort":"PSV","n_HomeTeamNatioGeoID":2201,"c_HomeTeamNatio":"Netherlands","c_HomeTeamNatioShort":"NED","n_AwayTeamID":4,"c_AwayTeam":"Feijenoord","c_AwayTeamShort":"FEY","n_AwayTeamNatioGeoID":2201,"c_AwayTeamNatio":"Netherlands","c_AwayTeamNatioShort":"NED","n_StadiumGeoID":5066,"c_Stadium":"Philips Sportpark","n_CityGeoID":4001,"c_City":"Eindhoven","n_CountryGeoID":2201,"c_Country":"Netherlands","c_CountryShort":"NED","c_Score":"0-2 ","c_ScoreSuffix":null,"n_HomeGoals":0,"n_AwayGoals":2,"n_HomeGoalsHalftime":null,"n_AwayGoalsHalftime":null,"n_HomeGoals90mins":null,"n_AwayGoals90mins":null,"n_HomeGoals105mins":null,"n_AwayGoals105mins":null,"n_HomeGoalsShootout":null,"n_AwayGoalsShootout":null,"n_MatchStatusCode":128,"c_MatchStatus":"Full time","c_MatchStatusShort":"FT","n_RefereeID":0,"c_Referee":null,"n_RefereeNatioGeoID":0,"c_RefereeNatio":null,"c_RefereeNatioShort":null,"n_Spectators":0,"n_KnockoutPhaseID":null,"n_Leg":null,"c_ScoreFirstLeg":null,"n_WinnerOnAggregateTeamID":null},{"n_CompetitionID":2,"n_CompetitionLevel":1,"c_Competition":"Eredivisie","c_CompetitionShort":"Ere","n_CompetitionNatioGeoID":2201,"c_CompetitionNatio":"Netherlands","c_CompetitionNatioShort":"NED","n_EditionID":37,"c_Season":"1958\/1959","n_MatchID":8911,"d_Date":"\/Date(-349318800000+0100)\/","d_DateLocal":"\/Date(-349318800000+0100)\/","d_DateUTC":"\/Date(-349318800000+0100)\/","n_RoundNr":14,"n_PhaseID":38,"n_PhaseLevel":1,"c_Phase":"Regular","c_PhaseShort":null,"n_HomeTeamID":11,"c_HomeTeam":"PSV","c_HomeTeamShort":"PSV","n_HomeTeamNatioGeoID":2201,"c_HomeTeamNatio":"Netherlands","c_HomeTeamNatioShort":"NED","n_AwayTeamID":4,"c_AwayTeam":"Feijenoord","c_AwayTeamShort":"FEY","n_AwayTeamNatioGeoID":2201,"c_AwayTeamNatio":"Netherlands","c_AwayTeamNatioShort":"NED","n_StadiumGeoID":5066,"c_Stadium":"Philips Sportpark","n_CityGeoID":4001,"c_City":"Eindhoven","n_CountryGeoID":2201,"c_Country":"Netherlands","c_CountryShort":"NED","c_Score":"3-1 ","c_ScoreSuffix":null,"n_HomeGoals":3,"n_AwayGoals":1,"n_HomeGoalsHalftime":null,"n_AwayGoalsHalftime":null,"n_HomeGoals90mins":null,"n_AwayGoals90mins":null,"n_HomeGoals105mins":null,"n_AwayGoals105mins":null,"n_HomeGoalsShootout":null,"n_AwayGoalsShootout":null,"n_MatchStatusCode":128,"c_MatchStatus":"Full time","c_MatchStatusShort":"FT","n_RefereeID":0,"c_Referee":null,"n_RefereeNatioGeoID":0,"c_RefereeNatio":null,"c_RefereeNatioShort":null,"n_Spectators":0,"n_KnockoutPhaseID":null,"n_Leg":null,"c_ScoreFirstLeg":null,"n_WinnerOnAggregateTeamID":null},{"n_CompetitionID":2,"n_CompetitionLevel":1,"c_Competition":"Eredivisie","c_CompetitionShort":"Ere","n_CompetitionNatioGeoID":2201,"c_CompetitionNatio":"Netherlands","c_CompetitionNatioShort":"NED","n_EditionID":38,"c_Season":"1957\/1958","n_MatchID":7713,"d_Date":"\/Date(-372301200000+0100)\/","d_DateLocal":"\/Date(-372301200000+0100)\/","d_DateUTC":"\/Date(-372301200000+0100)\/","n_RoundNr":24,"n_PhaseID":39,"n_PhaseLevel":1,"c_Phase":"Regular","c_PhaseShort":null,"n_HomeTeamID":11,"c_HomeTeam":"PSV","c_HomeTeamShort":"PSV","n_HomeTeamNatioGeoID":2201,"c_HomeTeamNatio":"Netherlands","c_HomeTeamNatioShort":"NED","n_AwayTeamID":4,"c_AwayTeam":"Feijenoord","c_AwayTeamShort":"FEY","n_AwayTeamNatioGeoID":2201,"c_AwayTeamNatio":"Netherlands","c_AwayTeamNatioShort":"NED","n_StadiumGeoID":5066,"c_Stadium":"Philips Sportpark","n_CityGeoID":4001,"c_City":"Eindhoven","n_CountryGeoID":2201,"c_Country":"Netherlands","c_CountryShort":"NED","c_Score":"6-0 ","c_ScoreSuffix":null,"n_HomeGoals":6,"n_AwayGoals":0,"n_HomeGoalsHalftime":null,"n_AwayGoalsHalftime":null,"n_HomeGoals90mins":null,"n_AwayGoals90mins":null,"n_HomeGoals105mins":null,"n_AwayGoals105mins":null,"n_HomeGoalsShootout":null,"n_AwayGoalsShootout":null,"n_MatchStatusCode":128,"c_MatchStatus":"Full time","c_MatchStatusShort":"FT","n_RefereeID":0,"c_Referee":null,"n_RefereeNatioGeoID":0,"c_RefereeNatio":null,"c_RefereeNatioShort":null,"n_Spectators":0,"n_KnockoutPhaseID":null,"n_Leg":null,"c_ScoreFirstLeg":null,"n_WinnerOnAggregateTeamID":null},{"n_CompetitionID":2,"n_CompetitionLevel":1,"c_Competition":"Eredivisie","c_CompetitionShort":"Ere","n_CompetitionNatioGeoID":2201,"c_CompetitionNatio":"Netherlands","c_CompetitionNatioShort":"NED","n_EditionID":39,"c_Season":"1956\/1957","n_MatchID":5860,"d_Date":"\/Date(-406774800000+0100)\/","d_DateLocal":"\/Date(-406774800000+0100)\/","d_DateUTC":"\/Date(-406774800000+0100)\/","n_RoundNr":21,"n_PhaseID":40,"n_PhaseLevel":1,"c_Phase":"Regular","c_PhaseShort":null,"n_HomeTeamID":11,"c_HomeTeam":"PSV","c_HomeTeamShort":"PSV","n_HomeTeamNatioGeoID":2201,"c_HomeTeamNatio":"Netherlands","c_HomeTeamNatioShort":"NED","n_AwayTeamID":4,"c_AwayTeam":"Feijenoord","c_AwayTeamShort":"FEY","n_AwayTeamNatioGeoID":2201,"c_AwayTeamNatio":"Netherlands","c_AwayTeamNatioShort":"NED","n_StadiumGeoID":5066,"c_Stadium":"Philips Sportpark","n_CityGeoID":4001,"c_City":"Eindhoven","n_CountryGeoID":2201,"c_Country":"Netherlands","c_CountryShort":"NED","c_Score":"3-1 (2-0) ","c_ScoreSuffix":null,"n_HomeGoals":3,"n_AwayGoals":1,"n_HomeGoalsHalftime":2,"n_AwayGoalsHalftime":0,"n_HomeGoals90mins":null,"n_AwayGoals90mins":null,"n_HomeGoals105mins":null,"n_AwayGoals105mins":null,"n_HomeGoalsShootout":null,"n_AwayGoalsShootout":null,"n_MatchStatusCode":128,"c_MatchStatus":"Full time","c_MatchStatusShort":"FT","n_RefereeID":0,"c_Referee":null,"n_RefereeNatioGeoID":0,"c_RefereeNatio":null,"c_RefereeNatioShort":null,"n_Spectators":17500,"n_KnockoutPhaseID":null,"n_Leg":null,"c_ScoreFirstLeg":null,"n_WinnerOnAggregateTeamID":null}]