﻿[{"n_CompetitionID":2,"n_CompetitionLevel":1,"c_Competition":"Eredivisie","c_CompetitionShort":"Ere","n_CompetitionNatioGeoID":2201,"c_CompetitionNatio":"Netherlands","c_CompetitionNatioShort":"NED","n_HomeTeamID":9,"c_HomeTeam":"NAC Breda","c_HomeTeamShort":"NAC","n_HomeTeamNatioGeoID":2201,"c_HomeTeamNatio":"Netherlands","c_HomeTeamNatioShort":"NED","n_AwayTeamID":11,"c_AwayTeam":"PSV","c_AwayTeamShort":"PSV","n_AwayTeamNatioGeoID":2201,"c_AwayTeamNatio":"Netherlands","c_AwayTeamNatioShort":"NED","n_Matches":47,"n_MatchesWonHome":14,"n_MatchesDrawn":11,"n_MatchesWonAway":22,"n_GoalsForHome":76,"n_GoalsForAway":102}]