﻿[{"n_ActionID":12514398,"n_ActionCode":0,"n_ActionCode2":1024,"n_ActionCode3":0,"n_ActionSet":16,"n_ActionSort":1,"c_Action":"Kick-off","c_ActionShort":"KO","n_PeriodSort":2,"c_Period":"First half","c_PeriodShort":"1H","n_ActionTime":0,"n_HomeGoals":0,"n_AwayGoals":0,"n_HomeOrAway":-1,"n_TeamID":11,"c_Team":"PSV","c_TeamShort":"PSV","n_PersonID":0,"c_Person":"","c_PersonSort":"","c_PersonShort":"","n_PersonNatioGeoID":0,"c_PersonNatio":null,"c_PersonNatioShort":null,"n_TeamNatioGeoID":2201,"c_TeamNatio":"Netherlands","c_TeamNatioShort":"NED","n_ActionReasonID":0,"c_ActionReason":null,"c_ActionInfo":null,"n_SubPersonID":null,"c_SubPerson":"","c_SubPersonShort":"","c_ActionMinute":"0'"},{"n_ActionID":12515001,"n_ActionCode":4,"n_ActionCode2":2097152,"n_ActionCode3":131330,"n_ActionSet":1,"n_ActionSort":2,"c_Action":"Goal","c_ActionShort":"G","n_PeriodSort":2,"c_Period":"First half","c_PeriodShort":"1H","n_ActionTime":1683000,"n_HomeGoals":1,"n_AwayGoals":0,"n_HomeOrAway":1,"n_TeamID":72,"c_Team":"Heracles Almelo","c_TeamShort":"HER","n_PersonID":745035,"c_Person":"Bryan Linssen","c_PersonSort":"Linssen, Bryan","c_PersonShort":"Linssen","n_PersonNatioGeoID":2201,"c_PersonNatio":"Netherlands","c_PersonNatioShort":"NED","n_TeamNatioGeoID":2201,"c_TeamNatio":"Netherlands","c_TeamNatioShort":"NED","n_ActionReasonID":40,"c_ActionReason":"Rebound","c_ActionInfo":"Right foot","n_SubPersonID":null,"c_SubPerson":"","c_SubPersonShort":"","c_ActionMinute":"29'"},{"n_ActionID":12515145,"n_ActionCode":2048,"n_ActionCode2":0,"n_ActionCode3":0,"n_ActionSet":3,"n_ActionSort":3,"c_Action":"Yellow","c_ActionShort":"Y","n_PeriodSort":2,"c_Period":"First half","c_PeriodShort":"1H","n_ActionTime":2009000,"n_HomeGoals":1,"n_AwayGoals":0,"n_HomeOrAway":1,"n_TeamID":72,"c_Team":"Heracles Almelo","c_TeamShort":"HER","n_PersonID":696725,"c_Person":"Jeroen Veldmate","c_PersonSort":"Veldmate, Jeroen","c_PersonShort":"J. Veldmate","n_PersonNatioGeoID":2201,"c_PersonNatio":"Netherlands","c_PersonNatioShort":"NED","n_TeamNatioGeoID":2201,"c_TeamNatio":"Netherlands","c_TeamNatioShort":"NED","n_ActionReasonID":52,"c_ActionReason":"Rough play","c_ActionInfo":null,"n_SubPersonID":null,"c_SubPerson":"","c_SubPersonShort":"","c_ActionMinute":"34'"},{"n_ActionID":12515472,"n_ActionCode":4,"n_ActionCode2":0,"n_ActionCode3":134348801,"n_ActionSet":1,"n_ActionSort":4,"c_Action":"Goal","c_ActionShort":"G","n_PeriodSort":2,"c_Period":"First half","c_PeriodShort":"1H","n_ActionTime":2697000,"n_HomeGoals":1,"n_AwayGoals":1,"n_HomeOrAway":-1,"n_TeamID":11,"c_Team":"PSV","c_TeamShort":"PSV","n_PersonID":740670,"c_Person":"Luuk de Jong","c_PersonSort":"De Jong, Luuk","c_PersonShort":"L. de Jong","n_PersonNatioGeoID":2201,"c_PersonNatio":"Netherlands","c_PersonNatioShort":"NED","n_TeamNatioGeoID":2201,"c_TeamNatio":"Netherlands","c_TeamNatioShort":"NED","n_ActionReasonID":37,"c_ActionReason":"Assist","c_ActionInfo":"Left foot","n_SubPersonID":970679,"c_SubPerson":"Memphis Depay","c_SubPersonShort":"Depay","c_ActionMinute":"45'"},{"n_ActionID":12515493,"n_ActionCode":0,"n_ActionCode2":2048,"n_ActionCode3":0,"n_ActionSet":16,"n_ActionSort":5,"c_Action":"End of period","c_ActionShort":"End","n_PeriodSort":2,"c_Period":"First half","c_PeriodShort":"1H","n_ActionTime":2794000,"n_HomeGoals":1,"n_AwayGoals":1,"n_HomeOrAway":0,"n_TeamID":0,"c_Team":"","c_TeamShort":"","n_PersonID":0,"c_Person":"","c_PersonSort":"","c_PersonShort":"","n_PersonNatioGeoID":0,"c_PersonNatio":null,"c_PersonNatioShort":null,"n_TeamNatioGeoID":null,"c_TeamNatio":null,"c_TeamNatioShort":null,"n_ActionReasonID":0,"c_ActionReason":null,"c_ActionInfo":null,"n_SubPersonID":null,"c_SubPerson":"","c_SubPersonShort":"","c_ActionMinute":"45'+2'"},{"n_ActionID":12515798,"n_ActionCode":0,"n_ActionCode2":1024,"n_ActionCode3":0,"n_ActionSet":16,"n_ActionSort":6,"c_Action":"Kick-off","c_ActionShort":"KO","n_PeriodSort":4,"c_Period":"Second half","c_PeriodShort":"2H","n_ActionTime":2700000,"n_HomeGoals":1,"n_AwayGoals":1,"n_HomeOrAway":1,"n_TeamID":72,"c_Team":"Heracles Almelo","c_TeamShort":"HER","n_PersonID":0,"c_Person":"","c_PersonSort":"","c_PersonShort":"","n_PersonNatioGeoID":0,"c_PersonNatio":null,"c_PersonNatioShort":null,"n_TeamNatioGeoID":2201,"c_TeamNatio":"Netherlands","c_TeamNatioShort":"NED","n_ActionReasonID":0,"c_ActionReason":null,"c_ActionInfo":null,"n_SubPersonID":null,"c_SubPerson":"","c_SubPersonShort":"","c_ActionMinute":"45'"},{"n_ActionID":12512532,"n_ActionCode":16384,"n_ActionCode2":0,"n_ActionCode3":0,"n_ActionSet":5,"n_ActionSort":7,"c_Action":"Substitution","c_ActionShort":"Sub","n_PeriodSort":4,"c_Period":"Second half","c_PeriodShort":"2H","n_ActionTime":4147000,"n_HomeGoals":null,"n_AwayGoals":null,"n_HomeOrAway":-1,"n_TeamID":11,"c_Team":"PSV","c_TeamShort":"PSV","n_PersonID":970689,"c_Person":"Jürgen Locadia","c_PersonSort":"Locadia, Jürgen","c_PersonShort":"Locadia","n_PersonNatioGeoID":2201,"c_PersonNatio":"Netherlands","c_PersonNatioShort":"NED","n_TeamNatioGeoID":2201,"c_TeamNatio":"Netherlands","c_TeamNatioShort":"NED","n_ActionReasonID":0,"c_ActionReason":null,"c_ActionInfo":null,"n_SubPersonID":753369,"c_SubPerson":"Luciano Narsingh","c_SubPersonShort":"Narsingh","c_ActionMinute":"70'"},{"n_ActionID":12512828,"n_ActionCode":16384,"n_ActionCode2":0,"n_ActionCode3":0,"n_ActionSet":5,"n_ActionSort":8,"c_Action":"Substitution","c_ActionShort":"Sub","n_PeriodSort":4,"c_Period":"Second half","c_PeriodShort":"2H","n_ActionTime":4321000,"n_HomeGoals":null,"n_AwayGoals":null,"n_HomeOrAway":1,"n_TeamID":72,"c_Team":"Heracles Almelo","c_TeamShort":"HER","n_PersonID":1095585,"c_Person":"Joey Pelupessy","c_PersonSort":"Pelupessy, Joey","c_PersonShort":"Pelupessy","n_PersonNatioGeoID":2201,"c_PersonNatio":"Netherlands","c_PersonNatioShort":"NED","n_TeamNatioGeoID":2201,"c_TeamNatio":"Netherlands","c_TeamNatioShort":"NED","n_ActionReasonID":0,"c_ActionReason":null,"c_ActionInfo":null,"n_SubPersonID":246432,"c_SubPerson":"Simon Cziommer","c_SubPersonShort":"Cziommer","c_ActionMinute":"73'"},{"n_ActionID":12512826,"n_ActionCode":16384,"n_ActionCode2":0,"n_ActionCode3":0,"n_ActionSet":5,"n_ActionSort":9,"c_Action":"Substitution","c_ActionShort":"Sub","n_PeriodSort":4,"c_Period":"Second half","c_PeriodShort":"2H","n_ActionTime":4589000,"n_HomeGoals":null,"n_AwayGoals":null,"n_HomeOrAway":1,"n_TeamID":72,"c_Team":"Heracles Almelo","c_TeamShort":"HER","n_PersonID":619637,"c_Person":"Denni Avdic","c_PersonSort":"Avdic, Denni","c_PersonShort":"Avdic","n_PersonNatioGeoID":2222,"c_PersonNatio":"Sweden","c_PersonNatioShort":"SWE","n_TeamNatioGeoID":2201,"c_TeamNatio":"Netherlands","c_TeamNatioShort":"NED","n_ActionReasonID":0,"c_ActionReason":null,"c_ActionInfo":null,"n_SubPersonID":1064368,"c_SubPerson":"Wout Weghorst","c_SubPersonShort":"Weghorst","c_ActionMinute":"77'"},{"n_ActionID":12512825,"n_ActionCode":16384,"n_ActionCode2":0,"n_ActionCode3":0,"n_ActionSet":5,"n_ActionSort":10,"c_Action":"Substitution","c_ActionShort":"Sub","n_PeriodSort":4,"c_Period":"Second half","c_PeriodShort":"2H","n_ActionTime":5224000,"n_HomeGoals":null,"n_AwayGoals":null,"n_HomeOrAway":1,"n_TeamID":72,"c_Team":"Heracles Almelo","c_TeamShort":"HER","n_PersonID":126523,"c_Person":"Bas Sibum","c_PersonSort":"Sibum, Bas","c_PersonShort":"Sibum","n_PersonNatioGeoID":2201,"c_PersonNatio":"Netherlands","c_PersonNatioShort":"NED","n_TeamNatioGeoID":2201,"c_TeamNatio":"Netherlands","c_TeamNatioShort":"NED","n_ActionReasonID":0,"c_ActionReason":null,"c_ActionInfo":null,"n_SubPersonID":912330,"c_SubPerson":"Thomas Bruns","c_SubPersonShort":"Bruns","c_ActionMinute":"88'"},{"n_ActionID":12516767,"n_ActionCode":4,"n_ActionCode2":2097152,"n_ActionCode3":129,"n_ActionSet":1,"n_ActionSort":11,"c_Action":"Goal","c_ActionShort":"G","n_PeriodSort":4,"c_Period":"Second half","c_PeriodShort":"2H","n_ActionTime":5476000,"n_HomeGoals":1,"n_AwayGoals":2,"n_HomeOrAway":-1,"n_TeamID":11,"c_Team":"PSV","c_TeamShort":"PSV","n_PersonID":970699,"c_Person":"Karim Rekik","c_PersonSort":"Rekik, Karim","c_PersonShort":"Rekik","n_PersonNatioGeoID":2201,"c_PersonNatio":"Netherlands","c_PersonNatioShort":"NED","n_TeamNatioGeoID":2201,"c_TeamNatio":"Netherlands","c_TeamNatioShort":"NED","n_ActionReasonID":41,"c_ActionReason":"Interception","c_ActionInfo":"Left foot","n_SubPersonID":null,"c_SubPerson":"","c_SubPersonShort":"","c_ActionMinute":"90'+2'"},{"n_ActionID":12516774,"n_ActionCode":2048,"n_ActionCode2":0,"n_ActionCode3":0,"n_ActionSet":3,"n_ActionSort":12,"c_Action":"Yellow","c_ActionShort":"Y","n_PeriodSort":4,"c_Period":"Second half","c_PeriodShort":"2H","n_ActionTime":5492000,"n_HomeGoals":1,"n_AwayGoals":2,"n_HomeOrAway":1,"n_TeamID":72,"c_Team":"Heracles Almelo","c_TeamShort":"HER","n_PersonID":741982,"c_Person":"Dennis Telgenkamp","c_PersonSort":"Telgenkamp, Dennis","c_PersonShort":"Telgenkamp","n_PersonNatioGeoID":2201,"c_PersonNatio":"Netherlands","c_PersonNatioShort":"NED","n_TeamNatioGeoID":2201,"c_TeamNatio":"Netherlands","c_TeamNatioShort":"NED","n_ActionReasonID":57,"c_ActionReason":"Verbal misconduct","c_ActionInfo":null,"n_SubPersonID":null,"c_SubPerson":"","c_SubPersonShort":"","c_ActionMinute":"90'+2'"},{"n_ActionID":12516842,"n_ActionCode":0,"n_ActionCode2":2048,"n_ActionCode3":0,"n_ActionSet":16,"n_ActionSort":13,"c_Action":"End of period","c_ActionShort":"End","n_PeriodSort":4,"c_Period":"Second half","c_PeriodShort":"2H","n_ActionTime":5648000,"n_HomeGoals":1,"n_AwayGoals":2,"n_HomeOrAway":0,"n_TeamID":0,"c_Team":"","c_TeamShort":"","n_PersonID":0,"c_Person":"","c_PersonSort":"","c_PersonShort":"","n_PersonNatioGeoID":0,"c_PersonNatio":null,"c_PersonNatioShort":null,"n_TeamNatioGeoID":null,"c_TeamNatio":null,"c_TeamNatioShort":null,"n_ActionReasonID":0,"c_ActionReason":null,"c_ActionInfo":null,"n_SubPersonID":null,"c_SubPerson":"","c_SubPersonShort":"","c_ActionMinute":"90'+5'"}]