﻿[{"n_ActionID":12113312,"n_ActionCode":2048,"n_ActionCode2":0,"n_ActionCode3":0,"n_ActionSet":3,"n_ActionSort":1,"c_Action":"Geel","c_ActionShort":"G","n_PeriodSort":2,"c_Period":"Eerste helft","c_PeriodShort":"1H","n_ActionTime":711000,"n_HomeGoals":0,"n_AwayGoals":0,"n_HomeOrAway":-1,"n_TeamID":11,"c_Team":"PSV","c_TeamShort":"PSV","n_PersonID":970699,"c_Person":"Karim Rekik","c_PersonSort":"Rekik, Karim","c_PersonShort":"Rekik","n_PersonNatioGeoID":2201,"c_PersonNatio":"Nederland","c_PersonNatioShort":"NED","n_TeamNatioGeoID":2201,"c_TeamNatio":"Nederland","c_TeamNatioShort":"NED","n_ActionReasonID":52,"c_ActionReason":"Ruw spel","c_ActionInfo":null,"n_SubPersonID":null,"c_SubPerson":null,"c_SubPersonShort":null,"c_ActionMinute":"12'"},{"n_ActionID":12114381,"n_ActionCode":2048,"n_ActionCode2":0,"n_ActionCode3":0,"n_ActionSet":3,"n_ActionSort":2,"c_Action":"Geel","c_ActionShort":"G","n_PeriodSort":4,"c_Period":"Tweede helft","c_PeriodShort":"2H","n_ActionTime":3625000,"n_HomeGoals":1,"n_AwayGoals":1,"n_HomeOrAway":-1,"n_TeamID":11,"c_Team":"PSV","c_TeamShort":"PSV","n_PersonID":970679,"c_Person":"Memphis Depay","c_PersonSort":"Depay, Memphis","c_PersonShort":"Depay","n_PersonNatioGeoID":2201,"c_PersonNatio":"Nederland","c_PersonNatioShort":"NED","n_TeamNatioGeoID":2201,"c_TeamNatio":"Nederland","c_TeamNatioShort":"NED","n_ActionReasonID":53,"c_ActionReason":"Vasthouden","c_ActionInfo":null,"n_SubPersonID":null,"c_SubPerson":null,"c_SubPersonShort":null,"c_ActionMinute":"61'"}]