﻿[{"n_CompetitionID":2,"n_CompetitionLevel":1,"c_Competition":"Eredivisie","c_CompetitionShort":"Ere","n_CompetitionNatioGeoID":2201,"c_CompetitionNatio":"Netherlands","c_CompetitionNatioShort":"NED","n_HomeTeamID":11,"c_HomeTeam":"PSV","c_HomeTeamShort":"PSV","n_HomeTeamNatioGeoID":2201,"c_HomeTeamNatio":"Nederland","c_HomeTeamNatioShort":"NED","n_AwayTeamID":17,"c_AwayTeam":"Vitesse","c_AwayTeamShort":"VIT","n_AwayTeamNatioGeoID":2201,"c_AwayTeamNatio":"Nederland","c_AwayTeamNatioShort":"NED","n_Matches":30,"n_MatchesWonHome":22,"n_MatchesDrawn":3,"n_MatchesWonAway":5,"n_GoalsForHome":59,"n_GoalsForAway":26}]