﻿[{"n_ActionID":12789248,"n_ActionCode":2048,"n_ActionCode2":0,"n_ActionCode3":0,"n_ActionSet":3,"n_ActionSort":1,"c_Action":"Geel","c_ActionShort":"G","n_PeriodSort":4,"c_Period":"Tweede helft","c_PeriodShort":"2H","n_ActionTime":3626000,"n_HomeGoals":0,"n_AwayGoals":1,"n_HomeOrAway":-1,"n_TeamID":11,"c_Team":"PSV","c_TeamShort":"PSV","n_PersonID":868287,"c_Person":"Adam Maher","c_PersonSort":"Maher, Adam","c_PersonShort":"Maher","n_PersonNatioGeoID":2201,"c_PersonNatio":"Nederland","c_PersonNatioShort":"NED","n_TeamNatioGeoID":2201,"c_TeamNatio":"Nederland","c_TeamNatioShort":"NED","n_ActionReasonID":52,"c_ActionReason":"Ruw spel","c_ActionInfo":null,"n_SubPersonID":null,"c_SubPerson":null,"c_SubPersonShort":null,"c_ActionMinute":"61'"},{"n_ActionID":12789353,"n_ActionCode":2048,"n_ActionCode2":0,"n_ActionCode3":0,"n_ActionSet":3,"n_ActionSort":2,"c_Action":"Geel","c_ActionShort":"G","n_PeriodSort":4,"c_Period":"Tweede helft","c_PeriodShort":"2H","n_ActionTime":4888000,"n_HomeGoals":0,"n_AwayGoals":1,"n_HomeOrAway":1,"n_TeamID":17,"c_Team":"Vitesse","c_TeamShort":"VIT","n_PersonID":1048583,"c_Person":"Wallace","c_PersonSort":"Wallace","c_PersonShort":"Wallace","n_PersonNatioGeoID":2235,"c_PersonNatio":"Brazilië","c_PersonNatioShort":"BRA","n_TeamNatioGeoID":2201,"c_TeamNatio":"Nederland","c_TeamNatioShort":"NED","n_ActionReasonID":58,"c_ActionReason":"Spelbederf","c_ActionInfo":null,"n_SubPersonID":null,"c_SubPerson":null,"c_SubPersonShort":null,"c_ActionMinute":"82'"},{"n_ActionID":12789354,"n_ActionCode":2048,"n_ActionCode2":0,"n_ActionCode3":0,"n_ActionSet":3,"n_ActionSort":3,"c_Action":"Geel","c_ActionShort":"G","n_PeriodSort":4,"c_Period":"Tweede helft","c_PeriodShort":"2H","n_ActionTime":4894000,"n_HomeGoals":0,"n_AwayGoals":1,"n_HomeOrAway":-1,"n_TeamID":11,"c_Team":"PSV","c_TeamShort":"PSV","n_PersonID":911639,"c_Person":"Jetro Willems","c_PersonSort":"Willems, Jetro","c_PersonShort":"Willems","n_PersonNatioGeoID":2201,"c_PersonNatio":"Nederland","c_PersonNatioShort":"NED","n_TeamNatioGeoID":2201,"c_TeamNatio":"Nederland","c_TeamNatioShort":"NED","n_ActionReasonID":58,"c_ActionReason":"Spelbederf","c_ActionInfo":null,"n_SubPersonID":null,"c_SubPerson":null,"c_SubPersonShort":null,"c_ActionMinute":"82'"},{"n_ActionID":12789390,"n_ActionCode":2048,"n_ActionCode2":0,"n_ActionCode3":0,"n_ActionSet":3,"n_ActionSort":4,"c_Action":"Geel","c_ActionShort":"G","n_PeriodSort":4,"c_Period":"Tweede helft","c_PeriodShort":"2H","n_ActionTime":5286000,"n_HomeGoals":0,"n_AwayGoals":1,"n_HomeOrAway":1,"n_TeamID":17,"c_Team":"Vitesse","c_TeamShort":"VIT","n_PersonID":672620,"c_Person":"Rochdi Achenteh","c_PersonSort":"Achenteh, Rochdi","c_PersonShort":"Achenteh","n_PersonNatioGeoID":2779,"c_PersonNatio":"Marokko","c_PersonNatioShort":"MAR","n_TeamNatioGeoID":2201,"c_TeamNatio":"Nederland","c_TeamNatioShort":"NED","n_ActionReasonID":52,"c_ActionReason":"Ruw spel","c_ActionInfo":null,"n_SubPersonID":null,"c_SubPerson":null,"c_SubPersonShort":null,"c_ActionMinute":"89'"}]