﻿[{"n_ActionID":12238519,"n_ActionCode":2048,"n_ActionCode2":0,"n_ActionCode3":0,"n_ActionSet":3,"n_ActionSort":1,"c_Action":"Geel","c_ActionShort":"G","n_PeriodSort":2,"c_Period":"Eerste helft","c_PeriodShort":"1H","n_ActionTime":773000,"n_HomeGoals":0,"n_AwayGoals":0,"n_HomeOrAway":1,"n_TeamID":11,"c_Team":"PSV","c_TeamShort":"PSV","n_PersonID":911639,"c_Person":"Jetro Willems","c_PersonSort":"Willems, Jetro","c_PersonShort":"Willems","n_PersonNatioGeoID":2201,"c_PersonNatio":"Nederland","c_PersonNatioShort":"NED","n_TeamNatioGeoID":2201,"c_TeamNatio":"Nederland","c_TeamNatioShort":"NED","n_ActionReasonID":52,"c_ActionReason":"Ruw spel","c_ActionInfo":null,"n_SubPersonID":null,"c_SubPerson":null,"c_SubPersonShort":null,"c_ActionMinute":"13'"},{"n_ActionID":12238676,"n_ActionCode":2048,"n_ActionCode2":0,"n_ActionCode3":0,"n_ActionSet":3,"n_ActionSort":2,"c_Action":"Geel","c_ActionShort":"G","n_PeriodSort":2,"c_Period":"Eerste helft","c_PeriodShort":"1H","n_ActionTime":1218000,"n_HomeGoals":0,"n_AwayGoals":0,"n_HomeOrAway":-1,"n_TeamID":71,"c_Team":"SC Cambuur","c_TeamShort":"CAM","n_PersonID":889725,"c_Person":"Lucas Bijker","c_PersonSort":"Bijker, Lucas","c_PersonShort":"Bijker","n_PersonNatioGeoID":2201,"c_PersonNatio":"Nederland","c_PersonNatioShort":"NED","n_TeamNatioGeoID":2201,"c_TeamNatio":"Nederland","c_TeamNatioShort":"NED","n_ActionReasonID":53,"c_ActionReason":"Vasthouden","c_ActionInfo":null,"n_SubPersonID":null,"c_SubPerson":null,"c_SubPersonShort":null,"c_ActionMinute":"21'"},{"n_ActionID":12239102,"n_ActionCode":4096,"n_ActionCode2":0,"n_ActionCode3":0,"n_ActionSet":3,"n_ActionSort":3,"c_Action":"Rood (2x geel)","c_ActionShort":"R2G","n_PeriodSort":2,"c_Period":"Eerste helft","c_PeriodShort":"1H","n_ActionTime":2406000,"n_HomeGoals":2,"n_AwayGoals":0,"n_HomeOrAway":-1,"n_TeamID":71,"c_Team":"SC Cambuur","c_TeamShort":"CAM","n_PersonID":889725,"c_Person":"Lucas Bijker","c_PersonSort":"Bijker, Lucas","c_PersonShort":"Bijker","n_PersonNatioGeoID":2201,"c_PersonNatio":"Nederland","c_PersonNatioShort":"NED","n_TeamNatioGeoID":2201,"c_TeamNatio":"Nederland","c_TeamNatioShort":"NED","n_ActionReasonID":53,"c_ActionReason":"Vasthouden","c_ActionInfo":null,"n_SubPersonID":null,"c_SubPerson":null,"c_SubPersonShort":null,"c_ActionMinute":"41'"}]