﻿[{"n_ActionID":12584606,"n_ActionCode":4,"n_ActionCode2":0,"n_ActionCode3":0,"n_ActionSet":1,"n_ActionSort":1,"c_Action":"Doelpunt","c_ActionShort":"D","n_PeriodSort":2,"c_Period":"Eerste helft","c_PeriodShort":"1H","n_ActionTime":360000,"n_HomeGoals":0,"n_AwayGoals":1,"n_HomeOrAway":-1,"n_TeamID":11,"c_Team":"PSV","c_TeamShort":"PSV","n_PersonID":970679,"c_Person":"Memphis Depay","c_PersonSort":"Depay, Memphis","c_PersonShort":"Depay","n_PersonNatioGeoID":2201,"c_PersonNatio":"Nederland","c_PersonNatioShort":"NED","n_TeamNatioGeoID":2201,"c_TeamNatio":"Nederland","c_TeamNatioShort":"NED","n_ActionReasonID":0,"c_ActionReason":null,"c_ActionInfo":null,"n_SubPersonID":null,"c_SubPerson":"","c_SubPersonShort":"","c_ActionMinute":"6'"},{"n_ActionID":12584608,"n_ActionCode":4,"n_ActionCode2":0,"n_ActionCode3":0,"n_ActionSet":1,"n_ActionSort":2,"c_Action":"Doelpunt","c_ActionShort":"D","n_PeriodSort":2,"c_Period":"Eerste helft","c_PeriodShort":"1H","n_ActionTime":720000,"n_HomeGoals":1,"n_AwayGoals":1,"n_HomeOrAway":1,"n_TeamID":103013,"c_Team":"GD Estoril Praia","c_TeamShort":"EST","n_PersonID":1131535,"c_Person":"Tozé","c_PersonSort":"Tozé","c_PersonShort":"Tozé","n_PersonNatioGeoID":2223,"c_PersonNatio":"Portugal","c_PersonNatioShort":"POR","n_TeamNatioGeoID":2223,"c_TeamNatio":"Portugal","c_TeamNatioShort":"POR","n_ActionReasonID":0,"c_ActionReason":null,"c_ActionInfo":null,"n_SubPersonID":null,"c_SubPerson":"","c_SubPersonShort":"","c_ActionMinute":"12'"},{"n_ActionID":12584609,"n_ActionCode":4,"n_ActionCode2":0,"n_ActionCode3":0,"n_ActionSet":1,"n_ActionSort":3,"c_Action":"Doelpunt","c_ActionShort":"D","n_PeriodSort":2,"c_Period":"Eerste helft","c_PeriodShort":"1H","n_ActionTime":840000,"n_HomeGoals":1,"n_AwayGoals":2,"n_HomeOrAway":-1,"n_TeamID":11,"c_Team":"PSV","c_TeamShort":"PSV","n_PersonID":753369,"c_Person":"Luciano Narsingh","c_PersonSort":"Narsingh, Luciano","c_PersonShort":"Narsingh","n_PersonNatioGeoID":2201,"c_PersonNatio":"Nederland","c_PersonNatioShort":"NED","n_TeamNatioGeoID":2201,"c_TeamNatio":"Nederland","c_TeamNatioShort":"NED","n_ActionReasonID":0,"c_ActionReason":null,"c_ActionInfo":null,"n_SubPersonID":null,"c_SubPerson":"","c_SubPersonShort":"","c_ActionMinute":"14'"},{"n_ActionID":12584623,"n_ActionCode":4,"n_ActionCode2":0,"n_ActionCode3":0,"n_ActionSet":1,"n_ActionSort":4,"c_Action":"Doelpunt","c_ActionShort":"D","n_PeriodSort":2,"c_Period":"Eerste helft","c_PeriodShort":"1H","n_ActionTime":1800000,"n_HomeGoals":2,"n_AwayGoals":2,"n_HomeOrAway":1,"n_TeamID":103013,"c_Team":"GD Estoril Praia","c_TeamShort":"EST","n_PersonID":1302365,"c_Person":"Kuca","c_PersonSort":"Kuca","c_PersonShort":"Kuca","n_PersonNatioGeoID":6593,"c_PersonNatio":"Kaapverdië","c_PersonNatioShort":"KPV","n_TeamNatioGeoID":2223,"c_TeamNatio":"Portugal","c_TeamNatioShort":"POR","n_ActionReasonID":0,"c_ActionReason":null,"c_ActionInfo":null,"n_SubPersonID":null,"c_SubPerson":"","c_SubPersonShort":"","c_ActionMinute":"30'"},{"n_ActionID":12584635,"n_ActionCode":4,"n_ActionCode2":0,"n_ActionCode3":0,"n_ActionSet":1,"n_ActionSort":5,"c_Action":"Doelpunt","c_ActionShort":"D","n_PeriodSort":2,"c_Period":"Eerste helft","c_PeriodShort":"1H","n_ActionTime":2340000,"n_HomeGoals":3,"n_AwayGoals":2,"n_HomeOrAway":1,"n_TeamID":103013,"c_Team":"GD Estoril Praia","c_TeamShort":"EST","n_PersonID":781321,"c_Person":"Diogo Amado","c_PersonSort":"Amado, Diogo","c_PersonShort":"Amado","n_PersonNatioGeoID":2223,"c_PersonNatio":"Portugal","c_PersonNatioShort":"POR","n_TeamNatioGeoID":2223,"c_TeamNatio":"Portugal","c_TeamNatioShort":"POR","n_ActionReasonID":0,"c_ActionReason":null,"c_ActionInfo":null,"n_SubPersonID":null,"c_SubPerson":"","c_SubPersonShort":"","c_ActionMinute":"39'"},{"n_ActionID":12586373,"n_ActionCode":4,"n_ActionCode2":0,"n_ActionCode3":0,"n_ActionSet":1,"n_ActionSort":6,"c_Action":"Doelpunt","c_ActionShort":"D","n_PeriodSort":4,"c_Period":"Tweede helft","c_PeriodShort":"2H","n_ActionTime":4920000,"n_HomeGoals":3,"n_AwayGoals":3,"n_HomeOrAway":-1,"n_TeamID":11,"c_Team":"PSV","c_TeamShort":"PSV","n_PersonID":664067,"c_Person":"Georginio Wijnaldum","c_PersonSort":"Wijnaldum, Georginio","c_PersonShort":"Wijnaldum","n_PersonNatioGeoID":2201,"c_PersonNatio":"Nederland","c_PersonNatioShort":"NED","n_TeamNatioGeoID":2201,"c_TeamNatio":"Nederland","c_TeamNatioShort":"NED","n_ActionReasonID":0,"c_ActionReason":null,"c_ActionInfo":null,"n_SubPersonID":null,"c_SubPerson":"","c_SubPersonShort":"","c_ActionMinute":"82'"}]