﻿[{"n_ActionID":12308297,"n_ActionCode":4,"n_ActionCode2":0,"n_ActionCode3":0,"n_ActionSet":1,"n_ActionSort":1,"c_Action":"Goal","c_ActionShort":"G","n_PeriodSort":4,"c_Period":"Second half","c_PeriodShort":"2H","n_ActionTime":5580000,"n_HomeGoals":1,"n_AwayGoals":0,"n_HomeOrAway":1,"n_TeamID":4045,"c_Team":"Dinamo Moskva","c_TeamShort":"DMO","n_PersonID":568663,"c_Person":"Yuri Zhirkov","c_PersonSort":"Zhirkov, Yuri","c_PersonShort":"Zhirkov","n_PersonNatioGeoID":2204,"c_PersonNatio":"Russia","c_PersonNatioShort":"RUS","n_TeamNatioGeoID":2204,"c_TeamNatio":"Russia","c_TeamNatioShort":"RUS","n_ActionReasonID":0,"c_ActionReason":null,"c_ActionInfo":null,"n_SubPersonID":null,"c_SubPerson":"","c_SubPersonShort":"","c_ActionMinute":"90'+3'"}]