﻿[{"n_CompetitionID":2,"n_CompetitionLevel":1,"c_Competition":"Eredivisie","c_CompetitionShort":"Ere","n_CompetitionNatioGeoID":2201,"c_CompetitionNatio":"Netherlands","c_CompetitionNatioShort":"NED","n_HomeTeamID":71,"c_HomeTeam":"SC Cambuur","c_HomeTeamShort":"CAM","n_HomeTeamNatioGeoID":2201,"c_HomeTeamNatio":"Netherlands","c_HomeTeamNatioShort":"NED","n_AwayTeamID":11,"c_AwayTeam":"PSV","c_AwayTeamShort":"PSV","n_AwayTeamNatioGeoID":2201,"c_AwayTeamNatio":"Netherlands","c_AwayTeamNatioShort":"NED","n_Matches":6,"n_MatchesWonHome":0,"n_MatchesDrawn":1,"n_MatchesWonAway":5,"n_GoalsForHome":4,"n_GoalsForAway":10}]