﻿[{"n_EditionID":21401,"n_MatchDayStart":20140808,"n_MatchDayEnd":20140808,"d_MatchDayStart":"\/Date(1407448800000+0200)\/","d_MatchDayEnd":"\/Date(1407448800000+0200)\/","b_Current":false,"n_WeekID":20140805},{"n_EditionID":21401,"n_MatchDayStart":20140809,"n_MatchDayEnd":20140809,"d_MatchDayStart":"\/Date(1407535200000+0200)\/","d_MatchDayEnd":"\/Date(1407535200000+0200)\/","b_Current":false,"n_WeekID":20140805},{"n_EditionID":21401,"n_MatchDayStart":20140810,"n_MatchDayEnd":20140810,"d_MatchDayStart":"\/Date(1407621600000+0200)\/","d_MatchDayEnd":"\/Date(1407621600000+0200)\/","b_Current":false,"n_WeekID":20140805},{"n_EditionID":21401,"n_MatchDayStart":20140811,"n_MatchDayEnd":20140811,"d_MatchDayStart":"\/Date(1407708000000+0200)\/","d_MatchDayEnd":"\/Date(1407708000000+0200)\/","b_Current":false,"n_WeekID":20140805},{"n_EditionID":21401,"n_MatchDayStart":20140815,"n_MatchDayEnd":20140815,"d_MatchDayStart":"\/Date(1408053600000+0200)\/","d_MatchDayEnd":"\/Date(1408053600000+0200)\/","b_Current":false,"n_WeekID":20140812},{"n_EditionID":21401,"n_MatchDayStart":20140816,"n_MatchDayEnd":20140816,"d_MatchDayStart":"\/Date(1408140000000+0200)\/","d_MatchDayEnd":"\/Date(1408140000000+0200)\/","b_Current":false,"n_WeekID":20140812},{"n_EditionID":21401,"n_MatchDayStart":20140818,"n_MatchDayEnd":20140818,"d_MatchDayStart":"\/Date(1408312800000+0200)\/","d_MatchDayEnd":"\/Date(1408312800000+0200)\/","b_Current":false,"n_WeekID":20140812},{"n_EditionID":21401,"n_MatchDayStart":20140822,"n_MatchDayEnd":20140822,"d_MatchDayStart":"\/Date(1408658400000+0200)\/","d_MatchDayEnd":"\/Date(1408658400000+0200)\/","b_Current":false,"n_WeekID":20140819},{"n_EditionID":21401,"n_MatchDayStart":20140825,"n_MatchDayEnd":20140825,"d_MatchDayStart":"\/Date(1408917600000+0200)\/","d_MatchDayEnd":"\/Date(1408917600000+0200)\/","b_Current":false,"n_WeekID":20140819},{"n_EditionID":21401,"n_MatchDayStart":20140826,"n_MatchDayEnd":20140826,"d_MatchDayStart":"\/Date(1409004000000+0200)\/","d_MatchDayEnd":"\/Date(1409004000000+0200)\/","b_Current":false,"n_WeekID":20140826},{"n_EditionID":21401,"n_MatchDayStart":20140829,"n_MatchDayEnd":20140829,"d_MatchDayStart":"\/Date(1409263200000+0200)\/","d_MatchDayEnd":"\/Date(1409263200000+0200)\/","b_Current":false,"n_WeekID":20140826},{"n_EditionID":21401,"n_MatchDayStart":20140830,"n_MatchDayEnd":20140830,"d_MatchDayStart":"\/Date(1409349600000+0200)\/","d_MatchDayEnd":"\/Date(1409349600000+0200)\/","b_Current":false,"n_WeekID":20140826},{"n_EditionID":21401,"n_MatchDayStart":20140831,"n_MatchDayEnd":20140831,"d_MatchDayStart":"\/Date(1409436000000+0200)\/","d_MatchDayEnd":"\/Date(1409436000000+0200)\/","b_Current":false,"n_WeekID":20140826},{"n_EditionID":21401,"n_MatchDayStart":20140912,"n_MatchDayEnd":20140912,"d_MatchDayStart":"\/Date(1410472800000+0200)\/","d_MatchDayEnd":"\/Date(1410472800000+0200)\/","b_Current":false,"n_WeekID":20140909},{"n_EditionID":21401,"n_MatchDayStart":20140913,"n_MatchDayEnd":20140913,"d_MatchDayStart":"\/Date(1410559200000+0200)\/","d_MatchDayEnd":"\/Date(1410559200000+0200)\/","b_Current":false,"n_WeekID":20140909},{"n_EditionID":21401,"n_MatchDayStart":20140914,"n_MatchDayEnd":20140914,"d_MatchDayStart":"\/Date(1410645600000+0200)\/","d_MatchDayEnd":"\/Date(1410645600000+0200)\/","b_Current":false,"n_WeekID":20140909},{"n_EditionID":21401,"n_MatchDayStart":20140915,"n_MatchDayEnd":20140915,"d_MatchDayStart":"\/Date(1410732000000+0200)\/","d_MatchDayEnd":"\/Date(1410732000000+0200)\/","b_Current":false,"n_WeekID":20140909},{"n_EditionID":21401,"n_MatchDayStart":20140919,"n_MatchDayEnd":20140919,"d_MatchDayStart":"\/Date(1411077600000+0200)\/","d_MatchDayEnd":"\/Date(1411077600000+0200)\/","b_Current":false,"n_WeekID":20140916},{"n_EditionID":21401,"n_MatchDayStart":20140920,"n_MatchDayEnd":20140920,"d_MatchDayStart":"\/Date(1411164000000+0200)\/","d_MatchDayEnd":"\/Date(1411164000000+0200)\/","b_Current":false,"n_WeekID":20140916},{"n_EditionID":21401,"n_MatchDayStart":20140926,"n_MatchDayEnd":20140926,"d_MatchDayStart":"\/Date(1411682400000+0200)\/","d_MatchDayEnd":"\/Date(1411682400000+0200)\/","b_Current":false,"n_WeekID":20140923},{"n_EditionID":21401,"n_MatchDayStart":20140927,"n_MatchDayEnd":20140927,"d_MatchDayStart":"\/Date(1411768800000+0200)\/","d_MatchDayEnd":"\/Date(1411768800000+0200)\/","b_Current":false,"n_WeekID":20140923},{"n_EditionID":21401,"n_MatchDayStart":20140928,"n_MatchDayEnd":20140928,"d_MatchDayStart":"\/Date(1411855200000+0200)\/","d_MatchDayEnd":"\/Date(1411855200000+0200)\/","b_Current":false,"n_WeekID":20140923},{"n_EditionID":21401,"n_MatchDayStart":20140929,"n_MatchDayEnd":20140929,"d_MatchDayStart":"\/Date(1411941600000+0200)\/","d_MatchDayEnd":"\/Date(1411941600000+0200)\/","b_Current":false,"n_WeekID":20140923},{"n_EditionID":21401,"n_MatchDayStart":20141003,"n_MatchDayEnd":20141003,"d_MatchDayStart":"\/Date(1412287200000+0200)\/","d_MatchDayEnd":"\/Date(1412287200000+0200)\/","b_Current":false,"n_WeekID":20140930},{"n_EditionID":21401,"n_MatchDayStart":20141017,"n_MatchDayEnd":20141017,"d_MatchDayStart":"\/Date(1413496800000+0200)\/","d_MatchDayEnd":"\/Date(1413496800000+0200)\/","b_Current":false,"n_WeekID":20141014},{"n_EditionID":21401,"n_MatchDayStart":20141018,"n_MatchDayEnd":20141018,"d_MatchDayStart":"\/Date(1413583200000+0200)\/","d_MatchDayEnd":"\/Date(1413583200000+0200)\/","b_Current":false,"n_WeekID":20141014},{"n_EditionID":21401,"n_MatchDayStart":20141019,"n_MatchDayEnd":20141019,"d_MatchDayStart":"\/Date(1413669600000+0200)\/","d_MatchDayEnd":"\/Date(1413669600000+0200)\/","b_Current":false,"n_WeekID":20141014},{"n_EditionID":21401,"n_MatchDayStart":20141020,"n_MatchDayEnd":20141020,"d_MatchDayStart":"\/Date(1413756000000+0200)\/","d_MatchDayEnd":"\/Date(1413756000000+0200)\/","b_Current":false,"n_WeekID":20141014},{"n_EditionID":21401,"n_MatchDayStart":20141024,"n_MatchDayEnd":20141024,"d_MatchDayStart":"\/Date(1414101600000+0200)\/","d_MatchDayEnd":"\/Date(1414101600000+0200)\/","b_Current":false,"n_WeekID":20141021},{"n_EditionID":21401,"n_MatchDayStart":20141025,"n_MatchDayEnd":20141025,"d_MatchDayStart":"\/Date(1414188000000+0200)\/","d_MatchDayEnd":"\/Date(1414188000000+0200)\/","b_Current":false,"n_WeekID":20141021},{"n_EditionID":21401,"n_MatchDayStart":20141026,"n_MatchDayEnd":20141026,"d_MatchDayStart":"\/Date(1414274400000+0200)\/","d_MatchDayEnd":"\/Date(1414274400000+0200)\/","b_Current":false,"n_WeekID":20141021},{"n_EditionID":21401,"n_MatchDayStart":20141031,"n_MatchDayEnd":20141031,"d_MatchDayStart":"\/Date(1414710000000+0100)\/","d_MatchDayEnd":"\/Date(1414710000000+0100)\/","b_Current":false,"n_WeekID":20141028},{"n_EditionID":21401,"n_MatchDayStart":20141101,"n_MatchDayEnd":20141101,"d_MatchDayStart":"\/Date(1414796400000+0100)\/","d_MatchDayEnd":"\/Date(1414796400000+0100)\/","b_Current":false,"n_WeekID":20141028},{"n_EditionID":21401,"n_MatchDayStart":20141102,"n_MatchDayEnd":20141102,"d_MatchDayStart":"\/Date(1414882800000+0100)\/","d_MatchDayEnd":"\/Date(1414882800000+0100)\/","b_Current":false,"n_WeekID":20141028},{"n_EditionID":21401,"n_MatchDayStart":20141103,"n_MatchDayEnd":20141103,"d_MatchDayStart":"\/Date(1414969200000+0100)\/","d_MatchDayEnd":"\/Date(1414969200000+0100)\/","b_Current":false,"n_WeekID":20141028},{"n_EditionID":21401,"n_MatchDayStart":20141107,"n_MatchDayEnd":20141107,"d_MatchDayStart":"\/Date(1415314800000+0100)\/","d_MatchDayEnd":"\/Date(1415314800000+0100)\/","b_Current":false,"n_WeekID":20141104},{"n_EditionID":21401,"n_MatchDayStart":20141108,"n_MatchDayEnd":20141108,"d_MatchDayStart":"\/Date(1415401200000+0100)\/","d_MatchDayEnd":"\/Date(1415401200000+0100)\/","b_Current":false,"n_WeekID":20141104},{"n_EditionID":21401,"n_MatchDayStart":20141109,"n_MatchDayEnd":20141109,"d_MatchDayStart":"\/Date(1415487600000+0100)\/","d_MatchDayEnd":"\/Date(1415487600000+0100)\/","b_Current":false,"n_WeekID":20141104},{"n_EditionID":21401,"n_MatchDayStart":20141121,"n_MatchDayEnd":20141121,"d_MatchDayStart":"\/Date(1416524400000+0100)\/","d_MatchDayEnd":"\/Date(1416524400000+0100)\/","b_Current":false,"n_WeekID":20141118},{"n_EditionID":21401,"n_MatchDayStart":20141122,"n_MatchDayEnd":20141122,"d_MatchDayStart":"\/Date(1416610800000+0100)\/","d_MatchDayEnd":"\/Date(1416610800000+0100)\/","b_Current":false,"n_WeekID":20141118},{"n_EditionID":21401,"n_MatchDayStart":20141123,"n_MatchDayEnd":20141123,"d_MatchDayStart":"\/Date(1416697200000+0100)\/","d_MatchDayEnd":"\/Date(1416697200000+0100)\/","b_Current":false,"n_WeekID":20141118},{"n_EditionID":21401,"n_MatchDayStart":20141124,"n_MatchDayEnd":20141124,"d_MatchDayStart":"\/Date(1416783600000+0100)\/","d_MatchDayEnd":"\/Date(1416783600000+0100)\/","b_Current":false,"n_WeekID":20141118},{"n_EditionID":21401,"n_MatchDayStart":20141128,"n_MatchDayEnd":20141128,"d_MatchDayStart":"\/Date(1417129200000+0100)\/","d_MatchDayEnd":"\/Date(1417129200000+0100)\/","b_Current":false,"n_WeekID":20141125},{"n_EditionID":21401,"n_MatchDayStart":20141201,"n_MatchDayEnd":20141201,"d_MatchDayStart":"\/Date(1417388400000+0100)\/","d_MatchDayEnd":"\/Date(1417388400000+0100)\/","b_Current":false,"n_WeekID":20141125},{"n_EditionID":21401,"n_MatchDayStart":20141202,"n_MatchDayEnd":20141202,"d_MatchDayStart":"\/Date(1417474800000+0100)\/","d_MatchDayEnd":"\/Date(1417474800000+0100)\/","b_Current":false,"n_WeekID":20141202},{"n_EditionID":21401,"n_MatchDayStart":20141206,"n_MatchDayEnd":20141206,"d_MatchDayStart":"\/Date(1417820400000+0100)\/","d_MatchDayEnd":"\/Date(1417820400000+0100)\/","b_Current":false,"n_WeekID":20141202},{"n_EditionID":21401,"n_MatchDayStart":20141207,"n_MatchDayEnd":20141207,"d_MatchDayStart":"\/Date(1417906800000+0100)\/","d_MatchDayEnd":"\/Date(1417906800000+0100)\/","b_Current":false,"n_WeekID":20141202},{"n_EditionID":21401,"n_MatchDayStart":20141208,"n_MatchDayEnd":20141208,"d_MatchDayStart":"\/Date(1417993200000+0100)\/","d_MatchDayEnd":"\/Date(1417993200000+0100)\/","b_Current":false,"n_WeekID":20141202},{"n_EditionID":21401,"n_MatchDayStart":20141212,"n_MatchDayEnd":20141212,"d_MatchDayStart":"\/Date(1418338800000+0100)\/","d_MatchDayEnd":"\/Date(1418338800000+0100)\/","b_Current":false,"n_WeekID":20141209},{"n_EditionID":21401,"n_MatchDayStart":20141213,"n_MatchDayEnd":20141213,"d_MatchDayStart":"\/Date(1418425200000+0100)\/","d_MatchDayEnd":"\/Date(1418425200000+0100)\/","b_Current":false,"n_WeekID":20141209},{"n_EditionID":21401,"n_MatchDayStart":20141219,"n_MatchDayEnd":20141219,"d_MatchDayStart":"\/Date(1418943600000+0100)\/","d_MatchDayEnd":"\/Date(1418943600000+0100)\/","b_Current":false,"n_WeekID":20141216},{"n_EditionID":21401,"n_MatchDayStart":20141220,"n_MatchDayEnd":20141220,"d_MatchDayStart":"\/Date(1419030000000+0100)\/","d_MatchDayEnd":"\/Date(1419030000000+0100)\/","b_Current":false,"n_WeekID":20141216},{"n_EditionID":21401,"n_MatchDayStart":20141221,"n_MatchDayEnd":20141221,"d_MatchDayStart":"\/Date(1419116400000+0100)\/","d_MatchDayEnd":"\/Date(1419116400000+0100)\/","b_Current":false,"n_WeekID":20141216},{"n_EditionID":21401,"n_MatchDayStart":20150116,"n_MatchDayEnd":20150116,"d_MatchDayStart":"\/Date(1421362800000+0100)\/","d_MatchDayEnd":"\/Date(1421362800000+0100)\/","b_Current":false,"n_WeekID":20150113},{"n_EditionID":21401,"n_MatchDayStart":20150117,"n_MatchDayEnd":20150117,"d_MatchDayStart":"\/Date(1421449200000+0100)\/","d_MatchDayEnd":"\/Date(1421449200000+0100)\/","b_Current":false,"n_WeekID":20150113},{"n_EditionID":21401,"n_MatchDayStart":20150119,"n_MatchDayEnd":20150119,"d_MatchDayStart":"\/Date(1421622000000+0100)\/","d_MatchDayEnd":"\/Date(1421622000000+0100)\/","b_Current":false,"n_WeekID":20150113},{"n_EditionID":21401,"n_MatchDayStart":20150123,"n_MatchDayEnd":20150123,"d_MatchDayStart":"\/Date(1421967600000+0100)\/","d_MatchDayEnd":"\/Date(1421967600000+0100)\/","b_Current":false,"n_WeekID":20150120},{"n_EditionID":21401,"n_MatchDayStart":20150125,"n_MatchDayEnd":20150125,"d_MatchDayStart":"\/Date(1422140400000+0100)\/","d_MatchDayEnd":"\/Date(1422140400000+0100)\/","b_Current":false,"n_WeekID":20150120},{"n_EditionID":21401,"n_MatchDayStart":20150126,"n_MatchDayEnd":20150126,"d_MatchDayStart":"\/Date(1422226800000+0100)\/","d_MatchDayEnd":"\/Date(1422226800000+0100)\/","b_Current":false,"n_WeekID":20150120},{"n_EditionID":21401,"n_MatchDayStart":20150127,"n_MatchDayEnd":20150127,"d_MatchDayStart":"\/Date(1422313200000+0100)\/","d_MatchDayEnd":"\/Date(1422313200000+0100)\/","b_Current":false,"n_WeekID":20150127},{"n_EditionID":21401,"n_MatchDayStart":20150130,"n_MatchDayEnd":20150130,"d_MatchDayStart":"\/Date(1422572400000+0100)\/","d_MatchDayEnd":"\/Date(1422572400000+0100)\/","b_Current":true,"n_WeekID":20150127},{"n_EditionID":21401,"n_MatchDayStart":20150131,"n_MatchDayEnd":20150131,"d_MatchDayStart":"\/Date(1422658800000+0100)\/","d_MatchDayEnd":"\/Date(1422658800000+0100)\/","b_Current":false,"n_WeekID":20150127},{"n_EditionID":21401,"n_MatchDayStart":20150201,"n_MatchDayEnd":20150201,"d_MatchDayStart":"\/Date(1422745200000+0100)\/","d_MatchDayEnd":"\/Date(1422745200000+0100)\/","b_Current":false,"n_WeekID":20150127},{"n_EditionID":21401,"n_MatchDayStart":20150202,"n_MatchDayEnd":20150202,"d_MatchDayStart":"\/Date(1422831600000+0100)\/","d_MatchDayEnd":"\/Date(1422831600000+0100)\/","b_Current":false,"n_WeekID":20150127},{"n_EditionID":21401,"n_MatchDayStart":20150206,"n_MatchDayEnd":20150206,"d_MatchDayStart":"\/Date(1423177200000+0100)\/","d_MatchDayEnd":"\/Date(1423177200000+0100)\/","b_Current":false,"n_WeekID":20150203},{"n_EditionID":21401,"n_MatchDayStart":20150209,"n_MatchDayEnd":20150209,"d_MatchDayStart":"\/Date(1423436400000+0100)\/","d_MatchDayEnd":"\/Date(1423436400000+0100)\/","b_Current":false,"n_WeekID":20150203},{"n_EditionID":21401,"n_MatchDayStart":20150213,"n_MatchDayEnd":20150213,"d_MatchDayStart":"\/Date(1423782000000+0100)\/","d_MatchDayEnd":"\/Date(1423782000000+0100)\/","b_Current":false,"n_WeekID":20150210},{"n_EditionID":21401,"n_MatchDayStart":20150214,"n_MatchDayEnd":20150214,"d_MatchDayStart":"\/Date(1423868400000+0100)\/","d_MatchDayEnd":"\/Date(1423868400000+0100)\/","b_Current":false,"n_WeekID":20150210},{"n_EditionID":21401,"n_MatchDayStart":20150215,"n_MatchDayEnd":20150215,"d_MatchDayStart":"\/Date(1423954800000+0100)\/","d_MatchDayEnd":"\/Date(1423954800000+0100)\/","b_Current":false,"n_WeekID":20150210},{"n_EditionID":21401,"n_MatchDayStart":20150216,"n_MatchDayEnd":20150216,"d_MatchDayStart":"\/Date(1424041200000+0100)\/","d_MatchDayEnd":"\/Date(1424041200000+0100)\/","b_Current":false,"n_WeekID":20150210},{"n_EditionID":21401,"n_MatchDayStart":20150220,"n_MatchDayEnd":20150220,"d_MatchDayStart":"\/Date(1424386800000+0100)\/","d_MatchDayEnd":"\/Date(1424386800000+0100)\/","b_Current":false,"n_WeekID":20150217},{"n_EditionID":21401,"n_MatchDayStart":20150221,"n_MatchDayEnd":20150221,"d_MatchDayStart":"\/Date(1424473200000+0100)\/","d_MatchDayEnd":"\/Date(1424473200000+0100)\/","b_Current":false,"n_WeekID":20150217},{"n_EditionID":21401,"n_MatchDayStart":20150222,"n_MatchDayEnd":20150222,"d_MatchDayStart":"\/Date(1424559600000+0100)\/","d_MatchDayEnd":"\/Date(1424559600000+0100)\/","b_Current":false,"n_WeekID":20150217},{"n_EditionID":21401,"n_MatchDayStart":20150223,"n_MatchDayEnd":20150223,"d_MatchDayStart":"\/Date(1424646000000+0100)\/","d_MatchDayEnd":"\/Date(1424646000000+0100)\/","b_Current":false,"n_WeekID":20150217},{"n_EditionID":21401,"n_MatchDayStart":20150227,"n_MatchDayEnd":20150227,"d_MatchDayStart":"\/Date(1424991600000+0100)\/","d_MatchDayEnd":"\/Date(1424991600000+0100)\/","b_Current":false,"n_WeekID":20150224},{"n_EditionID":21401,"n_MatchDayStart":20150306,"n_MatchDayEnd":20150306,"d_MatchDayStart":"\/Date(1425596400000+0100)\/","d_MatchDayEnd":"\/Date(1425596400000+0100)\/","b_Current":false,"n_WeekID":20150303},{"n_EditionID":21401,"n_MatchDayStart":20150307,"n_MatchDayEnd":20150307,"d_MatchDayStart":"\/Date(1425682800000+0100)\/","d_MatchDayEnd":"\/Date(1425682800000+0100)\/","b_Current":false,"n_WeekID":20150303},{"n_EditionID":21401,"n_MatchDayStart":20150308,"n_MatchDayEnd":20150308,"d_MatchDayStart":"\/Date(1425769200000+0100)\/","d_MatchDayEnd":"\/Date(1425769200000+0100)\/","b_Current":false,"n_WeekID":20150303},{"n_EditionID":21401,"n_MatchDayStart":20150309,"n_MatchDayEnd":20150309,"d_MatchDayStart":"\/Date(1425855600000+0100)\/","d_MatchDayEnd":"\/Date(1425855600000+0100)\/","b_Current":false,"n_WeekID":20150303},{"n_EditionID":21401,"n_MatchDayStart":20150313,"n_MatchDayEnd":20150313,"d_MatchDayStart":"\/Date(1426201200000+0100)\/","d_MatchDayEnd":"\/Date(1426201200000+0100)\/","b_Current":false,"n_WeekID":20150310},{"n_EditionID":21401,"n_MatchDayStart":20150316,"n_MatchDayEnd":20150316,"d_MatchDayStart":"\/Date(1426460400000+0100)\/","d_MatchDayEnd":"\/Date(1426460400000+0100)\/","b_Current":false,"n_WeekID":20150310},{"n_EditionID":21401,"n_MatchDayStart":20150320,"n_MatchDayEnd":20150320,"d_MatchDayStart":"\/Date(1426806000000+0100)\/","d_MatchDayEnd":"\/Date(1426806000000+0100)\/","b_Current":false,"n_WeekID":20150317},{"n_EditionID":21401,"n_MatchDayStart":20150321,"n_MatchDayEnd":20150321,"d_MatchDayStart":"\/Date(1426892400000+0100)\/","d_MatchDayEnd":"\/Date(1426892400000+0100)\/","b_Current":false,"n_WeekID":20150317},{"n_EditionID":21401,"n_MatchDayStart":20150403,"n_MatchDayEnd":20150403,"d_MatchDayStart":"\/Date(1428012000000+0200)\/","d_MatchDayEnd":"\/Date(1428012000000+0200)\/","b_Current":false,"n_WeekID":20150331},{"n_EditionID":21401,"n_MatchDayStart":20150406,"n_MatchDayEnd":20150406,"d_MatchDayStart":"\/Date(1428271200000+0200)\/","d_MatchDayEnd":"\/Date(1428271200000+0200)\/","b_Current":false,"n_WeekID":20150331},{"n_EditionID":21401,"n_MatchDayStart":20150407,"n_MatchDayEnd":20150407,"d_MatchDayStart":"\/Date(1428357600000+0200)\/","d_MatchDayEnd":"\/Date(1428357600000+0200)\/","b_Current":false,"n_WeekID":20150407},{"n_EditionID":21401,"n_MatchDayStart":20150410,"n_MatchDayEnd":20150410,"d_MatchDayStart":"\/Date(1428616800000+0200)\/","d_MatchDayEnd":"\/Date(1428616800000+0200)\/","b_Current":false,"n_WeekID":20150407},{"n_EditionID":21401,"n_MatchDayStart":20150411,"n_MatchDayEnd":20150411,"d_MatchDayStart":"\/Date(1428703200000+0200)\/","d_MatchDayEnd":"\/Date(1428703200000+0200)\/","b_Current":false,"n_WeekID":20150407},{"n_EditionID":21401,"n_MatchDayStart":20150412,"n_MatchDayEnd":20150412,"d_MatchDayStart":"\/Date(1428789600000+0200)\/","d_MatchDayEnd":"\/Date(1428789600000+0200)\/","b_Current":false,"n_WeekID":20150407},{"n_EditionID":21401,"n_MatchDayStart":20150413,"n_MatchDayEnd":20150413,"d_MatchDayStart":"\/Date(1428876000000+0200)\/","d_MatchDayEnd":"\/Date(1428876000000+0200)\/","b_Current":false,"n_WeekID":20150407},{"n_EditionID":21401,"n_MatchDayStart":20150417,"n_MatchDayEnd":20150417,"d_MatchDayStart":"\/Date(1429221600000+0200)\/","d_MatchDayEnd":"\/Date(1429221600000+0200)\/","b_Current":false,"n_WeekID":20150414},{"n_EditionID":21401,"n_MatchDayStart":20150418,"n_MatchDayEnd":20150418,"d_MatchDayStart":"\/Date(1429308000000+0200)\/","d_MatchDayEnd":"\/Date(1429308000000+0200)\/","b_Current":false,"n_WeekID":20150414},{"n_EditionID":21401,"n_MatchDayStart":20150419,"n_MatchDayEnd":20150419,"d_MatchDayStart":"\/Date(1429394400000+0200)\/","d_MatchDayEnd":"\/Date(1429394400000+0200)\/","b_Current":false,"n_WeekID":20150414},{"n_EditionID":21401,"n_MatchDayStart":20150420,"n_MatchDayEnd":20150420,"d_MatchDayStart":"\/Date(1429480800000+0200)\/","d_MatchDayEnd":"\/Date(1429480800000+0200)\/","b_Current":false,"n_WeekID":20150414},{"n_EditionID":21401,"n_MatchDayStart":20150424,"n_MatchDayEnd":20150424,"d_MatchDayStart":"\/Date(1429826400000+0200)\/","d_MatchDayEnd":"\/Date(1429826400000+0200)\/","b_Current":false,"n_WeekID":20150421},{"n_EditionID":21401,"n_MatchDayStart":20150501,"n_MatchDayEnd":20150501,"d_MatchDayStart":"\/Date(1430431200000+0200)\/","d_MatchDayEnd":"\/Date(1430431200000+0200)\/","b_Current":false,"n_WeekID":20150428},{"n_EditionID":21401,"n_MatchDayStart":20150508,"n_MatchDayEnd":20150508,"d_MatchDayStart":"\/Date(1431036000000+0200)\/","d_MatchDayEnd":"\/Date(1431036000000+0200)\/","b_Current":false,"n_WeekID":20150505}]