﻿[{"n_EditionID":21354,"n_MatchDayStart":20141008,"n_MatchDayEnd":20141009,"d_MatchDayStart":"\/Date(1412719200000+0200)\/","d_MatchDayEnd":"\/Date(1412805600000+0200)\/","b_Current":false,"n_WeekID":20141007},{"n_EditionID":21354,"n_MatchDayStart":20141015,"n_MatchDayEnd":20141016,"d_MatchDayStart":"\/Date(1413324000000+0200)\/","d_MatchDayEnd":"\/Date(1413410400000+0200)\/","b_Current":false,"n_WeekID":20141014},{"n_EditionID":21354,"n_MatchDayStart":20141108,"n_MatchDayEnd":20141109,"d_MatchDayStart":"\/Date(1415401200000+0100)\/","d_MatchDayEnd":"\/Date(1415487600000+0100)\/","b_Current":false,"n_WeekID":20141104},{"n_EditionID":21354,"n_MatchDayStart":20141112,"n_MatchDayEnd":20141113,"d_MatchDayStart":"\/Date(1415746800000+0100)\/","d_MatchDayEnd":"\/Date(1415833200000+0100)\/","b_Current":false,"n_WeekID":20141111},{"n_EditionID":21354,"n_MatchDayStart":20150321,"n_MatchDayEnd":20150322,"d_MatchDayStart":"\/Date(1426892400000+0100)\/","d_MatchDayEnd":"\/Date(1426978800000+0100)\/","b_Current":true,"n_WeekID":20150317},{"n_EditionID":21354,"n_MatchDayStart":20150328,"n_MatchDayEnd":20150329,"d_MatchDayStart":"\/Date(1427497200000+0100)\/","d_MatchDayEnd":"\/Date(1427583600000+0100)\/","b_Current":false,"n_WeekID":20150324},{"n_EditionID":21354,"n_MatchDayStart":20150418,"n_MatchDayEnd":20150418,"d_MatchDayStart":"\/Date(1429308000000+0200)\/","d_MatchDayEnd":"\/Date(1429308000000+0200)\/","b_Current":false,"n_WeekID":20150414},{"n_EditionID":21354,"n_MatchDayStart":20150426,"n_MatchDayEnd":20150426,"d_MatchDayStart":"\/Date(1429999200000+0200)\/","d_MatchDayEnd":"\/Date(1429999200000+0200)\/","b_Current":false,"n_WeekID":20150421},{"n_EditionID":21354,"n_MatchDayStart":20150514,"n_MatchDayEnd":20150514,"d_MatchDayStart":"\/Date(1431554400000+0200)\/","d_MatchDayEnd":"\/Date(1431554400000+0200)\/","b_Current":false,"n_WeekID":20150512}]