﻿[{"n_CompetitionID":2,"n_CompetitionLevel":1,"c_Competition":"Eredivisie","c_CompetitionShort":"Ere","n_CompetitionNatioGeoID":2201,"c_CompetitionNatio":"Nederland","c_CompetitionNatioShort":"NED","n_EditionID":21399,"c_Season":"2014\/2015","n_MatchID":1880848,"d_Date":"\/Date(1411915500000+0200)\/","d_DateLocal":"\/Date(1411915500000+0200)\/","d_DateUTC":"\/Date(1411908300000+0200)\/","b_DateUnknown":false,"b_TimeUnknown":false,"b_RescheduledToBeResumed":false,"n_RoundNr":7,"n_PhaseID":109277,"n_PhaseLevel":1,"c_Phase":"Regulier","c_PhaseShort":null,"n_HomeTeamID":7,"c_HomeTeam":"sc Heerenveen","c_HomeTeamShort":"HEE","n_HomeTeamNatioGeoID":2201,"c_HomeTeamNatio":"Nederland","c_HomeTeamNatioShort":"NED","n_AwayTeamID":11,"c_AwayTeam":"PSV","c_AwayTeamShort":"PSV","n_AwayTeamNatioGeoID":2201,"c_AwayTeamNatio":"Nederland","c_AwayTeamNatioShort":"NED","n_StadiumGeoID":4931,"c_Stadium":"Abe Lenstra stadion","n_CityGeoID":4586,"c_City":"Heerenveen","n_CountryGeoID":2201,"c_Country":"Nederland","c_CountryShort":"NED","c_Score":"1-0 (0-0) ","c_ScoreSuffix":null,"c_HomeTactics":"4-2-1-3","c_AwayTactics":"4-3-3","n_HomeGoals":1,"n_AwayGoals":0,"n_HomeGoalsHalftime":0,"n_AwayGoalsHalftime":0,"n_HomeGoals90mins":null,"n_AwayGoals90mins":null,"n_HomeGoals105mins":null,"n_AwayGoals105mins":null,"n_HomeGoalsShootout":null,"n_AwayGoalsShootout":null,"n_PeriodSort":11,"d_MatchStartTime":"\/Date(1411915539077+0200)\/","d_MatchEndTime":"\/Date(1411922249237+0200)\/","d_CurrentPeriodStartTime":null,"n_CurrentPeriodTimeNotPlayed":null,"n_CurrentPeriodTimePlayed":null,"n_MatchStatusCode":128,"c_MatchStatus":"Einde wedstrijd","c_MatchStatusShort":"EW","b_Started":true,"b_Live":false,"b_Finished":true,"b_Awarded":false,"b_Delayed":false,"b_Postponed":false,"b_Suspended":false,"b_Abandoned":false,"n_RefereeID":294308,"c_Referee":"Kevin Blom","n_RefereeNatioGeoID":2201,"c_RefereeNatio":"Nederland","c_RefereeNatioShort":"NED","n_Spectators":25632,"n_KnockoutPhaseID":null,"n_Leg":null,"c_ScoreFirstLeg":null,"n_WinnerOnAggregateTeamID":null,"b_DataEntryLiveScore":true,"b_DataEntryLiveGoal":true,"b_DataEntryLiveLineup":true,"b_LineupProvisional":false,"b_LineupOfficial":true,"b_TacticsPositions":true,"n_WeatherConditionType":3}]