﻿[{"n_ActionID":12808455,"n_ActionCode":4,"n_ActionCode2":2097152,"n_ActionCode3":132,"n_ActionSet":1,"n_ActionSort":1,"c_Action":"Doelpunt","c_ActionShort":"D","n_PeriodSort":2,"c_Period":"Eerste helft","c_PeriodShort":"1H","n_ActionTime":2303000,"n_HomeGoals":0,"n_AwayGoals":1,"n_HomeOrAway":-1,"n_TeamID":11,"c_Team":"PSV","c_TeamShort":"PSV","n_PersonID":664067,"c_Person":"Georginio Wijnaldum","c_PersonSort":"Wijnaldum, Georginio","c_PersonShort":"Wijnaldum","n_PersonNatioGeoID":2201,"c_PersonNatio":"Nederland","c_PersonNatioShort":"NED","n_TeamNatioGeoID":2201,"c_TeamNatio":"Nederland","c_TeamNatioShort":"NED","n_ActionReasonID":37,"c_ActionReason":"Assist","c_ActionInfo":"Kopbal","n_SubPersonID":911639,"c_SubPerson":"Jetro Willems","c_SubPersonShort":"Willems","c_ActionMinute":"39'"},{"n_ActionID":12809069,"n_ActionCode":4,"n_ActionCode2":0,"n_ActionCode3":67239940,"n_ActionSet":1,"n_ActionSort":2,"c_Action":"Doelpunt","c_ActionShort":"D","n_PeriodSort":4,"c_Period":"Tweede helft","c_PeriodShort":"2H","n_ActionTime":4390000,"n_HomeGoals":0,"n_AwayGoals":2,"n_HomeOrAway":-1,"n_TeamID":11,"c_Team":"PSV","c_TeamShort":"PSV","n_PersonID":970679,"c_Person":"Memphis Depay","c_PersonSort":"Depay, Memphis","c_PersonShort":"Depay","n_PersonNatioGeoID":2201,"c_PersonNatio":"Nederland","c_PersonNatioShort":"NED","n_TeamNatioGeoID":2201,"c_TeamNatio":"Nederland","c_TeamNatioShort":"NED","n_ActionReasonID":37,"c_ActionReason":"Assist","c_ActionInfo":"Kopbal","n_SubPersonID":857345,"c_SubPerson":"Santiago Arias","c_SubPersonShort":"Arias","c_ActionMinute":"74'"},{"n_ActionID":12809404,"n_ActionCode":1028,"n_ActionCode2":2097152,"n_ActionCode3":258,"n_ActionSet":1,"n_ActionSort":3,"c_Action":"Doelpunt","c_ActionShort":"D","n_PeriodSort":4,"c_Period":"Tweede helft","c_PeriodShort":"2H","n_ActionTime":5510000,"n_HomeGoals":1,"n_AwayGoals":2,"n_HomeOrAway":1,"n_TeamID":71,"c_Team":"SC Cambuur","c_TeamShort":"CAM","n_PersonID":451618,"c_Person":"Daniel de Ridder","c_PersonSort":"De Ridder, Daniel","c_PersonShort":"de Ridder","n_PersonNatioGeoID":2201,"c_PersonNatio":"Nederland","c_PersonNatioShort":"NED","n_TeamNatioGeoID":2201,"c_TeamNatio":"Nederland","c_TeamNatioShort":"NED","n_ActionReasonID":86,"c_ActionReason":"Vrije trap","c_ActionInfo":"Rechtervoet","n_SubPersonID":null,"c_SubPerson":"","c_SubPersonShort":"","c_ActionMinute":"90'+2'"}]