﻿[{"n_ActionID":12823533,"n_ActionCode":4,"n_ActionCode2":0,"n_ActionCode3":0,"n_ActionSet":1,"n_ActionSort":1,"c_Action":"Goal","c_ActionShort":"G","n_PeriodSort":2,"c_Period":"First half","c_PeriodShort":"1H","n_ActionTime":null,"n_HomeGoals":0,"n_AwayGoals":1,"n_HomeOrAway":-1,"n_TeamID":59,"c_Team":"FC Emmen","c_TeamShort":"EMM","n_PersonID":0,"c_Person":"","c_PersonSort":"","c_PersonShort":"","n_PersonNatioGeoID":0,"c_PersonNatio":null,"c_PersonNatioShort":null,"n_TeamNatioGeoID":2201,"c_TeamNatio":"Netherlands","c_TeamNatioShort":"NED","n_ActionReasonID":0,"c_ActionReason":null,"c_ActionInfo":null,"n_SubPersonID":null,"c_SubPerson":"","c_SubPersonShort":"","c_ActionMinute":null},{"n_ActionID":12823532,"n_ActionCode":4,"n_ActionCode2":0,"n_ActionCode3":0,"n_ActionSet":1,"n_ActionSort":2,"c_Action":"Goal","c_ActionShort":"G","n_PeriodSort":2,"c_Period":"First half","c_PeriodShort":"1H","n_ActionTime":1920000,"n_HomeGoals":1,"n_AwayGoals":1,"n_HomeOrAway":1,"n_TeamID":91,"c_Team":"Excelsior Maassluis","c_TeamShort":"EXM","n_PersonID":597171,"c_Person":"Kevin Vink","c_PersonSort":"Vink, Kevin","c_PersonShort":"Vink","n_PersonNatioGeoID":2201,"c_PersonNatio":"Netherlands","c_PersonNatioShort":"NED","n_TeamNatioGeoID":2201,"c_TeamNatio":"Netherlands","c_TeamNatioShort":"NED","n_ActionReasonID":0,"c_ActionReason":null,"c_ActionInfo":null,"n_SubPersonID":null,"c_SubPerson":"","c_SubPersonShort":"","c_ActionMinute":"32'"},{"n_ActionID":12823534,"n_ActionCode":4,"n_ActionCode2":0,"n_ActionCode3":0,"n_ActionSet":1,"n_ActionSort":3,"c_Action":"Goal","c_ActionShort":"G","n_PeriodSort":4,"c_Period":"Second half","c_PeriodShort":"2H","n_ActionTime":null,"n_HomeGoals":1,"n_AwayGoals":2,"n_HomeOrAway":-1,"n_TeamID":59,"c_Team":"FC Emmen","c_TeamShort":"EMM","n_PersonID":0,"c_Person":"","c_PersonSort":"","c_PersonShort":"","n_PersonNatioGeoID":0,"c_PersonNatio":null,"c_PersonNatioShort":null,"n_TeamNatioGeoID":2201,"c_TeamNatio":"Netherlands","c_TeamNatioShort":"NED","n_ActionReasonID":0,"c_ActionReason":null,"c_ActionInfo":null,"n_SubPersonID":null,"c_SubPerson":"","c_SubPersonShort":"","c_ActionMinute":null},{"n_ActionID":12823535,"n_ActionCode":4,"n_ActionCode2":0,"n_ActionCode3":0,"n_ActionSet":1,"n_ActionSort":4,"c_Action":"Goal","c_ActionShort":"G","n_PeriodSort":4,"c_Period":"Second half","c_PeriodShort":"2H","n_ActionTime":null,"n_HomeGoals":1,"n_AwayGoals":3,"n_HomeOrAway":-1,"n_TeamID":59,"c_Team":"FC Emmen","c_TeamShort":"EMM","n_PersonID":0,"c_Person":"","c_PersonSort":"","c_PersonShort":"","n_PersonNatioGeoID":0,"c_PersonNatio":null,"c_PersonNatioShort":null,"n_TeamNatioGeoID":2201,"c_TeamNatio":"Netherlands","c_TeamNatioShort":"NED","n_ActionReasonID":0,"c_ActionReason":null,"c_ActionInfo":null,"n_SubPersonID":null,"c_SubPerson":"","c_SubPersonShort":"","c_ActionMinute":null},{"n_ActionID":12823536,"n_ActionCode":4,"n_ActionCode2":0,"n_ActionCode3":0,"n_ActionSet":1,"n_ActionSort":5,"c_Action":"Goal","c_ActionShort":"G","n_PeriodSort":4,"c_Period":"Second half","c_PeriodShort":"2H","n_ActionTime":null,"n_HomeGoals":1,"n_AwayGoals":4,"n_HomeOrAway":-1,"n_TeamID":59,"c_Team":"FC Emmen","c_TeamShort":"EMM","n_PersonID":0,"c_Person":"","c_PersonSort":"","c_PersonShort":"","n_PersonNatioGeoID":0,"c_PersonNatio":null,"c_PersonNatioShort":null,"n_TeamNatioGeoID":2201,"c_TeamNatio":"Netherlands","c_TeamNatioShort":"NED","n_ActionReasonID":0,"c_ActionReason":null,"c_ActionInfo":null,"n_SubPersonID":null,"c_SubPerson":"","c_SubPersonShort":"","c_ActionMinute":null}]