﻿[{"n_ActionID":12047637,"n_ActionCode":2048,"n_ActionCode2":0,"n_ActionCode3":0,"n_ActionSet":3,"n_ActionSort":1,"c_Action":"Yellow","c_ActionShort":"Y","n_PeriodSort":4,"c_Period":"Second half","c_PeriodShort":"2H","n_ActionTime":5100000,"n_HomeGoals":1,"n_AwayGoals":3,"n_HomeOrAway":-1,"n_TeamID":11,"c_Team":"PSV","c_TeamShort":"PSV","n_PersonID":802770,"c_Person":"Jeffrey Bruma","c_PersonSort":"Bruma, Jeffrey","c_PersonShort":"Bruma","n_PersonNatioGeoID":2201,"c_PersonNatio":"Netherlands","c_PersonNatioShort":"NED","n_TeamNatioGeoID":2201,"c_TeamNatio":"Netherlands","c_TeamNatioShort":"NED","n_ActionReasonID":0,"c_ActionReason":null,"c_ActionInfo":null,"n_SubPersonID":null,"c_SubPerson":null,"c_SubPersonShort":null,"c_ActionMinute":"85'"},{"n_ActionID":12047654,"n_ActionCode":2048,"n_ActionCode2":0,"n_ActionCode3":0,"n_ActionSet":3,"n_ActionSort":2,"c_Action":"Yellow","c_ActionShort":"Y","n_PeriodSort":4,"c_Period":"Second half","c_PeriodShort":"2H","n_ActionTime":5520000,"n_HomeGoals":2,"n_AwayGoals":3,"n_HomeOrAway":1,"n_TeamID":102986,"c_Team":"SKN St. Pölten","c_TeamShort":"SKN","n_PersonID":585687,"c_Person":"Manuel Hartl","c_PersonSort":"Hartl, Manuel","c_PersonShort":"Hartl","n_PersonNatioGeoID":2219,"c_PersonNatio":"Austria","c_PersonNatioShort":"AUT","n_TeamNatioGeoID":2219,"c_TeamNatio":"Austria","c_TeamNatioShort":"AUT","n_ActionReasonID":0,"c_ActionReason":null,"c_ActionInfo":null,"n_SubPersonID":null,"c_SubPerson":null,"c_SubPersonShort":null,"c_ActionMinute":"90'+2'"}]