﻿[{"n_ActionID":12584598,"n_ActionCode":0,"n_ActionCode2":1024,"n_ActionCode3":0,"n_ActionSet":16,"n_ActionSort":1,"c_Action":"Aftrap","c_ActionShort":"Begin","n_PeriodSort":2,"c_Period":"Eerste helft","c_PeriodShort":"1H","n_ActionTime":0,"n_HomeGoals":0,"n_AwayGoals":0,"n_HomeOrAway":0,"n_TeamID":0,"c_Team":"","c_TeamShort":"","n_PersonID":0,"c_Person":"","c_PersonSort":"","c_PersonShort":"","n_PersonNatioGeoID":0,"c_PersonNatio":null,"c_PersonNatioShort":null,"n_TeamNatioGeoID":null,"c_TeamNatio":null,"c_TeamNatioShort":null,"n_ActionReasonID":0,"c_ActionReason":null,"c_ActionInfo":null,"n_SubPersonID":null,"c_SubPerson":"","c_SubPersonShort":"","c_ActionMinute":"0'"},{"n_ActionID":12584606,"n_ActionCode":4,"n_ActionCode2":0,"n_ActionCode3":0,"n_ActionSet":1,"n_ActionSort":2,"c_Action":"Doelpunt","c_ActionShort":"D","n_PeriodSort":2,"c_Period":"Eerste helft","c_PeriodShort":"1H","n_ActionTime":360000,"n_HomeGoals":0,"n_AwayGoals":1,"n_HomeOrAway":-1,"n_TeamID":11,"c_Team":"PSV","c_TeamShort":"PSV","n_PersonID":970679,"c_Person":"Memphis Depay","c_PersonSort":"Depay, Memphis","c_PersonShort":"Depay","n_PersonNatioGeoID":2201,"c_PersonNatio":"Nederland","c_PersonNatioShort":"NED","n_TeamNatioGeoID":2201,"c_TeamNatio":"Nederland","c_TeamNatioShort":"NED","n_ActionReasonID":0,"c_ActionReason":null,"c_ActionInfo":null,"n_SubPersonID":null,"c_SubPerson":"","c_SubPersonShort":"","c_ActionMinute":"6'"},{"n_ActionID":12584608,"n_ActionCode":4,"n_ActionCode2":0,"n_ActionCode3":0,"n_ActionSet":1,"n_ActionSort":3,"c_Action":"Doelpunt","c_ActionShort":"D","n_PeriodSort":2,"c_Period":"Eerste helft","c_PeriodShort":"1H","n_ActionTime":720000,"n_HomeGoals":1,"n_AwayGoals":1,"n_HomeOrAway":1,"n_TeamID":103013,"c_Team":"GD Estoril Praia","c_TeamShort":"EST","n_PersonID":1131535,"c_Person":"Tozé","c_PersonSort":"Tozé","c_PersonShort":"Tozé","n_PersonNatioGeoID":2223,"c_PersonNatio":"Portugal","c_PersonNatioShort":"POR","n_TeamNatioGeoID":2223,"c_TeamNatio":"Portugal","c_TeamNatioShort":"POR","n_ActionReasonID":0,"c_ActionReason":null,"c_ActionInfo":null,"n_SubPersonID":null,"c_SubPerson":"","c_SubPersonShort":"","c_ActionMinute":"12'"},{"n_ActionID":12584609,"n_ActionCode":4,"n_ActionCode2":0,"n_ActionCode3":0,"n_ActionSet":1,"n_ActionSort":4,"c_Action":"Doelpunt","c_ActionShort":"D","n_PeriodSort":2,"c_Period":"Eerste helft","c_PeriodShort":"1H","n_ActionTime":840000,"n_HomeGoals":1,"n_AwayGoals":2,"n_HomeOrAway":-1,"n_TeamID":11,"c_Team":"PSV","c_TeamShort":"PSV","n_PersonID":753369,"c_Person":"Luciano Narsingh","c_PersonSort":"Narsingh, Luciano","c_PersonShort":"Narsingh","n_PersonNatioGeoID":2201,"c_PersonNatio":"Nederland","c_PersonNatioShort":"NED","n_TeamNatioGeoID":2201,"c_TeamNatio":"Nederland","c_TeamNatioShort":"NED","n_ActionReasonID":0,"c_ActionReason":null,"c_ActionInfo":null,"n_SubPersonID":null,"c_SubPerson":"","c_SubPersonShort":"","c_ActionMinute":"14'"},{"n_ActionID":12584623,"n_ActionCode":4,"n_ActionCode2":0,"n_ActionCode3":0,"n_ActionSet":1,"n_ActionSort":5,"c_Action":"Doelpunt","c_ActionShort":"D","n_PeriodSort":2,"c_Period":"Eerste helft","c_PeriodShort":"1H","n_ActionTime":1800000,"n_HomeGoals":2,"n_AwayGoals":2,"n_HomeOrAway":1,"n_TeamID":103013,"c_Team":"GD Estoril Praia","c_TeamShort":"EST","n_PersonID":1302365,"c_Person":"Kuca","c_PersonSort":"Kuca","c_PersonShort":"Kuca","n_PersonNatioGeoID":6593,"c_PersonNatio":"Kaapverdië","c_PersonNatioShort":"KPV","n_TeamNatioGeoID":2223,"c_TeamNatio":"Portugal","c_TeamNatioShort":"POR","n_ActionReasonID":0,"c_ActionReason":null,"c_ActionInfo":null,"n_SubPersonID":null,"c_SubPerson":"","c_SubPersonShort":"","c_ActionMinute":"30'"},{"n_ActionID":12584635,"n_ActionCode":4,"n_ActionCode2":0,"n_ActionCode3":0,"n_ActionSet":1,"n_ActionSort":6,"c_Action":"Doelpunt","c_ActionShort":"D","n_PeriodSort":2,"c_Period":"Eerste helft","c_PeriodShort":"1H","n_ActionTime":2340000,"n_HomeGoals":3,"n_AwayGoals":2,"n_HomeOrAway":1,"n_TeamID":103013,"c_Team":"GD Estoril Praia","c_TeamShort":"EST","n_PersonID":781321,"c_Person":"Diogo Amado","c_PersonSort":"Amado, Diogo","c_PersonShort":"Amado","n_PersonNatioGeoID":2223,"c_PersonNatio":"Portugal","c_PersonNatioShort":"POR","n_TeamNatioGeoID":2223,"c_TeamNatio":"Portugal","c_TeamNatioShort":"POR","n_ActionReasonID":0,"c_ActionReason":null,"c_ActionInfo":null,"n_SubPersonID":null,"c_SubPerson":"","c_SubPersonShort":"","c_ActionMinute":"39'"},{"n_ActionID":12584641,"n_ActionCode":0,"n_ActionCode2":2048,"n_ActionCode3":0,"n_ActionSet":16,"n_ActionSort":7,"c_Action":"Einde periode","c_ActionShort":"Einde","n_PeriodSort":2,"c_Period":"Eerste helft","c_PeriodShort":"1H","n_ActionTime":2702000,"n_HomeGoals":3,"n_AwayGoals":2,"n_HomeOrAway":0,"n_TeamID":0,"c_Team":"","c_TeamShort":"","n_PersonID":0,"c_Person":"","c_PersonSort":"","c_PersonShort":"","n_PersonNatioGeoID":0,"c_PersonNatio":null,"c_PersonNatioShort":null,"n_TeamNatioGeoID":null,"c_TeamNatio":null,"c_TeamNatioShort":null,"n_ActionReasonID":0,"c_ActionReason":null,"c_ActionInfo":null,"n_SubPersonID":null,"c_SubPerson":"","c_SubPersonShort":"","c_ActionMinute":"45'+1'"},{"n_ActionID":12586253,"n_ActionCode":0,"n_ActionCode2":1024,"n_ActionCode3":0,"n_ActionSet":16,"n_ActionSort":8,"c_Action":"Aftrap","c_ActionShort":"Begin","n_PeriodSort":4,"c_Period":"Tweede helft","c_PeriodShort":"2H","n_ActionTime":2700000,"n_HomeGoals":3,"n_AwayGoals":2,"n_HomeOrAway":0,"n_TeamID":0,"c_Team":"","c_TeamShort":"","n_PersonID":0,"c_Person":"","c_PersonSort":"","c_PersonShort":"","n_PersonNatioGeoID":0,"c_PersonNatio":null,"c_PersonNatioShort":null,"n_TeamNatioGeoID":null,"c_TeamNatio":null,"c_TeamNatioShort":null,"n_ActionReasonID":0,"c_ActionReason":null,"c_ActionInfo":null,"n_SubPersonID":null,"c_SubPerson":"","c_SubPersonShort":"","c_ActionMinute":"45'"},{"n_ActionID":12584270,"n_ActionCode":16384,"n_ActionCode2":0,"n_ActionCode3":0,"n_ActionSet":5,"n_ActionSort":9,"c_Action":"Wissel","c_ActionShort":"Wis","n_PeriodSort":4,"c_Period":"Tweede helft","c_PeriodShort":"2H","n_ActionTime":4740000,"n_HomeGoals":null,"n_AwayGoals":null,"n_HomeOrAway":-1,"n_TeamID":11,"c_Team":"PSV","c_TeamShort":"PSV","n_PersonID":1115087,"c_Person":"Jorrit Hendrix","c_PersonSort":"Hendrix, Jorrit","c_PersonShort":"Hendrix","n_PersonNatioGeoID":2201,"c_PersonNatio":"Nederland","c_PersonNatioShort":"NED","n_TeamNatioGeoID":2201,"c_TeamNatio":"Nederland","c_TeamNatioShort":"NED","n_ActionReasonID":0,"c_ActionReason":null,"c_ActionInfo":null,"n_SubPersonID":868287,"c_SubPerson":"Adam Maher","c_SubPersonShort":"Maher","c_ActionMinute":"79'"},{"n_ActionID":12586341,"n_ActionCode":2048,"n_ActionCode2":0,"n_ActionCode3":0,"n_ActionSet":3,"n_ActionSort":10,"c_Action":"Geel","c_ActionShort":"G","n_PeriodSort":4,"c_Period":"Tweede helft","c_PeriodShort":"2H","n_ActionTime":4800000,"n_HomeGoals":3,"n_AwayGoals":2,"n_HomeOrAway":1,"n_TeamID":103013,"c_Team":"GD Estoril Praia","c_TeamShort":"EST","n_PersonID":858023,"c_Person":"Ruben Fernandes","c_PersonSort":"Ruben Fernandes","c_PersonShort":"Ruben Fernandes","n_PersonNatioGeoID":2223,"c_PersonNatio":"Portugal","c_PersonNatioShort":"POR","n_TeamNatioGeoID":2223,"c_TeamNatio":"Portugal","c_TeamNatioShort":"POR","n_ActionReasonID":0,"c_ActionReason":null,"c_ActionInfo":null,"n_SubPersonID":null,"c_SubPerson":"","c_SubPersonShort":"","c_ActionMinute":"80'"},{"n_ActionID":12586373,"n_ActionCode":4,"n_ActionCode2":0,"n_ActionCode3":0,"n_ActionSet":1,"n_ActionSort":11,"c_Action":"Doelpunt","c_ActionShort":"D","n_PeriodSort":4,"c_Period":"Tweede helft","c_PeriodShort":"2H","n_ActionTime":4920000,"n_HomeGoals":3,"n_AwayGoals":3,"n_HomeOrAway":-1,"n_TeamID":11,"c_Team":"PSV","c_TeamShort":"PSV","n_PersonID":664067,"c_Person":"Georginio Wijnaldum","c_PersonSort":"Wijnaldum, Georginio","c_PersonShort":"Wijnaldum","n_PersonNatioGeoID":2201,"c_PersonNatio":"Nederland","c_PersonNatioShort":"NED","n_TeamNatioGeoID":2201,"c_TeamNatio":"Nederland","c_TeamNatioShort":"NED","n_ActionReasonID":0,"c_ActionReason":null,"c_ActionInfo":null,"n_SubPersonID":null,"c_SubPerson":"","c_SubPersonShort":"","c_ActionMinute":"82'"},{"n_ActionID":12584274,"n_ActionCode":16384,"n_ActionCode2":0,"n_ActionCode3":0,"n_ActionSet":5,"n_ActionSort":12,"c_Action":"Wissel","c_ActionShort":"Wis","n_PeriodSort":4,"c_Period":"Tweede helft","c_PeriodShort":"2H","n_ActionTime":4980000,"n_HomeGoals":null,"n_AwayGoals":null,"n_HomeOrAway":-1,"n_TeamID":11,"c_Team":"PSV","c_TeamShort":"PSV","n_PersonID":970689,"c_Person":"Jürgen Locadia","c_PersonSort":"Locadia, Jürgen","c_PersonShort":"Locadia","n_PersonNatioGeoID":2201,"c_PersonNatio":"Nederland","c_PersonNatioShort":"NED","n_TeamNatioGeoID":2201,"c_TeamNatio":"Nederland","c_TeamNatioShort":"NED","n_ActionReasonID":0,"c_ActionReason":null,"c_ActionInfo":null,"n_SubPersonID":753369,"c_SubPerson":"Luciano Narsingh","c_SubPersonShort":"Narsingh","c_ActionMinute":"83'"},{"n_ActionID":12584290,"n_ActionCode":16384,"n_ActionCode2":0,"n_ActionCode3":0,"n_ActionSet":5,"n_ActionSort":13,"c_Action":"Wissel","c_ActionShort":"Wis","n_PeriodSort":4,"c_Period":"Tweede helft","c_PeriodShort":"2H","n_ActionTime":5160000,"n_HomeGoals":null,"n_AwayGoals":null,"n_HomeOrAway":1,"n_TeamID":103013,"c_Team":"GD Estoril Praia","c_TeamShort":"EST","n_PersonID":470386,"c_Person":"Arturo Bernhardt","c_PersonSort":"Bernhardt, Arturo","c_PersonShort":"Bernhardt","n_PersonNatioGeoID":2235,"c_PersonNatio":"Brazilië","c_PersonNatioShort":"BRA","n_TeamNatioGeoID":2223,"c_TeamNatio":"Portugal","c_TeamNatioShort":"POR","n_ActionReasonID":0,"c_ActionReason":null,"c_ActionInfo":null,"n_SubPersonID":858023,"c_SubPerson":"Ruben Fernandes","c_SubPersonShort":"Ruben Fernandes","c_ActionMinute":"86'"},{"n_ActionID":12584268,"n_ActionCode":16384,"n_ActionCode2":0,"n_ActionCode3":0,"n_ActionSet":5,"n_ActionSort":14,"c_Action":"Wissel","c_ActionShort":"Wis","n_PeriodSort":4,"c_Period":"Tweede helft","c_PeriodShort":"2H","n_ActionTime":5280000,"n_HomeGoals":null,"n_AwayGoals":null,"n_HomeOrAway":-1,"n_TeamID":11,"c_Team":"PSV","c_TeamShort":"PSV","n_PersonID":850175,"c_Person":"Nicolas Isimat-Mirin","c_PersonSort":"Isimat-Mirin, Nicolas","c_PersonShort":"Isimat-Mirin","n_PersonNatioGeoID":2202,"c_PersonNatio":"Frankrijk","c_PersonNatioShort":"FRA","n_TeamNatioGeoID":2201,"c_TeamNatio":"Nederland","c_TeamNatioShort":"NED","n_ActionReasonID":0,"c_ActionReason":null,"c_ActionInfo":null,"n_SubPersonID":740670,"c_SubPerson":"Luuk de Jong","c_SubPersonShort":"L. de Jong","c_ActionMinute":"88'"},{"n_ActionID":12586432,"n_ActionCode":2048,"n_ActionCode2":0,"n_ActionCode3":0,"n_ActionSet":3,"n_ActionSort":15,"c_Action":"Geel","c_ActionShort":"G","n_PeriodSort":4,"c_Period":"Tweede helft","c_PeriodShort":"2H","n_ActionTime":5340000,"n_HomeGoals":3,"n_AwayGoals":3,"n_HomeOrAway":-1,"n_TeamID":11,"c_Team":"PSV","c_TeamShort":"PSV","n_PersonID":911639,"c_Person":"Jetro Willems","c_PersonSort":"Willems, Jetro","c_PersonShort":"Willems","n_PersonNatioGeoID":2201,"c_PersonNatio":"Nederland","c_PersonNatioShort":"NED","n_TeamNatioGeoID":2201,"c_TeamNatio":"Nederland","c_TeamNatioShort":"NED","n_ActionReasonID":0,"c_ActionReason":null,"c_ActionInfo":null,"n_SubPersonID":null,"c_SubPerson":"","c_SubPersonShort":"","c_ActionMinute":"89'"},{"n_ActionID":12586440,"n_ActionCode":2048,"n_ActionCode2":0,"n_ActionCode3":0,"n_ActionSet":3,"n_ActionSort":16,"c_Action":"Geel","c_ActionShort":"G","n_PeriodSort":4,"c_Period":"Tweede helft","c_PeriodShort":"2H","n_ActionTime":5340000,"n_HomeGoals":3,"n_AwayGoals":3,"n_HomeOrAway":-1,"n_TeamID":11,"c_Team":"PSV","c_TeamShort":"PSV","n_PersonID":603677,"c_Person":"Andrés Guardado","c_PersonSort":"Guardado, Andrés","c_PersonShort":"Guardado","n_PersonNatioGeoID":2228,"c_PersonNatio":"Mexico","c_PersonNatioShort":"MEX","n_TeamNatioGeoID":2201,"c_TeamNatio":"Nederland","c_TeamNatioShort":"NED","n_ActionReasonID":0,"c_ActionReason":null,"c_ActionInfo":null,"n_SubPersonID":null,"c_SubPerson":"","c_SubPersonShort":"","c_ActionMinute":"89'"},{"n_ActionID":12586480,"n_ActionCode":0,"n_ActionCode2":2048,"n_ActionCode3":0,"n_ActionSet":16,"n_ActionSort":17,"c_Action":"Einde periode","c_ActionShort":"Einde","n_PeriodSort":4,"c_Period":"Tweede helft","c_PeriodShort":"2H","n_ActionTime":5586000,"n_HomeGoals":3,"n_AwayGoals":3,"n_HomeOrAway":0,"n_TeamID":0,"c_Team":"","c_TeamShort":"","n_PersonID":0,"c_Person":"","c_PersonSort":"","c_PersonShort":"","n_PersonNatioGeoID":0,"c_PersonNatio":null,"c_PersonNatioShort":null,"n_TeamNatioGeoID":null,"c_TeamNatio":null,"c_TeamNatioShort":null,"n_ActionReasonID":0,"c_ActionReason":null,"c_ActionInfo":null,"n_SubPersonID":null,"c_SubPerson":"","c_SubPersonShort":"","c_ActionMinute":"90'+4'"}]