﻿[{"n_EditionID":21400,"n_MatchDayStart":20140826,"n_MatchDayEnd":20140827,"d_MatchDayStart":"\/Date(1409004000000+0200)\/","d_MatchDayEnd":"\/Date(1409090400000+0200)\/","b_Current":false,"n_WeekID":20140826},{"n_EditionID":21400,"n_MatchDayStart":20140923,"n_MatchDayEnd":20140925,"d_MatchDayStart":"\/Date(1411423200000+0200)\/","d_MatchDayEnd":"\/Date(1411596000000+0200)\/","b_Current":false,"n_WeekID":20140923},{"n_EditionID":21400,"n_MatchDayStart":20141028,"n_MatchDayEnd":20141030,"d_MatchDayStart":"\/Date(1414450800000+0100)\/","d_MatchDayEnd":"\/Date(1414623600000+0100)\/","b_Current":false,"n_WeekID":20141028},{"n_EditionID":21400,"n_MatchDayStart":20141216,"n_MatchDayEnd":20141218,"d_MatchDayStart":"\/Date(1418684400000+0100)\/","d_MatchDayEnd":"\/Date(1418857200000+0100)\/","b_Current":false,"n_WeekID":20141216},{"n_EditionID":21400,"n_MatchDayStart":20150120,"n_MatchDayEnd":20150120,"d_MatchDayStart":"\/Date(1421708400000+0100)\/","d_MatchDayEnd":"\/Date(1421708400000+0100)\/","b_Current":false,"n_WeekID":20150120},{"n_EditionID":21400,"n_MatchDayStart":20150127,"n_MatchDayEnd":20150128,"d_MatchDayStart":"\/Date(1422313200000+0100)\/","d_MatchDayEnd":"\/Date(1422399600000+0100)\/","b_Current":false,"n_WeekID":20150127},{"n_EditionID":21400,"n_MatchDayStart":20150408,"n_MatchDayEnd":20150408,"d_MatchDayStart":"\/Date(1428444000000+0200)\/","d_MatchDayEnd":"\/Date(1428444000000+0200)\/","b_Current":true,"n_WeekID":20150407},{"n_EditionID":21400,"n_MatchDayStart":20150503,"n_MatchDayEnd":20150503,"d_MatchDayStart":"\/Date(1430604000000+0200)\/","d_MatchDayEnd":"\/Date(1430604000000+0200)\/","b_Current":false,"n_WeekID":20150428}]