﻿[{"n_ActionID":12077282,"n_ActionCode":4,"n_ActionCode2":0,"n_ActionCode3":67239938,"n_ActionSet":1,"n_ActionSort":1,"c_Action":"Doelpunt","c_ActionShort":"D","n_PeriodSort":2,"c_Period":"Eerste helft","c_PeriodShort":"1H","n_ActionTime":1260000,"n_HomeGoals":1,"n_AwayGoals":0,"n_HomeOrAway":1,"n_TeamID":11,"c_Team":"PSV","c_TeamShort":"PSV","n_PersonID":664067,"c_Person":"Georginio Wijnaldum","c_PersonSort":"Wijnaldum, Georginio","c_PersonShort":"Wijnaldum","n_PersonNatioGeoID":2201,"c_PersonNatio":"Nederland","c_PersonNatioShort":"NED","n_TeamNatioGeoID":2201,"c_TeamNatio":"Nederland","c_TeamNatioShort":"NED","n_ActionReasonID":37,"c_ActionReason":"Assist","c_ActionInfo":"Rechtervoet","n_SubPersonID":970679,"c_SubPerson":"Memphis Depay","c_SubPersonShort":"Depay","c_ActionMinute":"21'"},{"n_ActionID":12077338,"n_ActionCode":68,"n_ActionCode2":0,"n_ActionCode3":134217730,"n_ActionSet":1,"n_ActionSort":2,"c_Action":"Eigen doelpunt","c_ActionShort":"e.d.","n_PeriodSort":2,"c_Period":"Eerste helft","c_PeriodShort":"1H","n_ActionTime":1510000,"n_HomeGoals":2,"n_AwayGoals":0,"n_HomeOrAway":1,"n_TeamID":11,"c_Team":"PSV","c_TeamShort":"PSV","n_PersonID":1290663,"c_Person":"Aleksandar Damcevski","c_PersonSort":"Damcevski, Aleksandar","c_PersonShort":"Damcevski","n_PersonNatioGeoID":4358,"c_PersonNatio":"Macedonië","c_PersonNatioShort":"MAC","n_TeamNatioGeoID":2201,"c_TeamNatio":"Nederland","c_TeamNatioShort":"NED","n_ActionReasonID":47,"c_ActionReason":"Poging tot wegwerken","c_ActionInfo":"Rechtervoet","n_SubPersonID":null,"c_SubPerson":"","c_SubPersonShort":"","c_ActionMinute":"26'"},{"n_ActionID":12077421,"n_ActionCode":12,"n_ActionCode2":2097152,"n_ActionCode3":131138,"n_ActionSet":1,"n_ActionSort":3,"c_Action":"Doelpunt","c_ActionShort":"D","n_PeriodSort":2,"c_Period":"Eerste helft","c_PeriodShort":"1H","n_ActionTime":1810000,"n_HomeGoals":2,"n_AwayGoals":1,"n_HomeOrAway":-1,"n_TeamID":9,"c_Team":"NAC Breda","c_TeamShort":"NAC","n_PersonID":927449,"c_Person":"Adnane Tighadouini","c_PersonSort":"Tighadouini, Adnane","c_PersonShort":"Tighadouini","n_PersonNatioGeoID":2201,"c_PersonNatio":"Nederland","c_PersonNatioShort":"NED","n_TeamNatioGeoID":2201,"c_TeamNatio":"Nederland","c_TeamNatioShort":"NED","n_ActionReasonID":91,"c_ActionReason":"Strafschop","c_ActionInfo":"Rechtervoet","n_SubPersonID":null,"c_SubPerson":"","c_SubPersonShort":"","c_ActionMinute":"31'"},{"n_ActionID":12077945,"n_ActionCode":1028,"n_ActionCode2":2097152,"n_ActionCode3":258,"n_ActionSet":1,"n_ActionSort":4,"c_Action":"Doelpunt","c_ActionShort":"D","n_PeriodSort":4,"c_Period":"Tweede helft","c_PeriodShort":"2H","n_ActionTime":3066000,"n_HomeGoals":3,"n_AwayGoals":1,"n_HomeOrAway":1,"n_TeamID":11,"c_Team":"PSV","c_TeamShort":"PSV","n_PersonID":970679,"c_Person":"Memphis Depay","c_PersonSort":"Depay, Memphis","c_PersonShort":"Depay","n_PersonNatioGeoID":2201,"c_PersonNatio":"Nederland","c_PersonNatioShort":"NED","n_TeamNatioGeoID":2201,"c_TeamNatio":"Nederland","c_TeamNatioShort":"NED","n_ActionReasonID":86,"c_ActionReason":"Vrije trap","c_ActionInfo":"Rechtervoet","n_SubPersonID":null,"c_SubPerson":"","c_SubPersonShort":"","c_ActionMinute":"52'"},{"n_ActionID":12077954,"n_ActionCode":4,"n_ActionCode2":0,"n_ActionCode3":67108865,"n_ActionSet":1,"n_ActionSort":5,"c_Action":"Doelpunt","c_ActionShort":"D","n_PeriodSort":4,"c_Period":"Tweede helft","c_PeriodShort":"2H","n_ActionTime":3152000,"n_HomeGoals":4,"n_AwayGoals":1,"n_HomeOrAway":1,"n_TeamID":11,"c_Team":"PSV","c_TeamShort":"PSV","n_PersonID":970689,"c_Person":"Jürgen Locadia","c_PersonSort":"Locadia, Jürgen","c_PersonShort":"Locadia","n_PersonNatioGeoID":2201,"c_PersonNatio":"Nederland","c_PersonNatioShort":"NED","n_TeamNatioGeoID":2201,"c_TeamNatio":"Nederland","c_TeamNatioShort":"NED","n_ActionReasonID":37,"c_ActionReason":"Assist","c_ActionInfo":"Linkervoet","n_SubPersonID":740670,"c_SubPerson":"Luuk de Jong","c_SubPersonShort":"L. de Jong","c_ActionMinute":"53'"},{"n_ActionID":12077999,"n_ActionCode":4,"n_ActionCode2":0,"n_ActionCode3":67239938,"n_ActionSet":1,"n_ActionSort":6,"c_Action":"Doelpunt","c_ActionShort":"D","n_PeriodSort":4,"c_Period":"Tweede helft","c_PeriodShort":"2H","n_ActionTime":3402000,"n_HomeGoals":5,"n_AwayGoals":1,"n_HomeOrAway":1,"n_TeamID":11,"c_Team":"PSV","c_TeamShort":"PSV","n_PersonID":664067,"c_Person":"Georginio Wijnaldum","c_PersonSort":"Wijnaldum, Georginio","c_PersonShort":"Wijnaldum","n_PersonNatioGeoID":2201,"c_PersonNatio":"Nederland","c_PersonNatioShort":"NED","n_TeamNatioGeoID":2201,"c_TeamNatio":"Nederland","c_TeamNatioShort":"NED","n_ActionReasonID":37,"c_ActionReason":"Assist","c_ActionInfo":"Rechtervoet","n_SubPersonID":970689,"c_SubPerson":"Jürgen Locadia","c_SubPersonShort":"Locadia","c_ActionMinute":"57'"},{"n_ActionID":12078280,"n_ActionCode":1028,"n_ActionCode2":2097152,"n_ActionCode3":258,"n_ActionSet":1,"n_ActionSort":7,"c_Action":"Doelpunt","c_ActionShort":"D","n_PeriodSort":4,"c_Period":"Tweede helft","c_PeriodShort":"2H","n_ActionTime":4375000,"n_HomeGoals":6,"n_AwayGoals":1,"n_HomeOrAway":1,"n_TeamID":11,"c_Team":"PSV","c_TeamShort":"PSV","n_PersonID":970679,"c_Person":"Memphis Depay","c_PersonSort":"Depay, Memphis","c_PersonShort":"Depay","n_PersonNatioGeoID":2201,"c_PersonNatio":"Nederland","c_PersonNatioShort":"NED","n_TeamNatioGeoID":2201,"c_TeamNatio":"Nederland","c_TeamNatioShort":"NED","n_ActionReasonID":86,"c_ActionReason":"Vrije trap","c_ActionInfo":"Rechtervoet","n_SubPersonID":null,"c_SubPerson":"","c_SubPersonShort":"","c_ActionMinute":"73'"}]