﻿[{"n_ActionID":12488544,"n_ActionCode":2048,"n_ActionCode2":0,"n_ActionCode3":0,"n_ActionSet":3,"n_ActionSort":1,"c_Action":"Yellow","c_ActionShort":"Y","n_PeriodSort":2,"c_Period":"First half","c_PeriodShort":"1H","n_ActionTime":1080000,"n_HomeGoals":1,"n_AwayGoals":0,"n_HomeOrAway":-1,"n_TeamID":11,"c_Team":"PSV","c_TeamShort":"PSV","n_PersonID":603677,"c_Person":"Andrés Guardado","c_PersonSort":"Guardado, Andrés","c_PersonShort":"Guardado","n_PersonNatioGeoID":2228,"c_PersonNatio":"Mexico","c_PersonNatioShort":"MEX","n_TeamNatioGeoID":2201,"c_TeamNatio":"Netherlands","c_TeamNatioShort":"NED","n_ActionReasonID":0,"c_ActionReason":null,"c_ActionInfo":null,"n_SubPersonID":null,"c_SubPerson":null,"c_SubPersonShort":null,"c_ActionMinute":"18'"},{"n_ActionID":12488547,"n_ActionCode":2048,"n_ActionCode2":0,"n_ActionCode3":0,"n_ActionSet":3,"n_ActionSort":2,"c_Action":"Yellow","c_ActionShort":"Y","n_PeriodSort":2,"c_Period":"First half","c_PeriodShort":"1H","n_ActionTime":1320000,"n_HomeGoals":1,"n_AwayGoals":0,"n_HomeOrAway":1,"n_TeamID":4218,"c_Team":"Panathinaikos","c_TeamShort":"PAN","n_PersonID":887546,"c_Person":"Anastasios Lagos","c_PersonSort":"Lagos, Anastasios","c_PersonShort":"Lagos","n_PersonNatioGeoID":2774,"c_PersonNatio":"Greece","c_PersonNatioShort":"GRE","n_TeamNatioGeoID":2774,"c_TeamNatio":"Greece","c_TeamNatioShort":"GRE","n_ActionReasonID":0,"c_ActionReason":null,"c_ActionInfo":null,"n_SubPersonID":null,"c_SubPerson":null,"c_SubPersonShort":null,"c_ActionMinute":"22'"},{"n_ActionID":12488568,"n_ActionCode":2048,"n_ActionCode2":0,"n_ActionCode3":0,"n_ActionSet":3,"n_ActionSort":3,"c_Action":"Yellow","c_ActionShort":"Y","n_PeriodSort":2,"c_Period":"First half","c_PeriodShort":"1H","n_ActionTime":2160000,"n_HomeGoals":1,"n_AwayGoals":1,"n_HomeOrAway":1,"n_TeamID":4218,"c_Team":"Panathinaikos","c_TeamShort":"PAN","n_PersonID":876608,"c_Person":"Zeca","c_PersonSort":"Zeca","c_PersonShort":"Zeca","n_PersonNatioGeoID":2223,"c_PersonNatio":"Portugal","c_PersonNatioShort":"POR","n_TeamNatioGeoID":2774,"c_TeamNatio":"Greece","c_TeamNatioShort":"GRE","n_ActionReasonID":0,"c_ActionReason":null,"c_ActionInfo":null,"n_SubPersonID":null,"c_SubPerson":null,"c_SubPersonShort":null,"c_ActionMinute":"36'"},{"n_ActionID":12488869,"n_ActionCode":2048,"n_ActionCode2":0,"n_ActionCode3":0,"n_ActionSet":3,"n_ActionSort":4,"c_Action":"Yellow","c_ActionShort":"Y","n_PeriodSort":4,"c_Period":"Second half","c_PeriodShort":"2H","n_ActionTime":3360000,"n_HomeGoals":2,"n_AwayGoals":1,"n_HomeOrAway":1,"n_TeamID":4218,"c_Team":"Panathinaikos","c_TeamShort":"PAN","n_PersonID":118820,"c_Person":"Mladen Petric","c_PersonSort":"Petric, Mladen","c_PersonShort":"Petric","n_PersonNatioGeoID":4354,"c_PersonNatio":"Croatia","c_PersonNatioShort":"CRO","n_TeamNatioGeoID":2774,"c_TeamNatio":"Greece","c_TeamNatioShort":"GRE","n_ActionReasonID":0,"c_ActionReason":null,"c_ActionInfo":null,"n_SubPersonID":null,"c_SubPerson":null,"c_SubPersonShort":null,"c_ActionMinute":"56'"},{"n_ActionID":12488907,"n_ActionCode":2048,"n_ActionCode2":0,"n_ActionCode3":0,"n_ActionSet":3,"n_ActionSort":5,"c_Action":"Yellow","c_ActionShort":"Y","n_PeriodSort":4,"c_Period":"Second half","c_PeriodShort":"2H","n_ActionTime":3480000,"n_HomeGoals":2,"n_AwayGoals":1,"n_HomeOrAway":1,"n_TeamID":4218,"c_Team":"Panathinaikos","c_TeamShort":"PAN","n_PersonID":557417,"c_Person":"Danijel Pranjic","c_PersonSort":"Pranjic, Danijel","c_PersonShort":"Pranjic","n_PersonNatioGeoID":4354,"c_PersonNatio":"Croatia","c_PersonNatioShort":"CRO","n_TeamNatioGeoID":2774,"c_TeamNatio":"Greece","c_TeamNatioShort":"GRE","n_ActionReasonID":0,"c_ActionReason":null,"c_ActionInfo":null,"n_SubPersonID":null,"c_SubPerson":null,"c_SubPersonShort":null,"c_ActionMinute":"58'"},{"n_ActionID":12488984,"n_ActionCode":2048,"n_ActionCode2":0,"n_ActionCode3":0,"n_ActionSet":3,"n_ActionSort":6,"c_Action":"Yellow","c_ActionShort":"Y","n_PeriodSort":4,"c_Period":"Second half","c_PeriodShort":"2H","n_ActionTime":4800000,"n_HomeGoals":2,"n_AwayGoals":3,"n_HomeOrAway":1,"n_TeamID":4218,"c_Team":"Panathinaikos","c_TeamShort":"PAN","n_PersonID":577253,"c_Person":"Marcus Berg","c_PersonSort":"Berg, Marcus","c_PersonShort":"Berg","n_PersonNatioGeoID":2222,"c_PersonNatio":"Sweden","c_PersonNatioShort":"SWE","n_TeamNatioGeoID":2774,"c_TeamNatio":"Greece","c_TeamNatioShort":"GRE","n_ActionReasonID":0,"c_ActionReason":null,"c_ActionInfo":null,"n_SubPersonID":null,"c_SubPerson":null,"c_SubPersonShort":null,"c_ActionMinute":"80'"}]