﻿[{"c_Rank":"1","n_PersonID":652142,"c_Person":"Luiz Adriano","c_PersonSort":"Luiz Adriano","c_PersonShort":"Luiz Adriano","n_PersonNatioGeoID":2235,"c_PersonNatio":"Brazil","c_PersonNatioShort":"BRA","n_TeamID":4291,"c_Team":"Shakhtar Donetsk","c_TeamShort":"SHA","n_TeamNatioGeoID":2232,"c_TeamNatio":"Ukraine","c_TeamNatioShort":"UKR","d_BirthDate":"\/Date(545176800000+0200)\/","n_FunctionType":8,"c_Function":"Forward","c_FunctionShort":"F","n_FunctionCode":8,"n_ShirtNr":9,"n_Matches":5,"n_MatchesStart":5,"n_MinutesPlayed":449,"n_Goals":9,"n_Assists":1},{"c_Rank":"2","n_PersonID":569220,"c_Person":"Lionel Messi","c_PersonSort":"Messi, Lionel","c_PersonShort":"Messi","n_PersonNatioGeoID":2768,"c_PersonNatio":"Argentina","c_PersonNatioShort":"ARG","n_TeamID":4014,"c_Team":"FC Barcelona","c_TeamShort":"BAR","n_TeamNatioGeoID":2203,"c_TeamNatio":"Spain","c_TeamNatioShort":"ESP","d_BirthDate":"\/Date(551484000000+0200)\/","n_FunctionType":8,"c_Function":"Forward","c_FunctionShort":"F","n_FunctionCode":8,"n_ShirtNr":10,"n_Matches":6,"n_MatchesStart":6,"n_MinutesPlayed":516,"n_Goals":8,"n_Assists":2},{"c_Rank":"3","n_PersonID":587282,"c_Person":"Sergio Agüero","c_PersonSort":"Agüero, Sergio","c_PersonShort":"Agüero","n_PersonNatioGeoID":2768,"c_PersonNatio":"Argentina","c_PersonNatioShort":"ARG","n_TeamID":4222,"c_Team":"Manchester City","c_TeamShort":"MCI","n_TeamNatioGeoID":2208,"c_TeamNatio":"England","c_TeamNatioShort":"ENG","d_BirthDate":"\/Date(581205600000+0200)\/","n_FunctionType":8,"c_Function":"Forward","c_FunctionShort":"F","n_FunctionCode":8,"n_ShirtNr":16,"n_Matches":5,"n_MatchesStart":4,"n_MinutesPlayed":371,"n_Goals":5,"n_Assists":1},{"c_Rank":"3","n_PersonID":579353,"c_Person":"Karim Benzema","c_PersonSort":"Benzema, Karim","c_PersonShort":"Benzema","n_PersonNatioGeoID":2202,"c_PersonNatio":"France","c_PersonNatioShort":"FRA","n_TeamID":4103,"c_Team":"Real Madrid","c_TeamShort":"MAD","n_TeamNatioGeoID":2203,"c_TeamNatio":"Spain","c_TeamNatioShort":"ESP","d_BirthDate":"\/Date(566866800000+0100)\/","n_FunctionType":8,"c_Function":"Forward","c_FunctionShort":"F","n_FunctionCode":8,"n_ShirtNr":9,"n_Matches":5,"n_MatchesStart":4,"n_MinutesPlayed":354,"n_Goals":5,"n_Assists":1},{"c_Rank":"3","n_PersonID":809032,"c_Person":"Jackson Martínez","c_PersonSort":"Martínez, Jackson","c_PersonShort":"Martínez","n_PersonNatioGeoID":2226,"c_PersonNatio":"Colombia","c_PersonNatioShort":"COL","n_TeamID":4048,"c_Team":"FC Porto","c_TeamShort":"POR","n_TeamNatioGeoID":2223,"c_TeamNatio":"Portugal","c_TeamNatioShort":"POR","d_BirthDate":"\/Date(528674400000+0200)\/","n_FunctionType":8,"c_Function":"Forward","c_FunctionShort":"F","n_FunctionCode":8,"n_ShirtNr":9,"n_Matches":5,"n_MatchesStart":4,"n_MinutesPlayed":360,"n_Goals":5,"n_Assists":0},{"c_Rank":"6","n_PersonID":656187,"c_Person":"Edinson Cavani","c_PersonSort":"Cavani, Edinson","c_PersonShort":"Cavani","n_PersonNatioGeoID":2787,"c_PersonNatio":"Uruguay","c_PersonNatioShort":"URU","n_TeamID":4094,"c_Team":"Paris Saint-Germain","c_TeamShort":"PSG","n_TeamNatioGeoID":2202,"c_TeamNatio":"France","c_TeamNatioShort":"FRA","d_BirthDate":"\/Date(540255600000+0100)\/","n_FunctionType":8,"c_Function":"Forward","c_FunctionShort":"F","n_FunctionCode":8,"n_ShirtNr":9,"n_Matches":6,"n_MatchesStart":6,"n_MinutesPlayed":540,"n_Goals":5,"n_Assists":0},{"c_Rank":"6","n_PersonID":445382,"c_Person":"Cristiano Ronaldo","c_PersonSort":"Cristiano Ronaldo","c_PersonShort":"C. Ronaldo","n_PersonNatioGeoID":2223,"c_PersonNatio":"Portugal","c_PersonNatioShort":"POR","n_TeamID":4103,"c_Team":"Real Madrid","c_TeamShort":"MAD","n_TeamNatioGeoID":2203,"c_TeamNatio":"Spain","c_TeamNatioShort":"ESP","d_BirthDate":"\/Date(476406000000+0100)\/","n_FunctionType":8,"c_Function":"Forward","c_FunctionShort":"F","n_FunctionCode":8,"n_ShirtNr":7,"n_Matches":6,"n_MatchesStart":6,"n_MinutesPlayed":525,"n_Goals":5,"n_Assists":2},{"c_Rank":"6","n_PersonID":692042,"c_Person":"Mario Mandžukic","c_PersonSort":"Mandžukic, Mario","c_PersonShort":"Mandžukic","n_PersonNatioGeoID":4354,"c_PersonNatio":"Croatia","c_PersonNatioShort":"CRO","n_TeamID":4012,"c_Team":"Atlético Madrid","c_TeamShort":"ATL","n_TeamNatioGeoID":2203,"c_TeamNatio":"Spain","c_TeamNatioShort":"ESP","d_BirthDate":"\/Date(517010400000+0200)\/","n_FunctionType":8,"c_Function":"Forward","c_FunctionShort":"F","n_FunctionCode":8,"n_ShirtNr":9,"n_Matches":6,"n_MatchesStart":6,"n_MinutesPlayed":479,"n_Goals":5,"n_Assists":0},{"c_Rank":"9","n_PersonID":743623,"c_Person":"Yacine Brahimi","c_PersonSort":"Brahimi, Yacine","c_PersonShort":"Brahimi","n_PersonNatioGeoID":2243,"c_PersonNatio":"Algeria","c_PersonNatioShort":"ALG","n_TeamID":4048,"c_Team":"FC Porto","c_TeamShort":"POR","n_TeamNatioGeoID":2223,"c_TeamNatio":"Portugal","c_TeamNatioShort":"POR","d_BirthDate":"\/Date(634431600000+0100)\/","n_FunctionType":4,"c_Function":"Midfielder","c_FunctionShort":"M","n_FunctionCode":4,"n_ShirtNr":8,"n_Matches":5,"n_MatchesStart":5,"n_MinutesPlayed":400,"n_Goals":4,"n_Assists":2},{"c_Rank":"9","n_PersonID":761235,"c_Person":"Ciro Immobile","c_PersonSort":"Immobile, Ciro","c_PersonShort":"Immobile","n_PersonNatioGeoID":2210,"c_PersonNatio":"Italy","c_PersonNatioShort":"ITA","n_TeamID":4025,"c_Team":"Borussia Dortmund","c_TeamShort":"BVB","n_TeamNatioGeoID":2206,"c_TeamNatio":"Germany","c_TeamNatioShort":"GER","d_BirthDate":"\/Date(635468400000+0100)\/","n_FunctionType":8,"c_Function":"Forward","c_FunctionShort":"F","n_FunctionCode":8,"n_ShirtNr":9,"n_Matches":5,"n_MatchesStart":4,"n_MinutesPlayed":329,"n_Goals":4,"n_Assists":0},{"c_Rank":"9","n_PersonID":591735,"c_Person":"Nani","c_PersonSort":"Nani","c_PersonShort":"Nani","n_PersonNatioGeoID":2223,"c_PersonNatio":"Portugal","c_PersonNatioShort":"POR","n_TeamID":4123,"c_Team":"Sporting CP","c_TeamShort":"SPO","n_TeamNatioGeoID":2223,"c_TeamNatio":"Portugal","c_TeamNatioShort":"POR","d_BirthDate":"\/Date(532566000000+0100)\/","n_FunctionType":4,"c_Function":"Midfielder","c_FunctionShort":"M","n_FunctionCode":4,"n_ShirtNr":77,"n_Matches":5,"n_MatchesStart":5,"n_MinutesPlayed":449,"n_Goals":4,"n_Assists":2},{"c_Rank":"12","n_PersonID":738579,"c_Person":"Thomas Müller","c_PersonSort":"Müller, Thomas","c_PersonShort":"Müller","n_PersonNatioGeoID":2206,"c_PersonNatio":"Germany","c_PersonNatioShort":"GER","n_TeamID":4017,"c_Team":"Bayern München","c_TeamShort":"FCB","n_TeamNatioGeoID":2206,"c_TeamNatio":"Germany","c_TeamNatioShort":"GER","d_BirthDate":"\/Date(621640800000+0200)\/","n_FunctionType":8,"c_Function":"Forward","c_FunctionShort":"F","n_FunctionCode":8,"n_ShirtNr":25,"n_Matches":4,"n_MatchesStart":4,"n_MinutesPlayed":271,"n_Goals":3,"n_Assists":1},{"c_Rank":"12","n_PersonID":726258,"c_Person":"Danny Welbeck","c_PersonSort":"Welbeck, Danny","c_PersonShort":"Welbeck","n_PersonNatioGeoID":2208,"c_PersonNatio":"England","c_PersonNatioShort":"ENG","n_TeamID":4007,"c_Team":"Arsenal","c_TeamShort":"ARS","n_TeamNatioGeoID":2208,"c_TeamNatio":"England","c_TeamNatioShort":"ENG","d_BirthDate":"\/Date(659574000000+0100)\/","n_FunctionType":8,"c_Function":"Forward","c_FunctionShort":"F","n_FunctionCode":8,"n_ShirtNr":23,"n_Matches":4,"n_MatchesStart":4,"n_MinutesPlayed":337,"n_Goals":3,"n_Assists":0},{"c_Rank":"14","n_PersonID":822406,"c_Person":"Mario Götze","c_PersonSort":"Götze, Mario","c_PersonShort":"Götze","n_PersonNatioGeoID":2206,"c_PersonNatio":"Germany","c_PersonNatioShort":"GER","n_TeamID":4017,"c_Team":"Bayern München","c_TeamShort":"FCB","n_TeamNatioGeoID":2206,"c_TeamNatio":"Germany","c_TeamNatioShort":"GER","d_BirthDate":"\/Date(707522400000+0200)\/","n_FunctionType":4,"c_Function":"Midfielder","c_FunctionShort":"M","n_FunctionCode":4,"n_ShirtNr":19,"n_Matches":5,"n_MatchesStart":5,"n_MinutesPlayed":426,"n_Goals":3,"n_Assists":0},{"c_Rank":"14","n_PersonID":778908,"c_Person":"Neymar","c_PersonSort":"Neymar","c_PersonShort":"Neymar","n_PersonNatioGeoID":2235,"c_PersonNatio":"Brazil","c_PersonNatioShort":"BRA","n_TeamID":4014,"c_Team":"FC Barcelona","c_TeamShort":"BAR","n_TeamNatioGeoID":2203,"c_TeamNatio":"Spain","c_TeamNatioShort":"ESP","d_BirthDate":"\/Date(697244400000+0100)\/","n_FunctionType":8,"c_Function":"Forward","c_FunctionShort":"F","n_FunctionCode":8,"n_ShirtNr":11,"n_Matches":5,"n_MatchesStart":5,"n_MinutesPlayed":407,"n_Goals":3,"n_Assists":0},{"c_Rank":"14","n_PersonID":465670,"c_Person":"Lukas Podolski","c_PersonSort":"Podolski, Lukas","c_PersonShort":"Podolski","n_PersonNatioGeoID":2206,"c_PersonNatio":"Germany","c_PersonNatioShort":"GER","n_TeamID":4007,"c_Team":"Arsenal","c_TeamShort":"ARS","n_TeamNatioGeoID":2208,"c_TeamNatio":"England","c_TeamNatioShort":"ENG","d_BirthDate":"\/Date(486684000000+0200)\/","n_FunctionType":8,"c_Function":"Forward","c_FunctionShort":"F","n_FunctionCode":8,"n_ShirtNr":9,"n_Matches":5,"n_MatchesStart":1,"n_MinutesPlayed":132,"n_Goals":3,"n_Assists":0},{"c_Rank":"14","n_PersonID":695545,"c_Person":"Adrián Ramos","c_PersonSort":"Ramos, Adrián","c_PersonShort":"Ramos","n_PersonNatioGeoID":2226,"c_PersonNatio":"Colombia","c_PersonNatioShort":"COL","n_TeamID":4025,"c_Team":"Borussia Dortmund","c_TeamShort":"BVB","n_TeamNatioGeoID":2206,"c_TeamNatio":"Germany","c_TeamNatioShort":"GER","d_BirthDate":"\/Date(506732400000+0100)\/","n_FunctionType":8,"c_Function":"Forward","c_FunctionShort":"F","n_FunctionCode":8,"n_ShirtNr":20,"n_Matches":5,"n_MatchesStart":0,"n_MinutesPlayed":76,"n_Goals":3,"n_Assists":0},{"c_Rank":"14","n_PersonID":614134,"c_Person":"Alexis Sánchez","c_PersonSort":"Sánchez, Alexis","c_PersonShort":"Sánchez","n_PersonNatioGeoID":4328,"c_PersonNatio":"Chile","c_PersonNatioShort":"CHI","n_TeamID":4007,"c_Team":"Arsenal","c_TeamShort":"ARS","n_TeamNatioGeoID":2208,"c_TeamNatio":"England","c_TeamNatioShort":"ENG","d_BirthDate":"\/Date(598489200000+0100)\/","n_FunctionType":8,"c_Function":"Forward","c_FunctionShort":"F","n_FunctionCode":8,"n_ShirtNr":17,"n_Matches":5,"n_MatchesStart":5,"n_MinutesPlayed":422,"n_Goals":3,"n_Assists":1},{"c_Rank":"19","n_PersonID":677006,"c_Person":"Alex Teixeira","c_PersonSort":"Alex Teixeira","c_PersonShort":"Alex Teixeira","n_PersonNatioGeoID":2235,"c_PersonNatio":"Brazil","c_PersonNatioShort":"BRA","n_TeamID":4291,"c_Team":"Shakhtar Donetsk","c_TeamShort":"SHA","n_TeamNatioGeoID":2232,"c_TeamNatio":"Ukraine","c_TeamNatioShort":"UKR","d_BirthDate":"\/Date(631580400000+0100)\/","n_FunctionType":4,"c_Function":"Midfielder","c_FunctionShort":"M","n_FunctionCode":4,"n_ShirtNr":29,"n_Matches":6,"n_MatchesStart":6,"n_MinutesPlayed":540,"n_Goals":3,"n_Assists":0},{"c_Rank":"19","n_PersonID":749983,"c_Person":"Pierre-Emerick Aubameyang","c_PersonSort":"Aubameyang, Pierre-Emerick","c_PersonShort":"P. Aubameyang","n_PersonNatioGeoID":9654,"c_PersonNatio":"Gabon","c_PersonNatioShort":"GAB","n_TeamID":4025,"c_Team":"Borussia Dortmund","c_TeamShort":"BVB","n_TeamNatioGeoID":2206,"c_TeamNatio":"Germany","c_TeamNatioShort":"GER","d_BirthDate":"\/Date(614124000000+0200)\/","n_FunctionType":8,"c_Function":"Forward","c_FunctionShort":"F","n_FunctionCode":8,"n_ShirtNr":17,"n_Matches":6,"n_MatchesStart":5,"n_MinutesPlayed":437,"n_Goals":3,"n_Assists":2},{"c_Rank":"19","n_PersonID":733516,"c_Person":"Seydou Doumbia","c_PersonSort":"Doumbia, Seydou","c_PersonShort":"Doumbia","n_PersonNatioGeoID":4349,"c_PersonNatio":"Ivory Coast","c_PersonNatioShort":"CIV","n_TeamID":4038,"c_Team":"CSKA Moskva","c_TeamShort":"CSK","n_TeamNatioGeoID":2204,"c_TeamNatio":"Russia","c_TeamNatioShort":"RUS","d_BirthDate":"\/Date(567903600000+0100)\/","n_FunctionType":8,"c_Function":"Forward","c_FunctionShort":"F","n_FunctionCode":8,"n_ShirtNr":88,"n_Matches":6,"n_MatchesStart":4,"n_MinutesPlayed":407,"n_Goals":3,"n_Assists":1},{"c_Rank":"19","n_PersonID":590694,"c_Person":"Gervinho","c_PersonSort":"Gervinho","c_PersonShort":"Gervinho","n_PersonNatioGeoID":4349,"c_PersonNatio":"Ivory Coast","c_PersonNatioShort":"CIV","n_TeamID":4009,"c_Team":"AS Roma","c_TeamShort":"ROM","n_TeamNatioGeoID":2210,"c_TeamNatio":"Italy","c_TeamNatioShort":"ITA","d_BirthDate":"\/Date(549064800000+0200)\/","n_FunctionType":8,"c_Function":"Forward","c_FunctionShort":"F","n_FunctionCode":8,"n_ShirtNr":27,"n_Matches":6,"n_MatchesStart":5,"n_MinutesPlayed":435,"n_Goals":3,"n_Assists":1},{"c_Rank":"19","n_PersonID":358701,"c_Person":"Klaas-Jan Huntelaar","c_PersonSort":"Huntelaar, Klaas-Jan","c_PersonShort":"Huntelaar","n_PersonNatioGeoID":2201,"c_PersonNatio":"Netherlands","c_PersonNatioShort":"NED","n_TeamID":4112,"c_Team":"Schalke 04","c_TeamShort":"S04","n_TeamNatioGeoID":2206,"c_TeamNatio":"Germany","c_TeamNatioShort":"GER","d_BirthDate":"\/Date(429487200000+0200)\/","n_FunctionType":8,"c_Function":"Forward","c_FunctionShort":"F","n_FunctionCode":8,"n_ShirtNr":25,"n_Matches":6,"n_MatchesStart":6,"n_MinutesPlayed":540,"n_Goals":3,"n_Assists":0},{"c_Rank":"19","n_PersonID":349861,"c_Person":"Markus Rosenberg","c_PersonSort":"Rosenberg, Markus","c_PersonShort":"Rosenberg","n_PersonNatioGeoID":2222,"c_PersonNatio":"Sweden","c_PersonNatioShort":"SWE","n_TeamID":4718,"c_Team":"Malmö FF","c_TeamShort":"MAL","n_TeamNatioGeoID":2222,"c_TeamNatio":"Sweden","c_TeamNatioShort":"SWE","d_BirthDate":"\/Date(401925600000+0200)\/","n_FunctionType":8,"c_Function":"Forward","c_FunctionShort":"F","n_FunctionCode":8,"n_ShirtNr":9,"n_Matches":6,"n_MatchesStart":6,"n_MinutesPlayed":503,"n_Goals":3,"n_Assists":0},{"c_Rank":"19","n_PersonID":589961,"c_Person":"Lasse Schöne","c_PersonSort":"Schöne, Lasse","c_PersonShort":"Schöne","n_PersonNatioGeoID":2220,"c_PersonNatio":"Denmark","c_PersonNatioShort":"DEN","n_TeamID":2,"c_Team":"Ajax","c_TeamShort":"AJA","n_TeamNatioGeoID":2201,"c_TeamNatio":"Netherlands","c_TeamNatioShort":"NED","d_BirthDate":"\/Date(517528800000+0200)\/","n_FunctionType":4,"c_Function":"Midfielder","c_FunctionShort":"M","n_FunctionCode":4,"n_ShirtNr":20,"n_Matches":6,"n_MatchesStart":6,"n_MinutesPlayed":501,"n_Goals":3,"n_Assists":0},{"c_Rank":"19","n_PersonID":857655,"c_Person":"Son Heung-Min","c_PersonSort":"Son, Heung-Min","c_PersonShort":"Son H M","n_PersonNatioGeoID":4391,"c_PersonNatio":"Korea","c_PersonNatioShort":"KOR","n_TeamID":4452,"c_Team":"Bayer Leverkusen","c_TeamShort":"LEV","n_TeamNatioGeoID":2206,"c_TeamNatio":"Germany","c_TeamNatioShort":"GER","d_BirthDate":"\/Date(710546400000+0200)\/","n_FunctionType":8,"c_Function":"Forward","c_FunctionShort":"F","n_FunctionCode":8,"n_ShirtNr":7,"n_Matches":6,"n_MatchesStart":5,"n_MinutesPlayed":439,"n_Goals":3,"n_Assists":0},{"c_Rank":"19","n_PersonID":485510,"c_Person":"Carlos Tévez","c_PersonSort":"Tévez, Carlos","c_PersonShort":"Tévez","n_PersonNatioGeoID":2768,"c_PersonNatio":"Argentina","c_PersonNatioShort":"ARG","n_TeamID":4067,"c_Team":"Juventus","c_TeamShort":"JUV","n_TeamNatioGeoID":2210,"c_TeamNatio":"Italy","c_TeamNatioShort":"ITA","d_BirthDate":"\/Date(444783600000+0100)\/","n_FunctionType":8,"c_Function":"Forward","c_FunctionShort":"F","n_FunctionCode":8,"n_ShirtNr":10,"n_Matches":6,"n_MatchesStart":6,"n_MinutesPlayed":540,"n_Goals":3,"n_Assists":0},{"c_Rank":"28","n_PersonID":738100,"c_Person":"Marco Reus","c_PersonSort":"Reus, Marco","c_PersonShort":"Reus","n_PersonNatioGeoID":2206,"c_PersonNatio":"Germany","c_PersonNatioShort":"GER","n_TeamID":4025,"c_Team":"Borussia Dortmund","c_TeamShort":"BVB","n_TeamNatioGeoID":2206,"c_TeamNatio":"Germany","c_TeamNatioShort":"GER","d_BirthDate":"\/Date(612568800000+0200)\/","n_FunctionType":8,"c_Function":"Forward","c_FunctionShort":"F","n_FunctionCode":8,"n_ShirtNr":11,"n_Matches":2,"n_MatchesStart":2,"n_MinutesPlayed":161,"n_Goals":2,"n_Assists":1},{"c_Rank":"29","n_PersonID":853321,"c_Person":"Vincent Aboubakar","c_PersonSort":"Aboubakar, Vincent","c_PersonShort":"Aboubakar","n_PersonNatioGeoID":4351,"c_PersonNatio":"Cameroon","c_PersonNatioShort":"CMR","n_TeamID":4048,"c_Team":"FC Porto","c_TeamShort":"POR","n_TeamNatioGeoID":2223,"c_TeamNatio":"Portugal","c_TeamNatioShort":"POR","d_BirthDate":"\/Date(696034800000+0100)\/","n_FunctionType":8,"c_Function":"Forward","c_FunctionShort":"F","n_FunctionCode":8,"n_ShirtNr":99,"n_Matches":3,"n_MatchesStart":2,"n_MinutesPlayed":182,"n_Goals":2,"n_Assists":0},{"c_Rank":"29","n_PersonID":122966,"c_Person":"Zlatan Ibrahimovic","c_PersonSort":"Ibrahimovic, Zlatan","c_PersonShort":"Ibrahimovic","n_PersonNatioGeoID":2222,"c_PersonNatio":"Sweden","c_PersonNatioShort":"SWE","n_TeamID":4094,"c_Team":"Paris Saint-Germain","c_TeamShort":"PSG","n_TeamNatioGeoID":2202,"c_TeamNatio":"France","c_TeamNatioShort":"FRA","d_BirthDate":"\/Date(370908000000+0200)\/","n_FunctionType":8,"c_Function":"Forward","c_FunctionShort":"F","n_FunctionCode":8,"n_ShirtNr":10,"n_Matches":3,"n_MatchesStart":3,"n_MinutesPlayed":266,"n_Goals":2,"n_Assists":0},{"c_Rank":"29","n_PersonID":619834,"c_Person":"Luis Suárez","c_PersonSort":"Suárez, Luis","c_PersonShort":"Suárez","n_PersonNatioGeoID":2787,"c_PersonNatio":"Uruguay","c_PersonNatioShort":"URU","n_TeamID":4014,"c_Team":"FC Barcelona","c_TeamShort":"BAR","n_TeamNatioGeoID":2203,"c_TeamNatio":"Spain","c_TeamNatioShort":"ESP","d_BirthDate":"\/Date(538441200000+0100)\/","n_FunctionType":8,"c_Function":"Forward","c_FunctionShort":"F","n_FunctionCode":8,"n_ShirtNr":9,"n_Matches":3,"n_MatchesStart":3,"n_MinutesPlayed":257,"n_Goals":2,"n_Assists":1},{"c_Rank":"32","n_PersonID":429325,"c_Person":"Didier Drogba","c_PersonSort":"Drogba, Didier","c_PersonShort":"Drogba","n_PersonNatioGeoID":4349,"c_PersonNatio":"Ivory Coast","c_PersonNatioShort":"CIV","n_TeamID":4034,"c_Team":"Chelsea","c_TeamShort":"CHL","n_TeamNatioGeoID":2208,"c_TeamNatio":"England","c_TeamNatioShort":"ENG","d_BirthDate":"\/Date(258418800000+0100)\/","n_FunctionType":8,"c_Function":"Forward","c_FunctionShort":"F","n_FunctionCode":8,"n_ShirtNr":11,"n_Matches":4,"n_MatchesStart":2,"n_MinutesPlayed":264,"n_Goals":2,"n_Assists":1},{"c_Rank":"32","n_PersonID":567295,"c_Person":"Franck Ribéry","c_PersonSort":"Ribéry, Franck","c_PersonShort":"Ribéry","n_PersonNatioGeoID":2202,"c_PersonNatio":"France","c_PersonNatioShort":"FRA","n_TeamID":4017,"c_Team":"Bayern München","c_TeamShort":"FCB","n_TeamNatioGeoID":2206,"c_TeamNatio":"Germany","c_TeamNatioShort":"GER","d_BirthDate":"\/Date(418514400000+0200)\/","n_FunctionType":8,"c_Function":"Forward","c_FunctionShort":"F","n_FunctionCode":8,"n_ShirtNr":7,"n_Matches":4,"n_MatchesStart":3,"n_MinutesPlayed":239,"n_Goals":2,"n_Assists":0},{"c_Rank":"32","n_PersonID":550305,"c_Person":"Anthony Vanden Borre","c_PersonSort":"Vanden Borre, Anthony","c_PersonShort":"Vanden Borre","n_PersonNatioGeoID":2205,"c_PersonNatio":"Belgium","c_PersonNatioShort":"BEL","n_TeamID":4209,"c_Team":"Anderlecht","c_TeamShort":"AND","n_TeamNatioGeoID":2205,"c_TeamNatio":"Belgium","c_TeamNatioShort":"BEL","d_BirthDate":"\/Date(562024800000+0200)\/","n_FunctionType":2,"c_Function":"Defender","c_FunctionShort":"D","n_FunctionCode":2,"n_ShirtNr":39,"n_Matches":4,"n_MatchesStart":4,"n_MinutesPlayed":360,"n_Goals":2,"n_Assists":1},{"c_Rank":"35","n_PersonID":611005,"c_Person":"Gareth Bale","c_PersonSort":"Bale, Gareth","c_PersonShort":"Bale","n_PersonNatioGeoID":4386,"c_PersonNatio":"Wales","c_PersonNatioShort":"WAL","n_TeamID":4103,"c_Team":"Real Madrid","c_TeamShort":"MAD","n_TeamNatioGeoID":2203,"c_TeamNatio":"Spain","c_TeamNatioShort":"ESP","d_BirthDate":"\/Date(616543200000+0200)\/","n_FunctionType":4,"c_Function":"Midfielder","c_FunctionShort":"M","n_FunctionCode":4,"n_ShirtNr":11,"n_Matches":5,"n_MatchesStart":4,"n_MinutesPlayed":382,"n_Goals":2,"n_Assists":1},{"c_Rank":"35","n_PersonID":809014,"c_Person":"Antoine Griezmann","c_PersonSort":"Griezmann, Antoine","c_PersonShort":"Griezmann","n_PersonNatioGeoID":2202,"c_PersonNatio":"France","c_PersonNatioShort":"FRA","n_TeamID":4012,"c_Team":"Atlético Madrid","c_TeamShort":"ATL","n_TeamNatioGeoID":2203,"c_TeamNatio":"Spain","c_TeamNatioShort":"ESP","d_BirthDate":"\/Date(669510000000+0100)\/","n_FunctionType":8,"c_Function":"Forward","c_FunctionShort":"F","n_FunctionCode":8,"n_ShirtNr":7,"n_Matches":5,"n_MatchesStart":1,"n_MinutesPlayed":189,"n_Goals":2,"n_Assists":0},{"c_Rank":"35","n_PersonID":708733,"c_Person":"Eden Hazard","c_PersonSort":"Hazard, Eden","c_PersonShort":"E. Hazard","n_PersonNatioGeoID":2205,"c_PersonNatio":"Belgium","c_PersonNatioShort":"BEL","n_TeamID":4034,"c_Team":"Chelsea","c_TeamShort":"CHL","n_TeamNatioGeoID":2208,"c_TeamNatio":"England","c_TeamNatioShort":"ENG","d_BirthDate":"\/Date(663202800000+0100)\/","n_FunctionType":4,"c_Function":"Midfielder","c_FunctionShort":"M","n_FunctionCode":4,"n_ShirtNr":10,"n_Matches":5,"n_MatchesStart":5,"n_MinutesPlayed":444,"n_Goals":2,"n_Assists":2},{"c_Rank":"35","n_PersonID":1002391,"c_Person":"Héctor Herrera","c_PersonSort":"Herrera, Héctor","c_PersonShort":"H. Herrera","n_PersonNatioGeoID":2228,"c_PersonNatio":"Mexico","c_PersonNatioShort":"MEX","n_TeamID":4048,"c_Team":"FC Porto","c_TeamShort":"POR","n_TeamNatioGeoID":2223,"c_TeamNatio":"Portugal","c_TeamNatioShort":"POR","d_BirthDate":"\/Date(640476000000+0200)\/","n_FunctionType":4,"c_Function":"Midfielder","c_FunctionShort":"M","n_FunctionCode":4,"n_ShirtNr":16,"n_Matches":5,"n_MatchesStart":5,"n_MinutesPlayed":429,"n_Goals":2,"n_Assists":3},{"c_Rank":"35","n_PersonID":1073448,"c_Person":"Aleksandar Mitrovic","c_PersonSort":"Mitrovic, Aleksandar","c_PersonShort":"Mitrovic","n_PersonNatioGeoID":6944,"c_PersonNatio":"Serbia","c_PersonNatioShort":"SRB","n_TeamID":4209,"c_Team":"Anderlecht","c_TeamShort":"AND","n_TeamNatioGeoID":2205,"c_TeamNatio":"Belgium","c_TeamNatioShort":"BEL","d_BirthDate":"\/Date(779666400000+0200)\/","n_FunctionType":8,"c_Function":"Forward","c_FunctionShort":"F","n_FunctionCode":8,"n_ShirtNr":45,"n_Matches":5,"n_MatchesStart":4,"n_MinutesPlayed":355,"n_Goals":2,"n_Assists":0},{"c_Rank":"35","n_PersonID":666990,"c_Person":"Aaron Ramsey","c_PersonSort":"Ramsey, Aaron","c_PersonShort":"Ramsey","n_PersonNatioGeoID":4386,"c_PersonNatio":"Wales","c_PersonNatioShort":"WAL","n_TeamID":4007,"c_Team":"Arsenal","c_TeamShort":"ARS","n_TeamNatioGeoID":2208,"c_TeamNatio":"England","c_TeamNatioShort":"ENG","d_BirthDate":"\/Date(662166000000+0100)\/","n_FunctionType":4,"c_Function":"Midfielder","c_FunctionShort":"M","n_FunctionCode":4,"n_ShirtNr":16,"n_Matches":5,"n_MatchesStart":5,"n_MinutesPlayed":377,"n_Goals":2,"n_Assists":1},{"c_Rank":"35","n_PersonID":321579,"c_Person":"Arjen Robben","c_PersonSort":"Robben, Arjen","c_PersonShort":"Robben","n_PersonNatioGeoID":2201,"c_PersonNatio":"Netherlands","c_PersonNatioShort":"NED","n_TeamID":4017,"c_Team":"Bayern München","c_TeamShort":"FCB","n_TeamNatioGeoID":2206,"c_TeamNatio":"Germany","c_TeamNatioShort":"GER","d_BirthDate":"\/Date(443660400000+0100)\/","n_FunctionType":8,"c_Function":"Forward","c_FunctionShort":"F","n_FunctionCode":8,"n_ShirtNr":10,"n_Matches":5,"n_MatchesStart":3,"n_MinutesPlayed":321,"n_Goals":2,"n_Assists":1},{"c_Rank":"35","n_PersonID":718020,"c_Person":"Mikel San José","c_PersonSort":"San José, Mikel","c_PersonShort":"San José","n_PersonNatioGeoID":2203,"c_PersonNatio":"Spain","c_PersonNatioShort":"ESP","n_TeamID":4011,"c_Team":"Athletic Club","c_TeamShort":"ATH","n_TeamNatioGeoID":2203,"c_TeamNatio":"Spain","c_TeamNatioShort":"ESP","d_BirthDate":"\/Date(612482400000+0200)\/","n_FunctionType":2,"c_Function":"Defender","c_FunctionShort":"D","n_FunctionCode":2,"n_ShirtNr":6,"n_Matches":5,"n_MatchesStart":5,"n_MinutesPlayed":405,"n_Goals":2,"n_Assists":0},{"c_Rank":"35","n_PersonID":110490,"c_Person":"John Terry","c_PersonSort":"Terry, John","c_PersonShort":"Terry","n_PersonNatioGeoID":2208,"c_PersonNatio":"England","c_PersonNatioShort":"ENG","n_TeamID":4034,"c_Team":"Chelsea","c_TeamShort":"CHL","n_TeamNatioGeoID":2208,"c_TeamNatio":"England","c_TeamNatioShort":"ENG","d_BirthDate":"\/Date(344991600000+0100)\/","n_FunctionType":2,"c_Function":"Defender","c_FunctionShort":"D","n_FunctionCode":2,"n_ShirtNr":26,"n_Matches":5,"n_MatchesStart":5,"n_MinutesPlayed":450,"n_Goals":2,"n_Assists":2},{"c_Rank":"35","n_PersonID":40365,"c_Person":"Francesco Totti","c_PersonSort":"Totti, Francesco","c_PersonShort":"Totti","n_PersonNatioGeoID":2210,"c_PersonNatio":"Italy","c_PersonNatioShort":"ITA","n_TeamID":4009,"c_Team":"AS Roma","c_TeamShort":"ROM","n_TeamNatioGeoID":2210,"c_TeamNatio":"Italy","c_TeamNatioShort":"ITA","d_BirthDate":"\/Date(212623200000+0200)\/","n_FunctionType":8,"c_Function":"Forward","c_FunctionShort":"F","n_FunctionCode":8,"n_ShirtNr":10,"n_Matches":5,"n_MatchesStart":5,"n_MinutesPlayed":367,"n_Goals":2,"n_Assists":1},{"c_Rank":"45","n_PersonID":649777,"c_Person":"Dani Abalo","c_PersonSort":"Abalo, Dani","c_PersonShort":"Abalo","n_PersonNatioGeoID":2203,"c_PersonNatio":"Spain","c_PersonNatioShort":"ESP","n_TeamID":119310,"c_Team":"Ludogorets","c_TeamShort":"LUD","n_TeamNatioGeoID":2211,"c_TeamNatio":"Bulgaria","c_TeamNatioShort":"BUL","d_BirthDate":"\/Date(559864800000+0200)\/","n_FunctionType":4,"c_Function":"Midfielder","c_FunctionShort":"M","n_FunctionCode":4,"n_ShirtNr":17,"n_Matches":6,"n_MatchesStart":5,"n_MinutesPlayed":435,"n_Goals":2,"n_Assists":0},{"c_Rank":"45","n_PersonID":694620,"c_Person":"Adrien","c_PersonSort":"Adrien","c_PersonShort":"Adrien","n_PersonNatioGeoID":2223,"c_PersonNatio":"Portugal","c_PersonNatioShort":"POR","n_TeamID":4123,"c_Team":"Sporting CP","c_TeamShort":"SPO","n_TeamNatioGeoID":2223,"c_TeamNatio":"Portugal","c_TeamNatioShort":"POR","d_BirthDate":"\/Date(605919600000+0100)\/","n_FunctionType":4,"c_Function":"Midfielder","c_FunctionShort":"M","n_FunctionCode":4,"n_ShirtNr":23,"n_Matches":6,"n_MatchesStart":6,"n_MinutesPlayed":531,"n_Goals":2,"n_Assists":0},{"c_Rank":"45","n_PersonID":488257,"c_Person":"Ibrahim Afellay","c_PersonSort":"Afellay, Ibrahim","c_PersonShort":"Afellay","n_PersonNatioGeoID":2201,"c_PersonNatio":"Netherlands","c_PersonNatioShort":"NED","n_TeamID":4771,"c_Team":"Olympiacos","c_TeamShort":"OLY","n_TeamNatioGeoID":2774,"c_TeamNatio":"Greece","c_TeamNatioShort":"GRE","d_BirthDate":"\/Date(512776800000+0200)\/","n_FunctionType":4,"c_Function":"Midfielder","c_FunctionShort":"M","n_FunctionCode":4,"n_ShirtNr":6,"n_Matches":6,"n_MatchesStart":4,"n_MinutesPlayed":319,"n_Goals":2,"n_Assists":1},{"c_Rank":"45","n_PersonID":478575,"c_Person":"Cesc Fàbregas","c_PersonSort":"Fàbregas, Cesc","c_PersonShort":"Fàbregas","n_PersonNatioGeoID":2203,"c_PersonNatio":"Spain","c_PersonNatioShort":"ESP","n_TeamID":4034,"c_Team":"Chelsea","c_TeamShort":"CHL","n_TeamNatioGeoID":2208,"c_TeamNatio":"England","c_TeamNatioShort":"ENG","d_BirthDate":"\/Date(547077600000+0200)\/","n_FunctionType":4,"c_Function":"Midfielder","c_FunctionShort":"M","n_FunctionCode":4,"n_ShirtNr":4,"n_Matches":6,"n_MatchesStart":6,"n_MinutesPlayed":492,"n_Goals":2,"n_Assists":3},{"c_Rank":"45","n_PersonID":568609,"c_Person":"Raúl García","c_PersonSort":"García, Raúl","c_PersonShort":"García","n_PersonNatioGeoID":2203,"c_PersonNatio":"Spain","c_PersonNatioShort":"ESP","n_TeamID":4012,"c_Team":"Atlético Madrid","c_TeamShort":"ATL","n_TeamNatioGeoID":2203,"c_TeamNatio":"Spain","c_TeamNatioShort":"ESP","d_BirthDate":"\/Date(521416800000+0200)\/","n_FunctionType":4,"c_Function":"Midfielder","c_FunctionShort":"M","n_FunctionCode":4,"n_ShirtNr":8,"n_Matches":6,"n_MatchesStart":5,"n_MinutesPlayed":449,"n_Goals":2,"n_Assists":0},{"c_Rank":"45","n_PersonID":106136,"c_Person":"Steven Gerrard","c_PersonSort":"Gerrard, Steven","c_PersonShort":"Gerrard","n_PersonNatioGeoID":2208,"c_PersonNatio":"England","c_PersonNatioShort":"ENG","n_TeamID":4075,"c_Team":"Liverpool","c_TeamShort":"LIV","n_TeamNatioGeoID":2208,"c_TeamNatio":"England","c_TeamNatioShort":"ENG","d_BirthDate":"\/Date(328485600000+0200)\/","n_FunctionType":4,"c_Function":"Midfielder","c_FunctionShort":"M","n_FunctionCode":4,"n_ShirtNr":8,"n_Matches":6,"n_MatchesStart":5,"n_MinutesPlayed":472,"n_Goals":2,"n_Assists":0},{"c_Rank":"45","n_PersonID":922238,"c_Person":"Derlis Gonzalez","c_PersonSort":"Gonzalez, Derlis","c_PersonShort":"Gonzalez","n_PersonNatioGeoID":4370,"c_PersonNatio":"Paraguay","c_PersonNatioShort":"PAR","n_TeamID":4015,"c_Team":"FC Basel","c_TeamShort":"BAS","n_TeamNatioGeoID":2213,"c_TeamNatio":"Switzerland","c_TeamNatioShort":"SUI","d_BirthDate":"\/Date(764377200000+0100)\/","n_FunctionType":8,"c_Function":"Forward","c_FunctionShort":"F","n_FunctionCode":8,"n_ShirtNr":25,"n_Matches":6,"n_MatchesStart":5,"n_MinutesPlayed":508,"n_Goals":2,"n_Assists":0},{"c_Rank":"45","n_PersonID":990643,"c_Person":"Davy Klaassen","c_PersonSort":"Klaassen, Davy","c_PersonShort":"Klaassen","n_PersonNatioGeoID":2201,"c_PersonNatio":"Netherlands","c_PersonNatioShort":"NED","n_TeamID":2,"c_Team":"Ajax","c_TeamShort":"AJA","n_TeamNatioGeoID":2201,"c_TeamNatio":"Netherlands","c_TeamNatioShort":"NED","d_BirthDate":"\/Date(730249200000+0100)\/","n_FunctionType":4,"c_Function":"Midfielder","c_FunctionShort":"M","n_FunctionCode":4,"n_ShirtNr":10,"n_Matches":6,"n_MatchesStart":6,"n_MinutesPlayed":540,"n_Goals":2,"n_Assists":1},{"c_Rank":"45","n_PersonID":808178,"c_Person":"Koke","c_PersonSort":"Koke","c_PersonShort":"Koke","n_PersonNatioGeoID":2203,"c_PersonNatio":"Spain","c_PersonNatioShort":"ESP","n_TeamID":4012,"c_Team":"Atlético Madrid","c_TeamShort":"ATL","n_TeamNatioGeoID":2203,"c_TeamNatio":"Spain","c_TeamNatioShort":"ESP","d_BirthDate":"\/Date(694825200000+0100)\/","n_FunctionType":4,"c_Function":"Midfielder","c_FunctionShort":"M","n_FunctionCode":4,"n_ShirtNr":6,"n_Matches":6,"n_MatchesStart":6,"n_MinutesPlayed":540,"n_Goals":2,"n_Assists":4},{"c_Rank":"45","n_PersonID":736633,"c_Person":"Robert Lewandowski","c_PersonSort":"Lewandowski, Robert","c_PersonShort":"R. Lewandowski","n_PersonNatioGeoID":2214,"c_PersonNatio":"Poland","c_PersonNatioShort":"POL","n_TeamID":4017,"c_Team":"Bayern München","c_TeamShort":"FCB","n_TeamNatioGeoID":2206,"c_TeamNatio":"Germany","c_TeamNatioShort":"GER","d_BirthDate":"\/Date(588117600000+0200)\/","n_FunctionType":8,"c_Function":"Forward","c_FunctionShort":"F","n_FunctionCode":8,"n_ShirtNr":9,"n_Matches":6,"n_MatchesStart":5,"n_MinutesPlayed":467,"n_Goals":2,"n_Assists":2},{"c_Rank":"45","n_PersonID":697442,"c_Person":"Nemanja Matic","c_PersonSort":"Matic, Nemanja","c_PersonShort":"Matic","n_PersonNatioGeoID":6944,"c_PersonNatio":"Serbia","c_PersonNatioShort":"SRB","n_TeamID":4034,"c_Team":"Chelsea","c_TeamShort":"CHL","n_TeamNatioGeoID":2208,"c_TeamNatio":"England","c_TeamNatioShort":"ENG","d_BirthDate":"\/Date(586389600000+0200)\/","n_FunctionType":4,"c_Function":"Midfielder","c_FunctionShort":"M","n_FunctionCode":4,"n_ShirtNr":21,"n_Matches":6,"n_MatchesStart":6,"n_MinutesPlayed":540,"n_Goals":2,"n_Assists":1},{"c_Rank":"45","n_PersonID":1056303,"c_Person":"Chancel Mbemba","c_PersonSort":"Mbemba, Chancel","c_PersonShort":"Mbemba","n_PersonNatioGeoID":4388,"c_PersonNatio":"DR Congo","c_PersonNatioShort":"COD","n_TeamID":4209,"c_Team":"Anderlecht","c_TeamShort":"AND","n_TeamNatioGeoID":2205,"c_TeamNatio":"Belgium","c_TeamNatioShort":"BEL","d_BirthDate":"\/Date(776296800000+0200)\/","n_FunctionType":2,"c_Function":"Defender","c_FunctionShort":"D","n_FunctionCode":2,"n_ShirtNr":22,"n_Matches":6,"n_MatchesStart":6,"n_MinutesPlayed":504,"n_Goals":2,"n_Assists":0},{"c_Rank":"45","n_PersonID":693260,"c_Person":"Kostantinos Mitroglou","c_PersonSort":"Mitroglou, Kostantinos","c_PersonShort":"Mitroglou","n_PersonNatioGeoID":2774,"c_PersonNatio":"Greece","c_PersonNatioShort":"GRE","n_TeamID":4771,"c_Team":"Olympiacos","c_TeamShort":"OLY","n_TeamNatioGeoID":2774,"c_TeamNatio":"Greece","c_TeamNatioShort":"GRE","d_BirthDate":"\/Date(574124400000+0100)\/","n_FunctionType":8,"c_Function":"Forward","c_FunctionShort":"F","n_FunctionCode":8,"n_ShirtNr":7,"n_Matches":6,"n_MatchesStart":6,"n_MinutesPlayed":517,"n_Goals":2,"n_Assists":1},{"c_Rank":"45","n_PersonID":822047,"c_Person":"Islam Slimani","c_PersonSort":"Slimani, Islam","c_PersonShort":"Slimani","n_PersonNatioGeoID":2243,"c_PersonNatio":"Algeria","c_PersonNatioShort":"ALG","n_TeamID":4123,"c_Team":"Sporting CP","c_TeamShort":"SPO","n_TeamNatioGeoID":2223,"c_TeamNatio":"Portugal","c_TeamNatioShort":"POR","d_BirthDate":"\/Date(582588000000+0200)\/","n_FunctionType":8,"c_Function":"Forward","c_FunctionShort":"F","n_FunctionCode":8,"n_ShirtNr":9,"n_Matches":6,"n_MatchesStart":6,"n_MinutesPlayed":460,"n_Goals":2,"n_Assists":0},{"c_Rank":"45","n_PersonID":587131,"c_Person":"Burak Yilmaz","c_PersonSort":"Yilmaz, Burak","c_PersonShort":"Yilmaz","n_PersonNatioGeoID":2786,"c_PersonNatio":"Turkey","c_PersonNatioShort":"TUR","n_TeamID":4054,"c_Team":"Galatasaray","c_TeamShort":"GAL","n_TeamNatioGeoID":2786,"c_TeamNatio":"Turkey","c_TeamNatioShort":"TUR","d_BirthDate":"\/Date(490226400000+0200)\/","n_FunctionType":8,"c_Function":"Forward","c_FunctionShort":"F","n_FunctionCode":8,"n_ShirtNr":17,"n_Matches":6,"n_MatchesStart":5,"n_MinutesPlayed":411,"n_Goals":2,"n_Assists":0},{"c_Rank":"60","n_PersonID":1244826,"c_Person":"Álvaro Medrán","c_PersonSort":"Medrán, Álvaro","c_PersonShort":"Medrán","n_PersonNatioGeoID":2203,"c_PersonNatio":"Spain","c_PersonNatioShort":"ESP","n_TeamID":4103,"c_Team":"Real Madrid","c_TeamShort":"MAD","n_TeamNatioGeoID":2203,"c_TeamNatio":"Spain","c_TeamNatioShort":"ESP","d_BirthDate":"\/Date(763686000000+0100)\/","n_FunctionType":4,"c_Function":"Midfielder","c_FunctionShort":"M","n_FunctionCode":4,"n_ShirtNr":26,"n_Matches":1,"n_MatchesStart":0,"n_MinutesPlayed":8,"n_Goals":1,"n_Assists":0},{"c_Rank":"60","n_PersonID":693253,"c_Person":"Kyriakos Papadopoulos","c_PersonSort":"Papadopoulos, Kyriakos","c_PersonShort":"K. Papadopoulos","n_PersonNatioGeoID":2774,"c_PersonNatio":"Greece","c_PersonNatioShort":"GRE","n_TeamID":4452,"c_Team":"Bayer Leverkusen","c_TeamShort":"LEV","n_TeamNatioGeoID":2206,"c_TeamNatio":"Germany","c_TeamNatioShort":"GER","d_BirthDate":"\/Date(698799600000+0100)\/","n_FunctionType":2,"c_Function":"Defender","c_FunctionShort":"D","n_FunctionCode":2,"n_ShirtNr":14,"n_Matches":1,"n_MatchesStart":0,"n_MinutesPlayed":31,"n_Goals":1,"n_Assists":0},{"c_Rank":"62","n_PersonID":820227,"c_Person":"Aymen Abdennour","c_PersonSort":"Abdennour, Aymen","c_PersonShort":"Abdennour","n_PersonNatioGeoID":2246,"c_PersonNatio":"Tunisia","c_PersonNatioShort":"TUN","n_TeamID":4008,"c_Team":"AS Monaco","c_TeamShort":"MON","n_TeamNatioGeoID":2202,"c_TeamNatio":"France","c_TeamNatioShort":"FRA","d_BirthDate":"\/Date(618357600000+0200)\/","n_FunctionType":2,"c_Function":"Defender","c_FunctionShort":"D","n_FunctionCode":2,"n_ShirtNr":5,"n_Matches":2,"n_MatchesStart":2,"n_MinutesPlayed":180,"n_Goals":1,"n_Assists":0},{"c_Rank":"62","n_PersonID":592321,"c_Person":"Hakan Balta","c_PersonSort":"Balta, Hakan","c_PersonShort":"Balta","n_PersonNatioGeoID":2786,"c_PersonNatio":"Turkey","c_PersonNatioShort":"TUR","n_TeamID":4054,"c_Team":"Galatasaray","c_TeamShort":"GAL","n_TeamNatioGeoID":2786,"c_TeamNatio":"Turkey","c_TeamNatioShort":"TUR","d_BirthDate":"\/Date(417222000000+0100)\/","n_FunctionType":2,"c_Function":"Defender","c_FunctionShort":"D","n_FunctionCode":2,"n_ShirtNr":22,"n_Matches":2,"n_MatchesStart":2,"n_MinutesPlayed":180,"n_Goals":1,"n_Assists":0},{"c_Rank":"62","n_PersonID":480847,"c_Person":"Alessio Cerci","c_PersonSort":"Cerci, Alessio","c_PersonShort":"Cerci","n_PersonNatioGeoID":2210,"c_PersonNatio":"Italy","c_PersonNatioShort":"ITA","n_TeamID":4012,"c_Team":"Atlético Madrid","c_TeamShort":"ATL","n_TeamNatioGeoID":2203,"c_TeamNatio":"Spain","c_TeamNatioShort":"ESP","d_BirthDate":"\/Date(553989600000+0200)\/","n_FunctionType":4,"c_Function":"Midfielder","c_FunctionShort":"M","n_FunctionCode":4,"n_ShirtNr":22,"n_Matches":2,"n_MatchesStart":0,"n_MinutesPlayed":39,"n_Goals":1,"n_Assists":0},{"c_Rank":"62","n_PersonID":583951,"c_Person":"John Obi Mikel","c_PersonSort":"Mikel, John Obi","c_PersonShort":"Mikel","n_PersonNatioGeoID":4364,"c_PersonNatio":"Nigeria","c_PersonNatioShort":"NGR","n_TeamID":4034,"c_Team":"Chelsea","c_TeamShort":"CHL","n_TeamNatioGeoID":2208,"c_TeamNatio":"England","c_TeamNatioShort":"ENG","d_BirthDate":"\/Date(546040800000+0200)\/","n_FunctionType":4,"c_Function":"Midfielder","c_FunctionShort":"M","n_FunctionCode":4,"n_ShirtNr":12,"n_Matches":2,"n_MatchesStart":1,"n_MinutesPlayed":110,"n_Goals":1,"n_Assists":0},{"c_Rank":"62","n_PersonID":833992,"c_Person":"Yaya Sanogo","c_PersonSort":"Sanogo, Yaya","c_PersonShort":"Sanogo","n_PersonNatioGeoID":2202,"c_PersonNatio":"France","c_PersonNatioShort":"FRA","n_TeamID":4007,"c_Team":"Arsenal","c_TeamShort":"ARS","n_TeamNatioGeoID":2208,"c_TeamNatio":"England","c_TeamNatioShort":"ENG","d_BirthDate":"\/Date(728089200000+0100)\/","n_FunctionType":8,"c_Function":"Forward","c_FunctionShort":"F","n_FunctionCode":8,"n_ShirtNr":22,"n_Matches":2,"n_MatchesStart":2,"n_MinutesPlayed":169,"n_Goals":1,"n_Assists":1},{"c_Rank":"67","n_PersonID":291666,"c_Person":"Mikel Arteta","c_PersonSort":"Arteta, Mikel","c_PersonShort":"Arteta","n_PersonNatioGeoID":2203,"c_PersonNatio":"Spain","c_PersonNatioShort":"ESP","n_TeamID":4007,"c_Team":"Arsenal","c_TeamShort":"ARS","n_TeamNatioGeoID":2208,"c_TeamNatio":"England","c_TeamNatioShort":"ENG","d_BirthDate":"\/Date(385945200000+0100)\/","n_FunctionType":4,"c_Function":"Midfielder","c_FunctionShort":"M","n_FunctionCode":4,"n_ShirtNr":8,"n_Matches":3,"n_MatchesStart":3,"n_MinutesPlayed":206,"n_Goals":1,"n_Assists":0},{"c_Rank":"67","n_PersonID":710491,"c_Person":"Mario Balotelli","c_PersonSort":"Balotelli, Mario","c_PersonShort":"Balotelli","n_PersonNatioGeoID":2210,"c_PersonNatio":"Italy","c_PersonNatioShort":"ITA","n_TeamID":4075,"c_Team":"Liverpool","c_TeamShort":"LIV","n_TeamNatioGeoID":2208,"c_TeamNatio":"England","c_TeamNatioShort":"ENG","d_BirthDate":"\/Date(650412000000+0200)\/","n_FunctionType":8,"c_Function":"Forward","c_FunctionShort":"F","n_FunctionCode":8,"n_ShirtNr":45,"n_Matches":3,"n_MatchesStart":3,"n_MinutesPlayed":225,"n_Goals":1,"n_Assists":0},{"c_Rank":"67","n_PersonID":586052,"c_Person":"Shkelzen Gashi","c_PersonSort":"Gashi, Shkelzen","c_PersonShort":"Gashi","n_PersonNatioGeoID":4315,"c_PersonNatio":"Albania","c_PersonNatioShort":"ALB","n_TeamID":4015,"c_Team":"FC Basel","c_TeamShort":"BAS","n_TeamNatioGeoID":2213,"c_TeamNatio":"Switzerland","c_TeamNatioShort":"SUI","d_BirthDate":"\/Date(584920800000+0200)\/","n_FunctionType":4,"c_Function":"Midfielder","c_FunctionShort":"M","n_FunctionCode":4,"n_ShirtNr":11,"n_Matches":3,"n_MatchesStart":3,"n_MinutesPlayed":254,"n_Goals":1,"n_Assists":0},{"c_Rank":"67","n_PersonID":778477,"c_Person":"Jefferson","c_PersonSort":"Jefferson","c_PersonShort":"Jefferson","n_PersonNatioGeoID":2235,"c_PersonNatio":"Brazil","c_PersonNatioShort":"BRA","n_TeamID":4123,"c_Team":"Sporting CP","c_TeamShort":"SPO","n_TeamNatioGeoID":2223,"c_TeamNatio":"Portugal","c_TeamNatioShort":"POR","d_BirthDate":"\/Date(584056800000+0200)\/","n_FunctionType":2,"c_Function":"Defender","c_FunctionShort":"D","n_FunctionCode":2,"n_ShirtNr":4,"n_Matches":3,"n_MatchesStart":3,"n_MinutesPlayed":270,"n_Goals":1,"n_Assists":2},{"c_Rank":"67","n_PersonID":340386,"c_Person":"Rickie Lambert","c_PersonSort":"Lambert, Rickie","c_PersonShort":"Lambert","n_PersonNatioGeoID":2208,"c_PersonNatio":"England","c_PersonNatioShort":"ENG","n_TeamID":4075,"c_Team":"Liverpool","c_TeamShort":"LIV","n_TeamNatioGeoID":2208,"c_TeamNatio":"England","c_TeamNatioShort":"ENG","d_BirthDate":"\/Date(382662000000+0100)\/","n_FunctionType":8,"c_Function":"Forward","c_FunctionShort":"F","n_FunctionCode":8,"n_ShirtNr":9,"n_Matches":3,"n_MatchesStart":2,"n_MinutesPlayed":145,"n_Goals":1,"n_Assists":0},{"c_Rank":"67","n_PersonID":558801,"c_Person":"Maicon","c_PersonSort":"Maicon","c_PersonShort":"Maicon","n_PersonNatioGeoID":2235,"c_PersonNatio":"Brazil","c_PersonNatioShort":"BRA","n_TeamID":4009,"c_Team":"AS Roma","c_TeamShort":"ROM","n_TeamNatioGeoID":2210,"c_TeamNatio":"Italy","c_TeamNatioShort":"ITA","d_BirthDate":"\/Date(364946400000+0200)\/","n_FunctionType":2,"c_Function":"Defender","c_FunctionShort":"D","n_FunctionCode":2,"n_ShirtNr":13,"n_Matches":3,"n_MatchesStart":3,"n_MinutesPlayed":257,"n_Goals":1,"n_Assists":0},{"c_Rank":"67","n_PersonID":1194787,"c_Person":"Sandro Ramírez","c_PersonSort":"Ramírez, Sandro","c_PersonShort":"Ramírez","n_PersonNatioGeoID":2203,"c_PersonNatio":"Spain","c_PersonNatioShort":"ESP","n_TeamID":4014,"c_Team":"FC Barcelona","c_TeamShort":"BAR","n_TeamNatioGeoID":2203,"c_TeamNatio":"Spain","c_TeamNatioShort":"ESP","d_BirthDate":"\/Date(805240800000+0200)\/","n_FunctionType":8,"c_Function":"Forward","c_FunctionShort":"F","n_FunctionCode":8,"n_ShirtNr":29,"n_Matches":3,"n_MatchesStart":0,"n_MinutesPlayed":60,"n_Goals":1,"n_Assists":0},{"c_Rank":"67","n_PersonID":622741,"c_Person":"Loïc Rémy","c_PersonSort":"Rémy, Loïc","c_PersonShort":"Remy","n_PersonNatioGeoID":2202,"c_PersonNatio":"France","c_PersonNatioShort":"FRA","n_TeamID":4034,"c_Team":"Chelsea","c_TeamShort":"CHL","n_TeamNatioGeoID":2208,"c_TeamNatio":"England","c_TeamNatioShort":"ENG","d_BirthDate":"\/Date(536540400000+0100)\/","n_FunctionType":8,"c_Function":"Forward","c_FunctionShort":"F","n_FunctionCode":8,"n_ShirtNr":18,"n_Matches":3,"n_MatchesStart":1,"n_MinutesPlayed":53,"n_Goals":1,"n_Assists":0},{"c_Rank":"67","n_PersonID":721921,"c_Person":"Sebastian Rode","c_PersonSort":"Rode, Sebastian","c_PersonShort":"Rode","n_PersonNatioGeoID":2206,"c_PersonNatio":"Germany","c_PersonNatioShort":"GER","n_TeamID":4017,"c_Team":"Bayern München","c_TeamShort":"FCB","n_TeamNatioGeoID":2206,"c_TeamNatio":"Germany","c_TeamNatioShort":"GER","d_BirthDate":"\/Date(655596000000+0200)\/","n_FunctionType":4,"c_Function":"Midfielder","c_FunctionShort":"M","n_FunctionCode":4,"n_ShirtNr":20,"n_Matches":3,"n_MatchesStart":2,"n_MinutesPlayed":125,"n_Goals":1,"n_Assists":0},{"c_Rank":"67","n_PersonID":1041064,"c_Person":"Jonathan Silva","c_PersonSort":"Silva, Jonathan","c_PersonShort":"Silva","n_PersonNatioGeoID":2768,"c_PersonNatio":"Argentina","c_PersonNatioShort":"ARG","n_TeamID":4123,"c_Team":"Sporting CP","c_TeamShort":"SPO","n_TeamNatioGeoID":2223,"c_TeamNatio":"Portugal","c_TeamNatioShort":"POR","d_BirthDate":"\/Date(772840800000+0200)\/","n_FunctionType":2,"c_Function":"Defender","c_FunctionShort":"D","n_FunctionCode":2,"n_ShirtNr":33,"n_Matches":3,"n_MatchesStart":3,"n_MinutesPlayed":270,"n_Goals":1,"n_Assists":0},{"c_Rank":"67","n_PersonID":363988,"c_Person":"Marco Streller","c_PersonSort":"Streller, Marco","c_PersonShort":"Streller","n_PersonNatioGeoID":2213,"c_PersonNatio":"Switzerland","c_PersonNatioShort":"SUI","n_TeamID":4015,"c_Team":"FC Basel","c_TeamShort":"BAS","n_TeamNatioGeoID":2213,"c_TeamNatio":"Switzerland","c_TeamNatioShort":"SUI","d_BirthDate":"\/Date(361663200000+0200)\/","n_FunctionType":8,"c_Function":"Forward","c_FunctionShort":"F","n_FunctionCode":8,"n_ShirtNr":9,"n_Matches":3,"n_MatchesStart":3,"n_MinutesPlayed":237,"n_Goals":1,"n_Assists":0},{"c_Rank":"78","n_PersonID":958973,"c_Person":"Guillermo","c_PersonSort":"Guillermo","c_PersonShort":"Guillermo","n_PersonNatioGeoID":2203,"c_PersonNatio":"Spain","c_PersonNatioShort":"ESP","n_TeamID":4011,"c_Team":"Athletic Club","c_TeamShort":"ATH","n_TeamNatioGeoID":2203,"c_TeamNatio":"Spain","c_TeamNatioShort":"ESP","d_BirthDate":"\/Date(738108000000+0200)\/","n_FunctionType":8,"c_Function":"Forward","c_FunctionShort":"F","n_FunctionCode":8,"n_ShirtNr":22,"n_Matches":4,"n_MatchesStart":3,"n_MinutesPlayed":272,"n_Goals":1,"n_Assists":0},{"c_Rank":"78","n_PersonID":659901,"c_Person":"Benedikt Höwedes","c_PersonSort":"Höwedes, Benedikt","c_PersonShort":"Höwedes","n_PersonNatioGeoID":2206,"c_PersonNatio":"Germany","c_PersonNatioShort":"GER","n_TeamID":4112,"c_Team":"Schalke 04","c_TeamShort":"S04","n_TeamNatioGeoID":2206,"c_TeamNatio":"Germany","c_TeamNatioShort":"GER","d_BirthDate":"\/Date(573087600000+0100)\/","n_FunctionType":2,"c_Function":"Defender","c_FunctionShort":"D","n_FunctionCode":2,"n_ShirtNr":4,"n_Matches":4,"n_MatchesStart":4,"n_MinutesPlayed":360,"n_Goals":1,"n_Assists":0},{"c_Rank":"78","n_PersonID":942379,"c_Person":"Simon Kroon","c_PersonSort":"Kroon, Simon","c_PersonShort":"Kroon","n_PersonNatioGeoID":2222,"c_PersonNatio":"Sweden","c_PersonNatioShort":"SWE","n_TeamID":4718,"c_Team":"Malmö FF","c_TeamShort":"MAL","n_TeamNatioGeoID":2222,"c_TeamNatio":"Sweden","c_TeamNatioShort":"SWE","d_BirthDate":"\/Date(740181600000+0200)\/","n_FunctionType":4,"c_Function":"Midfielder","c_FunctionShort":"M","n_FunctionCode":4,"n_ShirtNr":14,"n_Matches":4,"n_MatchesStart":0,"n_MinutesPlayed":104,"n_Goals":1,"n_Assists":0},{"c_Rank":"78","n_PersonID":1194461,"c_Person":"Carlos Mané","c_PersonSort":"Mané, Carlos","c_PersonShort":"Mané","n_PersonNatioGeoID":2223,"c_PersonNatio":"Portugal","c_PersonNatioShort":"POR","n_TeamID":4123,"c_Team":"Sporting CP","c_TeamShort":"SPO","n_TeamNatioGeoID":2223,"c_TeamNatio":"Portugal","c_TeamNatioShort":"POR","d_BirthDate":"\/Date(763340400000+0100)\/","n_FunctionType":8,"c_Function":"Forward","c_FunctionShort":"F","n_FunctionCode":8,"n_ShirtNr":36,"n_Matches":4,"n_MatchesStart":2,"n_MinutesPlayed":191,"n_Goals":1,"n_Assists":0},{"c_Rank":"78","n_PersonID":569666,"c_Person":"Samir Nasri","c_PersonSort":"Nasri, Samir","c_PersonShort":"Nasri","n_PersonNatioGeoID":2202,"c_PersonNatio":"France","c_PersonNatioShort":"FRA","n_TeamID":4222,"c_Team":"Manchester City","c_TeamShort":"MCI","n_TeamNatioGeoID":2208,"c_TeamNatio":"England","c_TeamNatioShort":"ENG","d_BirthDate":"\/Date(551656800000+0200)\/","n_FunctionType":4,"c_Function":"Midfielder","c_FunctionShort":"M","n_FunctionCode":4,"n_ShirtNr":8,"n_Matches":4,"n_MatchesStart":3,"n_MinutesPlayed":282,"n_Goals":1,"n_Assists":1},{"c_Rank":"78","n_PersonID":583955,"c_Person":"Chinedu Obasi","c_PersonSort":"Obasi, Chinedu","c_PersonShort":"Obasi","n_PersonNatioGeoID":4364,"c_PersonNatio":"Nigeria","c_PersonNatioShort":"NGR","n_TeamID":4112,"c_Team":"Schalke 04","c_TeamShort":"S04","n_TeamNatioGeoID":2206,"c_TeamNatio":"Germany","c_TeamNatioShort":"GER","d_BirthDate":"\/Date(517960800000+0200)\/","n_FunctionType":4,"c_Function":"Midfielder","c_FunctionShort":"M","n_FunctionCode":4,"n_ShirtNr":20,"n_Matches":4,"n_MatchesStart":2,"n_MinutesPlayed":164,"n_Goals":1,"n_Assists":1},{"c_Rank":"78","n_PersonID":627971,"c_Person":"Sokratis Papastathopoulos","c_PersonSort":"Papastathopoulos, Sokratis","c_PersonShort":"Papastathopoulos","n_PersonNatioGeoID":2774,"c_PersonNatio":"Greece","c_PersonNatioShort":"GRE","n_TeamID":4025,"c_Team":"Borussia Dortmund","c_TeamShort":"BVB","n_TeamNatioGeoID":2206,"c_TeamNatio":"Germany","c_TeamNatioShort":"GER","d_BirthDate":"\/Date(581810400000+0200)\/","n_FunctionType":2,"c_Function":"Defender","c_FunctionShort":"D","n_FunctionCode":2,"n_ShirtNr":25,"n_Matches":4,"n_MatchesStart":4,"n_MinutesPlayed":360,"n_Goals":1,"n_Assists":0},{"c_Rank":"78","n_PersonID":560410,"c_Person":"Gerard Piqué","c_PersonSort":"Piqué, Gerard","c_PersonShort":"Piqué","n_PersonNatioGeoID":2203,"c_PersonNatio":"Spain","c_PersonNatioShort":"ESP","n_TeamID":4014,"c_Team":"FC Barcelona","c_TeamShort":"BAR","n_TeamNatioGeoID":2203,"c_TeamNatio":"Spain","c_TeamNatioShort":"ESP","d_BirthDate":"\/Date(539218800000+0100)\/","n_FunctionType":2,"c_Function":"Defender","c_FunctionShort":"D","n_FunctionCode":2,"n_ShirtNr":3,"n_Matches":4,"n_MatchesStart":4,"n_MinutesPlayed":360,"n_Goals":1,"n_Assists":0},{"c_Rank":"78","n_PersonID":106722,"c_Person":"Andrea Pirlo","c_PersonSort":"Pirlo, Andrea","c_PersonShort":"Pirlo","n_PersonNatioGeoID":2210,"c_PersonNatio":"Italy","c_PersonNatioShort":"ITA","n_TeamID":4067,"c_Team":"Juventus","c_TeamShort":"JUV","n_TeamNatioGeoID":2210,"c_TeamNatio":"Italy","c_TeamNatioShort":"ITA","d_BirthDate":"\/Date(295912800000+0200)\/","n_FunctionType":4,"c_Function":"Midfielder","c_FunctionShort":"M","n_FunctionCode":4,"n_ShirtNr":21,"n_Matches":4,"n_MatchesStart":4,"n_MinutesPlayed":327,"n_Goals":1,"n_Assists":0},{"c_Rank":"78","n_PersonID":787366,"c_Person":"Denis Polyakov","c_PersonSort":"Polyakov, Denis","c_PersonShort":"Polyakov","n_PersonNatioGeoID":4387,"c_PersonNatio":"Belarus","c_PersonNatioShort":"BLR","n_TeamID":104941,"c_Team":"BATE Borisov","c_TeamShort":"BBO","n_TeamNatioGeoID":4387,"c_TeamNatio":"Belarus","c_TeamNatioShort":"BLR","d_BirthDate":"\/Date(671839200000+0200)\/","n_FunctionType":2,"c_Function":"Defender","c_FunctionShort":"D","n_FunctionCode":2,"n_ShirtNr":33,"n_Matches":4,"n_MatchesStart":4,"n_MinutesPlayed":360,"n_Goals":1,"n_Assists":0},{"c_Rank":"78","n_PersonID":700109,"c_Person":"Ramires","c_PersonSort":"Ramires","c_PersonShort":"Ramires","n_PersonNatioGeoID":2235,"c_PersonNatio":"Brazil","c_PersonNatioShort":"BRA","n_TeamID":4034,"c_Team":"Chelsea","c_TeamShort":"CHL","n_TeamNatioGeoID":2208,"c_TeamNatio":"England","c_TeamNatioShort":"ENG","d_BirthDate":"\/Date(543538800000+0100)\/","n_FunctionType":4,"c_Function":"Midfielder","c_FunctionShort":"M","n_FunctionCode":4,"n_ShirtNr":7,"n_Matches":4,"n_MatchesStart":1,"n_MinutesPlayed":135,"n_Goals":1,"n_Assists":0},{"c_Rank":"78","n_PersonID":1118739,"c_Person":"Mouhamadou-Naby Sarr","c_PersonSort":"Sarr, Mouhamadou-Naby","c_PersonShort":"Sarr","n_PersonNatioGeoID":2202,"c_PersonNatio":"France","c_PersonNatioShort":"FRA","n_TeamID":4123,"c_Team":"Sporting CP","c_TeamShort":"SPO","n_TeamNatioGeoID":2223,"c_TeamNatio":"Portugal","c_TeamNatioShort":"POR","d_BirthDate":"\/Date(745711200000+0200)\/","n_FunctionType":2,"c_Function":"Defender","c_FunctionShort":"D","n_FunctionCode":2,"n_ShirtNr":29,"n_Matches":4,"n_MatchesStart":3,"n_MinutesPlayed":323,"n_Goals":1,"n_Assists":0},{"c_Rank":"78","n_PersonID":798102,"c_Person":"André Schürrle","c_PersonSort":"Schürrle, André","c_PersonShort":"Schürrle","n_PersonNatioGeoID":2206,"c_PersonNatio":"Germany","c_PersonNatioShort":"GER","n_TeamID":4034,"c_Team":"Chelsea","c_TeamShort":"CHL","n_TeamNatioGeoID":2208,"c_TeamNatio":"England","c_TeamNatioShort":"ENG","d_BirthDate":"\/Date(657846000000+0100)\/","n_FunctionType":8,"c_Function":"Forward","c_FunctionShort":"F","n_FunctionCode":8,"n_ShirtNr":14,"n_Matches":4,"n_MatchesStart":3,"n_MinutesPlayed":189,"n_Goals":1,"n_Assists":0},{"c_Rank":"78","n_PersonID":792063,"c_Person":"Xherdan Shaqiri","c_PersonSort":"Shaqiri, Xherdan","c_PersonShort":"Shaqiri","n_PersonNatioGeoID":2213,"c_PersonNatio":"Switzerland","c_PersonNatioShort":"SUI","n_TeamID":4017,"c_Team":"Bayern München","c_TeamShort":"FCB","n_TeamNatioGeoID":2206,"c_TeamNatio":"Germany","c_TeamNatioShort":"GER","d_BirthDate":"\/Date(687045600000+0200)\/","n_FunctionType":4,"c_Function":"Midfielder","c_FunctionShort":"M","n_FunctionCode":4,"n_ShirtNr":11,"n_Matches":4,"n_MatchesStart":0,"n_MinutesPlayed":52,"n_Goals":1,"n_Assists":0},{"c_Rank":"78","n_PersonID":803256,"c_Person":"Georgi Terziev","c_PersonSort":"Terziev, Georgi","c_PersonShort":"Terziev","n_PersonNatioGeoID":2211,"c_PersonNatio":"Bulgaria","c_PersonNatioShort":"BUL","n_TeamID":119310,"c_Team":"Ludogorets","c_TeamShort":"LUD","n_TeamNatioGeoID":2211,"c_TeamNatio":"Bulgaria","c_TeamNatioShort":"BUL","d_BirthDate":"\/Date(703548000000+0200)\/","n_FunctionType":2,"c_Function":"Defender","c_FunctionShort":"D","n_FunctionCode":2,"n_ShirtNr":55,"n_Matches":4,"n_MatchesStart":4,"n_MinutesPlayed":360,"n_Goals":1,"n_Assists":0},{"c_Rank":"78","n_PersonID":382588,"c_Person":"Yaya Touré","c_PersonSort":"Touré, Yaya","c_PersonShort":"Y. Touré","n_PersonNatioGeoID":4349,"c_PersonNatio":"Ivory Coast","c_PersonNatioShort":"CIV","n_TeamID":4222,"c_Team":"Manchester City","c_TeamShort":"MCI","n_TeamNatioGeoID":2208,"c_TeamNatio":"England","c_TeamNatioShort":"ENG","d_BirthDate":"\/Date(421624800000+0200)\/","n_FunctionType":4,"c_Function":"Midfielder","c_FunctionShort":"M","n_FunctionCode":4,"n_ShirtNr":42,"n_Matches":4,"n_MatchesStart":4,"n_MinutesPlayed":352,"n_Goals":1,"n_Assists":0},{"c_Rank":"78","n_PersonID":880729,"c_Person":"Marco Verratti","c_PersonSort":"Verratti, Marco","c_PersonShort":"Verratti","n_PersonNatioGeoID":2210,"c_PersonNatio":"Italy","c_PersonNatioShort":"ITA","n_TeamID":4094,"c_Team":"Paris Saint-Germain","c_TeamShort":"PSG","n_TeamNatioGeoID":2202,"c_TeamNatio":"France","c_TeamNatioShort":"FRA","d_BirthDate":"\/Date(720918000000+0100)\/","n_FunctionType":4,"c_Function":"Midfielder","c_FunctionShort":"M","n_FunctionCode":4,"n_ShirtNr":24,"n_Matches":4,"n_MatchesStart":4,"n_MinutesPlayed":284,"n_Goals":1,"n_Assists":0},{"c_Rank":"95","n_PersonID":642532,"c_Person":"Adrián","c_PersonSort":"Adrián","c_PersonShort":"Adrián","n_PersonNatioGeoID":2203,"c_PersonNatio":"Spain","c_PersonNatioShort":"ESP","n_TeamID":4048,"c_Team":"FC Porto","c_TeamShort":"POR","n_TeamNatioGeoID":2223,"c_TeamNatio":"Portugal","c_TeamNatioShort":"POR","d_BirthDate":"\/Date(568594800000+0100)\/","n_FunctionType":8,"c_Function":"Forward","c_FunctionShort":"F","n_FunctionCode":8,"n_ShirtNr":18,"n_Matches":5,"n_MatchesStart":2,"n_MinutesPlayed":165,"n_Goals":1,"n_Assists":0},{"c_Rank":"95","n_PersonID":447097,"c_Person":"Adúriz","c_PersonSort":"Adúriz","c_PersonShort":"Adúriz","n_PersonNatioGeoID":2203,"c_PersonNatio":"Spain","c_PersonNatioShort":"ESP","n_TeamID":4011,"c_Team":"Athletic Club","c_TeamShort":"ATH","n_TeamNatioGeoID":2203,"c_TeamNatio":"Spain","c_TeamNatioShort":"ESP","d_BirthDate":"\/Date(350694000000+0100)\/","n_FunctionType":8,"c_Function":"Forward","c_FunctionShort":"F","n_FunctionCode":8,"n_ShirtNr":20,"n_Matches":5,"n_MatchesStart":3,"n_MinutesPlayed":251,"n_Goals":1,"n_Assists":0},{"c_Rank":"95","n_PersonID":338106,"c_Person":"Xabi Alonso","c_PersonSort":"Alonso, Xabi","c_PersonShort":"Alonso","n_PersonNatioGeoID":2203,"c_PersonNatio":"Spain","c_PersonNatioShort":"ESP","n_TeamID":4017,"c_Team":"Bayern München","c_TeamShort":"FCB","n_TeamNatioGeoID":2206,"c_TeamNatio":"Germany","c_TeamNatioShort":"GER","d_BirthDate":"\/Date(375490800000+0100)\/","n_FunctionType":4,"c_Function":"Midfielder","c_FunctionShort":"M","n_FunctionCode":4,"n_ShirtNr":3,"n_Matches":5,"n_MatchesStart":5,"n_MinutesPlayed":432,"n_Goals":1,"n_Assists":0},{"c_Rank":"95","n_PersonID":483460,"c_Person":"Álvaro Arbeloa","c_PersonSort":"Arbeloa, Álvaro","c_PersonShort":"Arbeloa","n_PersonNatioGeoID":2203,"c_PersonNatio":"Spain","c_PersonNatioShort":"ESP","n_TeamID":4103,"c_Team":"Real Madrid","c_TeamShort":"MAD","n_TeamNatioGeoID":2203,"c_TeamNatio":"Spain","c_TeamNatioShort":"ESP","d_BirthDate":"\/Date(411606000000+0100)\/","n_FunctionType":2,"c_Function":"Defender","c_FunctionShort":"D","n_FunctionCode":2,"n_ShirtNr":17,"n_Matches":5,"n_MatchesStart":5,"n_MinutesPlayed":443,"n_Goals":1,"n_Assists":0},{"c_Rank":"95","n_PersonID":656459,"c_Person":"Jérôme Boateng","c_PersonSort":"Boateng, Jérôme","c_PersonShort":"J.Boateng","n_PersonNatioGeoID":2206,"c_PersonNatio":"Germany","c_PersonNatioShort":"GER","n_TeamID":4017,"c_Team":"Bayern München","c_TeamShort":"FCB","n_TeamNatioGeoID":2206,"c_TeamNatio":"Germany","c_TeamNatioShort":"GER","d_BirthDate":"\/Date(589240800000+0200)\/","n_FunctionType":2,"c_Function":"Defender","c_FunctionShort":"D","n_FunctionCode":2,"n_ShirtNr":17,"n_Matches":5,"n_MatchesStart":5,"n_MinutesPlayed":450,"n_Goals":1,"n_Assists":1},{"c_Rank":"95","n_PersonID":828023,"c_Person":"Giulio Donati","c_PersonSort":"Donati, Giulio","c_PersonShort":"Donati","n_PersonNatioGeoID":2210,"c_PersonNatio":"Italy","c_PersonNatioShort":"ITA","n_TeamID":4452,"c_Team":"Bayer Leverkusen","c_TeamShort":"LEV","n_TeamNatioGeoID":2206,"c_TeamNatio":"Germany","c_TeamNatioShort":"GER","d_BirthDate":"\/Date(634172400000+0100)\/","n_FunctionType":2,"c_Function":"Defender","c_FunctionShort":"D","n_FunctionCode":2,"n_ShirtNr":26,"n_Matches":5,"n_MatchesStart":3,"n_MinutesPlayed":305,"n_Goals":1,"n_Assists":0},{"c_Rank":"95","n_PersonID":1294746,"c_Person":"Anwar El Ghazi","c_PersonSort":"El Ghazi, Anwar","c_PersonShort":"El Ghazi","n_PersonNatioGeoID":2201,"c_PersonNatio":"Netherlands","c_PersonNatioShort":"NED","n_TeamID":2,"c_Team":"Ajax","c_TeamShort":"AJA","n_TeamNatioGeoID":2201,"c_TeamNatio":"Netherlands","c_TeamNatioShort":"NED","d_BirthDate":"\/Date(799452000000+0200)\/","n_FunctionType":8,"c_Function":"Forward","c_FunctionShort":"F","n_FunctionCode":8,"n_ShirtNr":21,"n_Matches":5,"n_MatchesStart":1,"n_MinutesPlayed":171,"n_Goals":1,"n_Assists":0},{"c_Rank":"95","n_PersonID":570078,"c_Person":"David Fuster","c_PersonSort":"Fuster, David","c_PersonShort":"Fuster","n_PersonNatioGeoID":2203,"c_PersonNatio":"Spain","c_PersonNatioShort":"ESP","n_TeamID":4771,"c_Team":"Olympiacos","c_TeamShort":"OLY","n_TeamNatioGeoID":2774,"c_TeamNatio":"Greece","c_TeamNatioShort":"GRE","d_BirthDate":"\/Date(381538800000+0100)\/","n_FunctionType":4,"c_Function":"Midfielder","c_FunctionShort":"M","n_FunctionCode":4,"n_ShirtNr":19,"n_Matches":5,"n_MatchesStart":1,"n_MinutesPlayed":182,"n_Goals":1,"n_Assists":0},{"c_Rank":"95","n_PersonID":669223,"c_Person":"Kieran Gibbs","c_PersonSort":"Gibbs, Kieran","c_PersonShort":"Gibbs","n_PersonNatioGeoID":2208,"c_PersonNatio":"England","c_PersonNatioShort":"ENG","n_TeamID":4007,"c_Team":"Arsenal","c_TeamShort":"ARS","n_TeamNatioGeoID":2208,"c_TeamNatio":"England","c_TeamNatioShort":"ENG","d_BirthDate":"\/Date(622764000000+0200)\/","n_FunctionType":2,"c_Function":"Defender","c_FunctionShort":"D","n_FunctionCode":2,"n_ShirtNr":3,"n_Matches":5,"n_MatchesStart":5,"n_MinutesPlayed":450,"n_Goals":1,"n_Assists":0},{"c_Rank":"95","n_PersonID":749311,"c_Person":"Jordan Henderson","c_PersonSort":"Henderson, Jordan","c_PersonShort":"Henderson","n_PersonNatioGeoID":2208,"c_PersonNatio":"England","c_PersonNatioShort":"ENG","n_TeamID":4075,"c_Team":"Liverpool","c_TeamShort":"LIV","n_TeamNatioGeoID":2208,"c_TeamNatio":"England","c_TeamNatioShort":"ENG","d_BirthDate":"\/Date(645573600000+0200)\/","n_FunctionType":4,"c_Function":"Midfielder","c_FunctionShort":"M","n_FunctionCode":4,"n_ShirtNr":14,"n_Matches":5,"n_MatchesStart":5,"n_MinutesPlayed":427,"n_Goals":1,"n_Assists":0},{"c_Rank":"95","n_PersonID":579407,"c_Person":"Fernando Llorente","c_PersonSort":"Llorente, Fernando","c_PersonShort":"Llorente","n_PersonNatioGeoID":2203,"c_PersonNatio":"Spain","c_PersonNatioShort":"ESP","n_TeamID":4067,"c_Team":"Juventus","c_TeamShort":"JUV","n_TeamNatioGeoID":2210,"c_TeamNatio":"Italy","c_TeamNatioShort":"ITA","d_BirthDate":"\/Date(478220400000+0100)\/","n_FunctionType":8,"c_Function":"Forward","c_FunctionShort":"F","n_FunctionCode":8,"n_ShirtNr":14,"n_Matches":5,"n_MatchesStart":4,"n_MinutesPlayed":371,"n_Goals":1,"n_Assists":0},{"c_Rank":"95","n_PersonID":106449,"c_Person":"Gustavo Manduca","c_PersonSort":"Manduca, Gustavo","c_PersonShort":"Manduca","n_PersonNatioGeoID":2235,"c_PersonNatio":"Brazil","c_PersonNatioShort":"BRA","n_TeamID":4417,"c_Team":"APOEL Nicosia","c_TeamShort":"APN","n_TeamNatioGeoID":4331,"c_TeamNatio":"Cyprus","c_TeamNatioShort":"CYP","d_BirthDate":"\/Date(329263200000+0200)\/","n_FunctionType":4,"c_Function":"Midfielder","c_FunctionShort":"M","n_FunctionCode":4,"n_ShirtNr":21,"n_Matches":5,"n_MatchesStart":4,"n_MinutesPlayed":321,"n_Goals":1,"n_Assists":0},{"c_Rank":"95","n_PersonID":951064,"c_Person":"Arkadiusz Milik","c_PersonSort":"Milik, Arkadiusz","c_PersonShort":"Milik","n_PersonNatioGeoID":2214,"c_PersonNatio":"Poland","c_PersonNatioShort":"POL","n_TeamID":2,"c_Team":"Ajax","c_TeamShort":"AJA","n_TeamNatioGeoID":2201,"c_TeamNatio":"Netherlands","c_TeamNatioShort":"NED","d_BirthDate":"\/Date(762390000000+0100)\/","n_FunctionType":8,"c_Function":"Forward","c_FunctionShort":"F","n_FunctionCode":8,"n_ShirtNr":19,"n_Matches":5,"n_MatchesStart":2,"n_MinutesPlayed":258,"n_Goals":1,"n_Assists":1},{"c_Rank":"95","n_PersonID":696810,"c_Person":"Yordan Minev","c_PersonSort":"Minev, Yordan","c_PersonShort":"Minev","n_PersonNatioGeoID":2211,"c_PersonNatio":"Bulgaria","c_PersonNatioShort":"BUL","n_TeamID":119310,"c_Team":"Ludogorets","c_TeamShort":"LUD","n_TeamNatioGeoID":2211,"c_TeamNatio":"Bulgaria","c_TeamNatioShort":"BUL","d_BirthDate":"\/Date(340322400000+0200)\/","n_FunctionType":2,"c_Function":"Defender","c_FunctionShort":"D","n_FunctionCode":2,"n_ShirtNr":25,"n_Matches":5,"n_MatchesStart":5,"n_MinutesPlayed":450,"n_Goals":1,"n_Assists":0},{"c_Rank":"95","n_PersonID":843293,"c_Person":"Andy Najar","c_PersonSort":"Najar, Andy","c_PersonShort":"Najar","n_PersonNatioGeoID":4342,"c_PersonNatio":"Honduras","c_PersonNatioShort":"HON","n_TeamID":4209,"c_Team":"Anderlecht","c_TeamShort":"AND","n_TeamNatioGeoID":2205,"c_TeamNatio":"Belgium","c_TeamNatioShort":"BEL","d_BirthDate":"\/Date(732236400000+0100)\/","n_FunctionType":4,"c_Function":"Midfielder","c_FunctionShort":"M","n_FunctionCode":4,"n_ShirtNr":7,"n_Matches":5,"n_MatchesStart":5,"n_MinutesPlayed":450,"n_Goals":1,"n_Assists":1},{"c_Rank":"95","n_PersonID":382908,"c_Person":"Ricardo Quaresma","c_PersonSort":"Quaresma, Ricardo","c_PersonShort":"Quaresma","n_PersonNatioGeoID":2223,"c_PersonNatio":"Portugal","c_PersonNatioShort":"POR","n_TeamID":4048,"c_Team":"FC Porto","c_TeamShort":"POR","n_TeamNatioGeoID":2223,"c_TeamNatio":"Portugal","c_TeamNatioShort":"POR","d_BirthDate":"\/Date(433375200000+0200)\/","n_FunctionType":4,"c_Function":"Midfielder","c_FunctionShort":"M","n_FunctionCode":4,"n_ShirtNr":7,"n_Matches":5,"n_MatchesStart":3,"n_MinutesPlayed":302,"n_Goals":1,"n_Assists":0},{"c_Rank":"95","n_PersonID":768521,"c_Person":"James Rodríguez","c_PersonSort":"Rodríguez, James","c_PersonShort":"Rodríguez","n_PersonNatioGeoID":2226,"c_PersonNatio":"Colombia","c_PersonNatioShort":"COL","n_TeamID":4103,"c_Team":"Real Madrid","c_TeamShort":"MAD","n_TeamNatioGeoID":2203,"c_TeamNatio":"Spain","c_TeamNatioShort":"ESP","d_BirthDate":"\/Date(679269600000+0200)\/","n_FunctionType":4,"c_Function":"Midfielder","c_FunctionShort":"M","n_FunctionCode":4,"n_ShirtNr":10,"n_Matches":5,"n_MatchesStart":4,"n_MinutesPlayed":346,"n_Goals":1,"n_Assists":1},{"c_Rank":"95","n_PersonID":749932,"c_Person":"Eduardo Salvio","c_PersonSort":"Salvio, Eduardo","c_PersonShort":"Salvio","n_PersonNatioGeoID":2768,"c_PersonNatio":"Argentina","c_PersonNatioShort":"ARG","n_TeamID":4019,"c_Team":"Benfica","c_TeamShort":"BEN","n_TeamNatioGeoID":2223,"c_TeamNatio":"Portugal","c_TeamNatioShort":"POR","d_BirthDate":"\/Date(647820000000+0200)\/","n_FunctionType":8,"c_Function":"Forward","c_FunctionShort":"F","n_FunctionCode":8,"n_ShirtNr":18,"n_Matches":5,"n_MatchesStart":5,"n_MinutesPlayed":450,"n_Goals":1,"n_Assists":0},{"c_Rank":"95","n_PersonID":284194,"c_Person":"Darijo Srna","c_PersonSort":"Srna, Darijo","c_PersonShort":"Srna","n_PersonNatioGeoID":4354,"c_PersonNatio":"Croatia","c_PersonNatioShort":"CRO","n_TeamID":4291,"c_Team":"Shakhtar Donetsk","c_TeamShort":"SHA","n_TeamNatioGeoID":2232,"c_TeamNatio":"Ukraine","c_TeamNatioShort":"UKR","d_BirthDate":"\/Date(389052000000+0200)\/","n_FunctionType":4,"c_Function":"Midfielder","c_FunctionShort":"M","n_FunctionCode":4,"n_ShirtNr":33,"n_Matches":5,"n_MatchesStart":5,"n_MinutesPlayed":450,"n_Goals":1,"n_Assists":1},{"c_Rank":"95","n_PersonID":887179,"c_Person":"Tello","c_PersonSort":"Tello","c_PersonShort":"Tello","n_PersonNatioGeoID":2203,"c_PersonNatio":"Spain","c_PersonNatioShort":"ESP","n_TeamID":4048,"c_Team":"FC Porto","c_TeamShort":"POR","n_TeamNatioGeoID":2223,"c_TeamNatio":"Portugal","c_TeamNatioShort":"POR","d_BirthDate":"\/Date(681861600000+0200)\/","n_FunctionType":8,"c_Function":"Forward","c_FunctionShort":"F","n_FunctionCode":8,"n_ShirtNr":11,"n_Matches":5,"n_MatchesStart":3,"n_MinutesPlayed":274,"n_Goals":1,"n_Assists":2},{"c_Rank":"95","n_PersonID":681805,"c_Person":"Willian","c_PersonSort":"Willian","c_PersonShort":"Willian","n_PersonNatioGeoID":2235,"c_PersonNatio":"Brazil","c_PersonNatioShort":"BRA","n_TeamID":4034,"c_Team":"Chelsea","c_TeamShort":"CHL","n_TeamNatioGeoID":2208,"c_TeamNatio":"England","c_TeamNatioShort":"ENG","d_BirthDate":"\/Date(587080800000+0200)\/","n_FunctionType":4,"c_Function":"Midfielder","c_FunctionShort":"M","n_FunctionCode":4,"n_ShirtNr":22,"n_Matches":5,"n_MatchesStart":4,"n_MinutesPlayed":332,"n_Goals":1,"n_Assists":1},{"c_Rank":"95","n_PersonID":617526,"c_Person":"Axel Witsel","c_PersonSort":"Witsel, Axel","c_PersonShort":"Witsel","n_PersonNatioGeoID":2205,"c_PersonNatio":"Belgium","c_PersonNatioShort":"BEL","n_TeamID":4991,"c_Team":"Zenit St. Petersburg","c_TeamShort":"ZEN","n_TeamNatioGeoID":2204,"c_TeamNatio":"Russia","c_TeamNatioShort":"RUS","d_BirthDate":"\/Date(600562800000+0100)\/","n_FunctionType":4,"c_Function":"Midfielder","c_FunctionShort":"M","n_FunctionCode":4,"n_ShirtNr":28,"n_Matches":5,"n_MatchesStart":5,"n_MinutesPlayed":442,"n_Goals":1,"n_Assists":0},{"c_Rank":"95","n_PersonID":587269,"c_Person":"Pablo Zabaleta","c_PersonSort":"Zabaleta, Pablo","c_PersonShort":"Zabaleta","n_PersonNatioGeoID":2768,"c_PersonNatio":"Argentina","c_PersonNatioShort":"ARG","n_TeamID":4222,"c_Team":"Manchester City","c_TeamShort":"MCI","n_TeamNatioGeoID":2208,"c_TeamNatio":"England","c_TeamNatioShort":"ENG","d_BirthDate":"\/Date(474678000000+0100)\/","n_FunctionType":2,"c_Function":"Defender","c_FunctionShort":"D","n_FunctionCode":2,"n_ShirtNr":5,"n_Matches":5,"n_MatchesStart":4,"n_MinutesPlayed":383,"n_Goals":1,"n_Assists":0},{"c_Rank":"95","n_PersonID":1189846,"c_Person":"Luka Zahovic","c_PersonSort":"Zahovic, Luka","c_PersonShort":"Zahovic","n_PersonNatioGeoID":2783,"c_PersonNatio":"Slovenia","c_PersonNatioShort":"SLO","n_TeamID":4721,"c_Team":"NK Maribor","c_TeamShort":"MAR","n_TeamNatioGeoID":2783,"c_TeamNatio":"Slovenia","c_TeamNatioShort":"SLO","d_BirthDate":"\/Date(816390000000+0100)\/","n_FunctionType":8,"c_Function":"Forward","c_FunctionShort":"F","n_FunctionCode":8,"n_ShirtNr":11,"n_Matches":5,"n_MatchesStart":2,"n_MinutesPlayed":191,"n_Goals":1,"n_Assists":0},{"c_Rank":"119","n_PersonID":920440,"c_Person":"Lucas Andersen","c_PersonSort":"Andersen, Lucas","c_PersonShort":"Andersen","n_PersonNatioGeoID":2220,"c_PersonNatio":"Denmark","c_PersonNatioShort":"DEN","n_TeamID":2,"c_Team":"Ajax","c_TeamShort":"AJA","n_TeamNatioGeoID":2201,"c_TeamNatio":"Netherlands","c_TeamNatioShort":"NED","d_BirthDate":"\/Date(779407200000+0200)\/","n_FunctionType":4,"c_Function":"Midfielder","c_FunctionShort":"M","n_FunctionCode":4,"n_ShirtNr":16,"n_Matches":6,"n_MatchesStart":6,"n_MinutesPlayed":484,"n_Goals":1,"n_Assists":0},{"c_Rank":"119","n_PersonID":1174646,"c_Person":"Anderson Talisca","c_PersonSort":"Anderson Talisca","c_PersonShort":"Anderson Talisca","n_PersonNatioGeoID":2235,"c_PersonNatio":"Brazil","c_PersonNatioShort":"BRA","n_TeamID":4019,"c_Team":"Benfica","c_TeamShort":"BEN","n_TeamNatioGeoID":2223,"c_TeamNatio":"Portugal","c_TeamNatioShort":"POR","d_BirthDate":"\/Date(760057200000+0100)\/","n_FunctionType":4,"c_Function":"Midfielder","c_FunctionShort":"M","n_FunctionCode":4,"n_ShirtNr":30,"n_Matches":6,"n_MatchesStart":5,"n_MinutesPlayed":321,"n_Goals":1,"n_Assists":0},{"c_Rank":"119","n_PersonID":571810,"c_Person":"Dennis Aogo","c_PersonSort":"Aogo, Dennis","c_PersonShort":"Aogo","n_PersonNatioGeoID":2206,"c_PersonNatio":"Germany","c_PersonNatioShort":"GER","n_TeamID":4112,"c_Team":"Schalke 04","c_TeamShort":"S04","n_TeamNatioGeoID":2206,"c_TeamNatio":"Germany","c_TeamNatioShort":"GER","d_BirthDate":"\/Date(537577200000+0100)\/","n_FunctionType":2,"c_Function":"Defender","c_FunctionShort":"D","n_FunctionCode":2,"n_ShirtNr":15,"n_Matches":6,"n_MatchesStart":6,"n_MinutesPlayed":540,"n_Goals":1,"n_Assists":1},{"c_Rank":"119","n_PersonID":964388,"c_Person":"Fuka Arthur Masuaku","c_PersonSort":"Arthur Masuaku, Fuka","c_PersonShort":"Arthur Masuaku","n_PersonNatioGeoID":2202,"c_PersonNatio":"France","c_PersonNatioShort":"FRA","n_TeamID":4771,"c_Team":"Olympiacos","c_TeamShort":"OLY","n_TeamNatioGeoID":2774,"c_TeamNatio":"Greece","c_TeamNatioShort":"GRE","d_BirthDate":"\/Date(752626800000+0100)\/","n_FunctionType":2,"c_Function":"Defender","c_FunctionShort":"D","n_FunctionCode":2,"n_ShirtNr":26,"n_Matches":6,"n_MatchesStart":6,"n_MinutesPlayed":540,"n_Goals":1,"n_Assists":0},{"c_Rank":"119","n_PersonID":347975,"c_Person":"Vasily Berezutski","c_PersonSort":"Berezutski, Vasily","c_PersonShort":"V. Berezutsky","n_PersonNatioGeoID":2204,"c_PersonNatio":"Russia","c_PersonNatioShort":"RUS","n_TeamID":4038,"c_Team":"CSKA Moskva","c_TeamShort":"CSK","n_TeamNatioGeoID":2204,"c_TeamNatio":"Russia","c_TeamNatioShort":"RUS","d_BirthDate":"\/Date(393372000000+0200)\/","n_FunctionType":2,"c_Function":"Defender","c_FunctionShort":"D","n_FunctionCode":2,"n_ShirtNr":24,"n_Matches":6,"n_MatchesStart":6,"n_MinutesPlayed":540,"n_Goals":1,"n_Assists":0},{"c_Rank":"119","n_PersonID":949184,"c_Person":"Damjan Bohar","c_PersonSort":"Bohar, Damjan","c_PersonShort":"Bohar","n_PersonNatioGeoID":2783,"c_PersonNatio":"Slovenia","c_PersonNatioShort":"SLO","n_TeamID":4721,"c_Team":"NK Maribor","c_TeamShort":"MAR","n_TeamNatioGeoID":2783,"c_TeamNatio":"Slovenia","c_TeamNatioShort":"SLO","d_BirthDate":"\/Date(687736800000+0200)\/","n_FunctionType":4,"c_Function":"Midfielder","c_FunctionShort":"M","n_FunctionCode":4,"n_ShirtNr":39,"n_Matches":6,"n_MatchesStart":3,"n_MinutesPlayed":317,"n_Goals":1,"n_Assists":0},{"c_Rank":"119","n_PersonID":709331,"c_Person":"Alberto Botía","c_PersonSort":"Botía, Alberto","c_PersonShort":"Botía","n_PersonNatioGeoID":2203,"c_PersonNatio":"Spain","c_PersonNatioShort":"ESP","n_TeamID":4771,"c_Team":"Olympiacos","c_TeamShort":"OLY","n_TeamNatioGeoID":2774,"c_TeamNatio":"Greece","c_TeamNatioShort":"GRE","d_BirthDate":"\/Date(601858800000+0100)\/","n_FunctionType":2,"c_Function":"Defender","c_FunctionShort":"D","n_FunctionCode":2,"n_ShirtNr":3,"n_Matches":6,"n_MatchesStart":6,"n_MinutesPlayed":540,"n_Goals":1,"n_Assists":1},{"c_Rank":"119","n_PersonID":1013554,"c_Person":"Hakan Calhanoglu","c_PersonSort":"Calhanoglu, Hakan","c_PersonShort":"Calhanoglu","n_PersonNatioGeoID":2786,"c_PersonNatio":"Turkey","c_PersonNatioShort":"TUR","n_TeamID":4452,"c_Team":"Bayer Leverkusen","c_TeamShort":"LEV","n_TeamNatioGeoID":2206,"c_TeamNatio":"Germany","c_TeamNatioShort":"GER","d_BirthDate":"\/Date(760662000000+0100)\/","n_FunctionType":4,"c_Function":"Midfielder","c_FunctionShort":"M","n_FunctionCode":4,"n_ShirtNr":10,"n_Matches":6,"n_MatchesStart":6,"n_MinutesPlayed":532,"n_Goals":1,"n_Assists":2},{"c_Rank":"119","n_PersonID":677959,"c_Person":"Eric Maxim Choupo-Moting","c_PersonSort":"Choupo-Moting, Eric Maxim","c_PersonShort":"Choupo-Moting","n_PersonNatioGeoID":4351,"c_PersonNatio":"Cameroon","c_PersonNatioShort":"CMR","n_TeamID":4112,"c_Team":"Schalke 04","c_TeamShort":"S04","n_TeamNatioGeoID":2206,"c_TeamNatio":"Germany","c_TeamNatioShort":"GER","d_BirthDate":"\/Date(606610800000+0100)\/","n_FunctionType":8,"c_Function":"Forward","c_FunctionShort":"F","n_FunctionCode":8,"n_ShirtNr":13,"n_Matches":6,"n_MatchesStart":4,"n_MinutesPlayed":398,"n_Goals":1,"n_Assists":0},{"c_Rank":"119","n_PersonID":749930,"c_Person":"Douglas Costa","c_PersonSort":"Costa, Douglas","c_PersonShort":"Costa","n_PersonNatioGeoID":2235,"c_PersonNatio":"Brazil","c_PersonNatioShort":"BRA","n_TeamID":4291,"c_Team":"Shakhtar Donetsk","c_TeamShort":"SHA","n_TeamNatioGeoID":2232,"c_TeamNatio":"Ukraine","c_TeamNatioShort":"UKR","d_BirthDate":"\/Date(653263200000+0200)\/","n_FunctionType":4,"c_Function":"Midfielder","c_FunctionShort":"M","n_FunctionCode":4,"n_ShirtNr":20,"n_Matches":6,"n_MatchesStart":6,"n_MinutesPlayed":437,"n_Goals":1,"n_Assists":1},{"c_Rank":"119","n_PersonID":404299,"c_Person":"Danny","c_PersonSort":"Danny","c_PersonShort":"Danny","n_PersonNatioGeoID":2223,"c_PersonNatio":"Portugal","c_PersonNatioShort":"POR","n_TeamID":4991,"c_Team":"Zenit St. Petersburg","c_TeamShort":"ZEN","n_TeamNatioGeoID":2204,"c_TeamNatio":"Russia","c_TeamNatioShort":"RUS","d_BirthDate":"\/Date(429055200000+0200)\/","n_FunctionType":4,"c_Function":"Midfielder","c_FunctionShort":"M","n_FunctionCode":4,"n_ShirtNr":35,"n_Matches":6,"n_MatchesStart":6,"n_MinutesPlayed":530,"n_Goals":1,"n_Assists":1},{"c_Rank":"119","n_PersonID":656693,"c_Person":"David Luiz","c_PersonSort":"David Luiz","c_PersonShort":"David Luiz","n_PersonNatioGeoID":2235,"c_PersonNatio":"Brazil","c_PersonNatioShort":"BRA","n_TeamID":4094,"c_Team":"Paris Saint-Germain","c_TeamShort":"PSG","n_TeamNatioGeoID":2202,"c_TeamNatio":"France","c_TeamNatioShort":"FRA","d_BirthDate":"\/Date(546040800000+0200)\/","n_FunctionType":2,"c_Function":"Defender","c_FunctionShort":"D","n_FunctionCode":2,"n_ShirtNr":32,"n_Matches":6,"n_MatchesStart":6,"n_MinutesPlayed":540,"n_Goals":1,"n_Assists":0},{"c_Rank":"119","n_PersonID":553051,"c_Person":"Alejandro Domínguez","c_PersonSort":"Domínguez, Alejandro","c_PersonShort":"Domínguez","n_PersonNatioGeoID":2768,"c_PersonNatio":"Argentina","c_PersonNatioShort":"ARG","n_TeamID":4771,"c_Team":"Olympiacos","c_TeamShort":"OLY","n_TeamNatioGeoID":2774,"c_TeamNatio":"Greece","c_TeamNatioShort":"GRE","d_BirthDate":"\/Date(360972000000+0200)\/","n_FunctionType":4,"c_Function":"Midfielder","c_FunctionShort":"M","n_FunctionCode":4,"n_ShirtNr":10,"n_Matches":6,"n_MatchesStart":5,"n_MinutesPlayed":409,"n_Goals":1,"n_Assists":1},{"c_Rank":"119","n_PersonID":1248444,"c_Person":"Breel Embolo","c_PersonSort":"Embolo, Breel","c_PersonShort":"Embolo","n_PersonNatioGeoID":4351,"c_PersonNatio":"Cameroon","c_PersonNatioShort":"CMR","n_TeamID":4015,"c_Team":"FC Basel","c_TeamShort":"BAS","n_TeamNatioGeoID":2213,"c_TeamNatio":"Switzerland","c_TeamNatioShort":"SUI","d_BirthDate":"\/Date(855874800000+0100)\/","n_FunctionType":8,"c_Function":"Forward","c_FunctionShort":"F","n_FunctionCode":8,"n_ShirtNr":36,"n_Matches":6,"n_MatchesStart":4,"n_MinutesPlayed":386,"n_Goals":1,"n_Assists":1},{"c_Rank":"119","n_PersonID":1052824,"c_Person":"Fabinho","c_PersonSort":"Fabinho","c_PersonShort":"Fabinho","n_PersonNatioGeoID":2235,"c_PersonNatio":"Brazil","c_PersonNatioShort":"BRA","n_TeamID":4008,"c_Team":"AS Monaco","c_TeamShort":"MON","n_TeamNatioGeoID":2202,"c_TeamNatio":"France","c_TeamNatioShort":"FRA","d_BirthDate":"\/Date(751327200000+0200)\/","n_FunctionType":2,"c_Function":"Defender","c_FunctionShort":"D","n_FunctionCode":2,"n_ShirtNr":2,"n_Matches":6,"n_MatchesStart":5,"n_MinutesPlayed":458,"n_Goals":1,"n_Assists":0},{"c_Rank":"119","n_PersonID":665542,"c_Person":"Fabian Frei","c_PersonSort":"Frei, Fabian","c_PersonShort":"F. Frei","n_PersonNatioGeoID":2213,"c_PersonNatio":"Switzerland","c_PersonNatioShort":"SUI","n_TeamID":4015,"c_Team":"FC Basel","c_TeamShort":"BAS","n_TeamNatioGeoID":2213,"c_TeamNatio":"Switzerland","c_TeamNatioShort":"SUI","d_BirthDate":"\/Date(600217200000+0100)\/","n_FunctionType":4,"c_Function":"Midfielder","c_FunctionShort":"M","n_FunctionCode":4,"n_ShirtNr":20,"n_Matches":6,"n_MatchesStart":6,"n_MinutesPlayed":516,"n_Goals":1,"n_Assists":2},{"c_Rank":"119","n_PersonID":597056,"c_Person":"Diego Godín","c_PersonSort":"Godín, Diego","c_PersonShort":"Godín","n_PersonNatioGeoID":2787,"c_PersonNatio":"Uruguay","c_PersonNatioShort":"URU","n_TeamID":4012,"c_Team":"Atlético Madrid","c_TeamShort":"ATL","n_TeamNatioGeoID":2203,"c_TeamNatio":"Spain","c_TeamNatioShort":"ESP","d_BirthDate":"\/Date(508892400000+0100)\/","n_FunctionType":2,"c_Function":"Defender","c_FunctionShort":"D","n_FunctionCode":2,"n_ShirtNr":2,"n_Matches":6,"n_MatchesStart":6,"n_MinutesPlayed":540,"n_Goals":1,"n_Assists":0},{"c_Rank":"119","n_PersonID":745007,"c_Person":"Hulk","c_PersonSort":"Hulk","c_PersonShort":"Hulk","n_PersonNatioGeoID":2235,"c_PersonNatio":"Brazil","c_PersonNatioShort":"BRA","n_TeamID":4991,"c_Team":"Zenit St. Petersburg","c_TeamShort":"ZEN","n_TeamNatioGeoID":2204,"c_TeamNatio":"Russia","c_TeamNatioShort":"RUS","d_BirthDate":"\/Date(522626400000+0200)\/","n_FunctionType":8,"c_Function":"Forward","c_FunctionShort":"F","n_FunctionCode":8,"n_ShirtNr":7,"n_Matches":6,"n_MatchesStart":6,"n_MinutesPlayed":535,"n_Goals":1,"n_Assists":1},{"c_Rank":"119","n_PersonID":949278,"c_Person":"Agim Ibraimi","c_PersonSort":"Ibraimi, Agim","c_PersonShort":"Ibraimi","n_PersonNatioGeoID":4358,"c_PersonNatio":"FYR Macedonia","c_PersonNatioShort":"MKD","n_TeamID":4721,"c_Team":"NK Maribor","c_TeamShort":"MAR","n_TeamNatioGeoID":2783,"c_TeamNatio":"Slovenia","c_TeamNatioShort":"SLO","d_BirthDate":"\/Date(588808800000+0200)\/","n_FunctionType":4,"c_Function":"Midfielder","c_FunctionShort":"M","n_FunctionCode":4,"n_ShirtNr":10,"n_Matches":6,"n_MatchesStart":5,"n_MinutesPlayed":465,"n_Goals":1,"n_Assists":0},{"c_Rank":"119","n_PersonID":824265,"c_Person":"Juan Iturbe","c_PersonSort":"Iturbe, Juan","c_PersonShort":"Iturbe","n_PersonNatioGeoID":2768,"c_PersonNatio":"Argentina","c_PersonNatioShort":"ARG","n_TeamID":4009,"c_Team":"AS Roma","c_TeamShort":"ROM","n_TeamNatioGeoID":2210,"c_TeamNatio":"Italy","c_TeamNatioShort":"ITA","d_BirthDate":"\/Date(739144800000+0200)\/","n_FunctionType":8,"c_Function":"Forward","c_FunctionShort":"F","n_FunctionCode":8,"n_ShirtNr":7,"n_Matches":6,"n_MatchesStart":3,"n_MinutesPlayed":247,"n_Goals":1,"n_Assists":2},{"c_Rank":"119","n_PersonID":1160872,"c_Person":"Aleksandr Karnitskiy","c_PersonSort":"Karnitskiy, Aleksandr","c_PersonShort":"Karnitskiy","n_PersonNatioGeoID":4387,"c_PersonNatio":"Belarus","c_PersonNatioShort":"BLR","n_TeamID":104941,"c_Team":"BATE Borisov","c_TeamShort":"BBO","n_TeamNatioGeoID":4387,"c_TeamNatio":"Belarus","c_TeamNatioShort":"BLR","d_BirthDate":"\/Date(603414000000+0100)\/","n_FunctionType":4,"c_Function":"Midfielder","c_FunctionShort":"M","n_FunctionCode":4,"n_ShirtNr":7,"n_Matches":6,"n_MatchesStart":5,"n_MinutesPlayed":452,"n_Goals":1,"n_Assists":0},{"c_Rank":"119","n_PersonID":829932,"c_Person":"Pajtim Kasami","c_PersonSort":"Kasami, Pajtim","c_PersonShort":"Kasami","n_PersonNatioGeoID":2213,"c_PersonNatio":"Switzerland","c_PersonNatioShort":"SUI","n_TeamID":4771,"c_Team":"Olympiacos","c_TeamShort":"OLY","n_TeamNatioGeoID":2774,"c_TeamNatio":"Greece","c_TeamNatioShort":"GRE","d_BirthDate":"\/Date(707436000000+0200)\/","n_FunctionType":4,"c_Function":"Midfielder","c_FunctionShort":"M","n_FunctionCode":4,"n_ShirtNr":11,"n_Matches":6,"n_MatchesStart":4,"n_MinutesPlayed":392,"n_Goals":1,"n_Assists":3},{"c_Rank":"119","n_PersonID":459701,"c_Person":"Stefan Kießling","c_PersonSort":"Kießling, Stefan","c_PersonShort":"Kießling","n_PersonNatioGeoID":2206,"c_PersonNatio":"Germany","c_PersonNatioShort":"GER","n_TeamID":4452,"c_Team":"Bayer Leverkusen","c_TeamShort":"LEV","n_TeamNatioGeoID":2206,"c_TeamNatio":"Germany","c_TeamNatioShort":"GER","d_BirthDate":"\/Date(443833200000+0100)\/","n_FunctionType":8,"c_Function":"Forward","c_FunctionShort":"F","n_FunctionCode":8,"n_ShirtNr":11,"n_Matches":6,"n_MatchesStart":5,"n_MinutesPlayed":444,"n_Goals":1,"n_Assists":1},{"c_Rank":"119","n_PersonID":954311,"c_Person":"Marcelinho","c_PersonSort":"Marcelinho","c_PersonShort":"Marcelinho","n_PersonNatioGeoID":2235,"c_PersonNatio":"Brazil","c_PersonNatioShort":"BRA","n_TeamID":119310,"c_Team":"Ludogorets","c_TeamShort":"LUD","n_TeamNatioGeoID":2211,"c_TeamNatio":"Bulgaria","c_TeamNatioShort":"BUL","d_BirthDate":"\/Date(462146400000+0200)\/","n_FunctionType":4,"c_Function":"Midfielder","c_FunctionShort":"M","n_FunctionCode":4,"n_ShirtNr":84,"n_Matches":6,"n_MatchesStart":6,"n_MinutesPlayed":449,"n_Goals":1,"n_Assists":0},{"c_Rank":"119","n_PersonID":584588,"c_Person":"Blaise Matuidi","c_PersonSort":"Matuidi, Blaise","c_PersonShort":"Matuidi","n_PersonNatioGeoID":2202,"c_PersonNatio":"France","c_PersonNatioShort":"FRA","n_TeamID":4094,"c_Team":"Paris Saint-Germain","c_TeamShort":"PSG","n_TeamNatioGeoID":2202,"c_TeamNatio":"France","c_TeamNatioShort":"FRA","d_BirthDate":"\/Date(544917600000+0200)\/","n_FunctionType":4,"c_Function":"Midfielder","c_FunctionShort":"M","n_FunctionCode":4,"n_ShirtNr":14,"n_Matches":6,"n_MatchesStart":6,"n_MinutesPlayed":525,"n_Goals":1,"n_Assists":1},{"c_Rank":"119","n_PersonID":1109512,"c_Person":"Max Meyer","c_PersonSort":"Meyer, Max","c_PersonShort":"Meyer","n_PersonNatioGeoID":2206,"c_PersonNatio":"Germany","c_PersonNatioShort":"GER","n_TeamID":4112,"c_Team":"Schalke 04","c_TeamShort":"S04","n_TeamNatioGeoID":2206,"c_TeamNatio":"Germany","c_TeamNatioShort":"GER","d_BirthDate":"\/Date(811375200000+0200)\/","n_FunctionType":4,"c_Function":"Midfielder","c_FunctionShort":"M","n_FunctionCode":4,"n_ShirtNr":7,"n_Matches":6,"n_MatchesStart":2,"n_MinutesPlayed":241,"n_Goals":1,"n_Assists":0},{"c_Rank":"119","n_PersonID":450636,"c_Person":"James Milner","c_PersonSort":"Milner, James","c_PersonShort":"Milner","n_PersonNatioGeoID":2208,"c_PersonNatio":"England","c_PersonNatioShort":"ENG","n_TeamID":4222,"c_Team":"Manchester City","c_TeamShort":"MCI","n_TeamNatioGeoID":2208,"c_TeamNatio":"England","c_TeamNatioShort":"ENG","d_BirthDate":"\/Date(505177200000+0100)\/","n_FunctionType":4,"c_Function":"Midfielder","c_FunctionShort":"M","n_FunctionCode":4,"n_ShirtNr":7,"n_Matches":6,"n_MatchesStart":4,"n_MinutesPlayed":414,"n_Goals":1,"n_Assists":0},{"c_Rank":"119","n_PersonID":568630,"c_Person":"João Moutinho","c_PersonSort":"Moutinho, João","c_PersonShort":"Moutinho","n_PersonNatioGeoID":2223,"c_PersonNatio":"Portugal","c_PersonNatioShort":"POR","n_TeamID":4008,"c_Team":"AS Monaco","c_TeamShort":"MON","n_TeamNatioGeoID":2202,"c_TeamNatio":"France","c_TeamNatioShort":"FRA","d_BirthDate":"\/Date(526514400000+0200)\/","n_FunctionType":4,"c_Function":"Midfielder","c_FunctionShort":"M","n_FunctionCode":4,"n_ShirtNr":8,"n_Matches":6,"n_MatchesStart":6,"n_MinutesPlayed":532,"n_Goals":1,"n_Assists":1},{"c_Rank":"119","n_PersonID":904370,"c_Person":"Ahmed Musa","c_PersonSort":"Musa, Ahmed","c_PersonShort":"Musa","n_PersonNatioGeoID":4364,"c_PersonNatio":"Nigeria","c_PersonNatioShort":"NGR","n_TeamID":4038,"c_Team":"CSKA Moskva","c_TeamShort":"CSK","n_TeamNatioGeoID":2204,"c_TeamNatio":"Russia","c_TeamNatioShort":"RUS","d_BirthDate":"\/Date(719013600000+0200)\/","n_FunctionType":8,"c_Function":"Forward","c_FunctionShort":"F","n_FunctionCode":8,"n_ShirtNr":18,"n_Matches":6,"n_MatchesStart":6,"n_MinutesPlayed":531,"n_Goals":1,"n_Assists":1},{"c_Rank":"119","n_PersonID":637369,"c_Person":"Bebars Natcho","c_PersonSort":"Natcho, Bebars","c_PersonShort":"Natcho","n_PersonNatioGeoID":2777,"c_PersonNatio":"Israel","c_PersonNatioShort":"ISR","n_TeamID":4038,"c_Team":"CSKA Moskva","c_TeamShort":"CSK","n_TeamNatioGeoID":2204,"c_TeamNatio":"Russia","c_TeamNatioShort":"RUS","d_BirthDate":"\/Date(572137200000+0100)\/","n_FunctionType":4,"c_Function":"Midfielder","c_FunctionShort":"M","n_FunctionCode":4,"n_ShirtNr":66,"n_Matches":6,"n_MatchesStart":6,"n_MinutesPlayed":492,"n_Goals":1,"n_Assists":2},{"c_Rank":"119","n_PersonID":682003,"c_Person":"Delvin Ndinga","c_PersonSort":"Ndinga, Delvin","c_PersonShort":"Ndinga","n_PersonNatioGeoID":6991,"c_PersonNatio":"Congo","c_PersonNatioShort":"CGO","n_TeamID":4771,"c_Team":"Olympiacos","c_TeamShort":"OLY","n_TeamNatioGeoID":2774,"c_TeamNatio":"Greece","c_TeamNatioShort":"GRE","d_BirthDate":"\/Date(574297200000+0100)\/","n_FunctionType":4,"c_Function":"Midfielder","c_FunctionShort":"M","n_FunctionCode":4,"n_ShirtNr":8,"n_Matches":6,"n_MatchesStart":5,"n_MinutesPlayed":426,"n_Goals":1,"n_Assists":0},{"c_Rank":"119","n_PersonID":1079234,"c_Person":"Lucas Ocampos","c_PersonSort":"Ocampos, Lucas","c_PersonShort":"Ocampos","n_PersonNatioGeoID":2768,"c_PersonNatio":"Argentina","c_PersonNatioShort":"ARG","n_TeamID":4008,"c_Team":"AS Monaco","c_TeamShort":"MON","n_TeamNatioGeoID":2202,"c_TeamNatio":"France","c_TeamNatioShort":"FRA","d_BirthDate":"\/Date(773877600000+0200)\/","n_FunctionType":4,"c_Function":"Midfielder","c_FunctionShort":"M","n_FunctionCode":4,"n_ShirtNr":11,"n_Matches":6,"n_MatchesStart":4,"n_MinutesPlayed":283,"n_Goals":1,"n_Assists":0},{"c_Rank":"119","n_PersonID":876366,"c_Person":"Alex Oxlade-Chamberlain","c_PersonSort":"Oxlade-Chamberlain, Alex","c_PersonShort":"Oxlade-Chamberlain","n_PersonNatioGeoID":2208,"c_PersonNatio":"England","c_PersonNatioShort":"ENG","n_TeamID":4007,"c_Team":"Arsenal","c_TeamShort":"ARS","n_TeamNatioGeoID":2208,"c_TeamNatio":"England","c_TeamNatioShort":"ENG","d_BirthDate":"\/Date(745365600000+0200)\/","n_FunctionType":8,"c_Function":"Forward","c_FunctionShort":"F","n_FunctionCode":8,"n_ShirtNr":15,"n_Matches":6,"n_MatchesStart":4,"n_MinutesPlayed":374,"n_Goals":1,"n_Assists":2},{"c_Rank":"119","n_PersonID":819217,"c_Person":"Paul Pogba","c_PersonSort":"Pogba, Paul","c_PersonShort":"Pogba","n_PersonNatioGeoID":2202,"c_PersonNatio":"France","c_PersonNatioShort":"FRA","n_TeamID":4067,"c_Team":"Juventus","c_TeamShort":"JUV","n_TeamNatioGeoID":2210,"c_TeamNatio":"Italy","c_TeamNatioShort":"ITA","d_BirthDate":"\/Date(732150000000+0100)\/","n_FunctionType":4,"c_Function":"Midfielder","c_FunctionShort":"M","n_FunctionCode":4,"n_ShirtNr":6,"n_Matches":6,"n_MatchesStart":6,"n_MinutesPlayed":537,"n_Goals":1,"n_Assists":1},{"c_Rank":"119","n_PersonID":960670,"c_Person":"Dennis Praet","c_PersonSort":"Praet, Dennis","c_PersonShort":"Praet","n_PersonNatioGeoID":2205,"c_PersonNatio":"Belgium","c_PersonNatioShort":"BEL","n_TeamID":4209,"c_Team":"Anderlecht","c_TeamShort":"AND","n_TeamNatioGeoID":2205,"c_TeamNatio":"Belgium","c_TeamNatioShort":"BEL","d_BirthDate":"\/Date(768866400000+0200)\/","n_FunctionType":4,"c_Function":"Midfielder","c_FunctionShort":"M","n_FunctionCode":4,"n_ShirtNr":10,"n_Matches":6,"n_MatchesStart":6,"n_MinutesPlayed":520,"n_Goals":1,"n_Assists":2},{"c_Rank":"119","n_PersonID":772907,"c_Person":"Salomón Rondón","c_PersonSort":"Rondón, Salomón","c_PersonShort":"Rondón","n_PersonNatioGeoID":2238,"c_PersonNatio":"Venezuela","c_PersonNatioShort":"VEN","n_TeamID":4991,"c_Team":"Zenit St. Petersburg","c_TeamShort":"ZEN","n_TeamNatioGeoID":2204,"c_TeamNatio":"Russia","c_TeamNatioShort":"RUS","d_BirthDate":"\/Date(621900000000+0200)\/","n_FunctionType":8,"c_Function":"Forward","c_FunctionShort":"F","n_FunctionCode":8,"n_ShirtNr":23,"n_Matches":6,"n_MatchesStart":5,"n_MinutesPlayed":433,"n_Goals":1,"n_Assists":0},{"c_Rank":"119","n_PersonID":424848,"c_Person":"Wesley Sneijder","c_PersonSort":"Sneijder, Wesley","c_PersonShort":"Sneijder","n_PersonNatioGeoID":2201,"c_PersonNatio":"Netherlands","c_PersonNatioShort":"NED","n_TeamID":4054,"c_Team":"Galatasaray","c_TeamShort":"GAL","n_TeamNatioGeoID":2786,"c_TeamNatio":"Turkey","c_TeamNatioShort":"TUR","d_BirthDate":"\/Date(455580000000+0200)\/","n_FunctionType":4,"c_Function":"Midfielder","c_FunctionShort":"M","n_FunctionCode":4,"n_ShirtNr":10,"n_Matches":6,"n_MatchesStart":6,"n_MinutesPlayed":540,"n_Goals":1,"n_Assists":1},{"c_Rank":"119","n_PersonID":695734,"c_Person":"Taras Stepanenko","c_PersonSort":"Stepanenko, Taras","c_PersonShort":"Stepanenko","n_PersonNatioGeoID":2232,"c_PersonNatio":"Ukraine","c_PersonNatioShort":"UKR","n_TeamID":4291,"c_Team":"Shakhtar Donetsk","c_TeamShort":"SHA","n_TeamNatioGeoID":2232,"c_TeamNatio":"Ukraine","c_TeamNatioShort":"UKR","d_BirthDate":"\/Date(618530400000+0200)\/","n_FunctionType":4,"c_Function":"Midfielder","c_FunctionShort":"M","n_FunctionCode":4,"n_ShirtNr":6,"n_Matches":6,"n_MatchesStart":6,"n_MinutesPlayed":536,"n_Goals":1,"n_Assists":0},{"c_Rank":"119","n_PersonID":591729,"c_Person":"Marek Suchý","c_PersonSort":"Suchý, Marek","c_PersonShort":"Suchý","n_PersonNatioGeoID":2240,"c_PersonNatio":"Czech Republic","c_PersonNatioShort":"CZE","n_TeamID":4015,"c_Team":"FC Basel","c_TeamShort":"BAS","n_TeamNatioGeoID":2213,"c_TeamNatio":"Switzerland","c_TeamNatioShort":"SUI","d_BirthDate":"\/Date(575589600000+0200)\/","n_FunctionType":2,"c_Function":"Defender","c_FunctionShort":"D","n_FunctionCode":2,"n_ShirtNr":17,"n_Matches":6,"n_MatchesStart":6,"n_MinutesPlayed":540,"n_Goals":1,"n_Assists":0},{"c_Rank":"119","n_PersonID":696737,"c_Person":"Markel Susaeta","c_PersonSort":"Susaeta, Markel","c_PersonShort":"Susaeta","n_PersonNatioGeoID":2203,"c_PersonNatio":"Spain","c_PersonNatioShort":"ESP","n_TeamID":4011,"c_Team":"Athletic Club","c_TeamShort":"ATH","n_TeamNatioGeoID":2203,"c_TeamNatio":"Spain","c_TeamNatioShort":"ESP","d_BirthDate":"\/Date(566434800000+0100)\/","n_FunctionType":4,"c_Function":"Midfielder","c_FunctionShort":"M","n_FunctionCode":4,"n_ShirtNr":14,"n_Matches":6,"n_MatchesStart":4,"n_MinutesPlayed":362,"n_Goals":1,"n_Assists":1},{"c_Rank":"119","n_PersonID":586596,"c_Person":"Arda Turan","c_PersonSort":"Turan, Arda","c_PersonShort":"Turan","n_PersonNatioGeoID":2786,"c_PersonNatio":"Turkey","c_PersonNatioShort":"TUR","n_TeamID":4012,"c_Team":"Atlético Madrid","c_TeamShort":"ATL","n_TeamNatioGeoID":2203,"c_TeamNatio":"Spain","c_TeamNatioShort":"ESP","d_BirthDate":"\/Date(538959600000+0100)\/","n_FunctionType":4,"c_Function":"Midfielder","c_FunctionShort":"M","n_FunctionCode":4,"n_ShirtNr":10,"n_Matches":6,"n_MatchesStart":6,"n_MinutesPlayed":479,"n_Goals":1,"n_Assists":2}]