﻿[{"n_ActionID":12291870,"n_ActionCode":4,"n_ActionCode2":0,"n_ActionCode3":67239937,"n_ActionSet":1,"n_ActionSort":1,"c_Action":"Doelpunt","c_ActionShort":"D","n_PeriodSort":4,"c_Period":"Tweede helft","c_PeriodShort":"2H","n_ActionTime":4663000,"n_HomeGoals":1,"n_AwayGoals":0,"n_HomeOrAway":1,"n_TeamID":7,"c_Team":"sc Heerenveen","c_TeamShort":"HEE","n_PersonID":1195094,"c_Person":"Daley Sinkgraven","c_PersonSort":"Sinkgraven, Daley","c_PersonShort":"Sinkgraven","n_PersonNatioGeoID":2201,"c_PersonNatio":"Nederland","c_PersonNatioShort":"NED","n_TeamNatioGeoID":2201,"c_TeamNatio":"Nederland","c_TeamNatioShort":"NED","n_ActionReasonID":37,"c_ActionReason":"Assist","c_ActionInfo":"Linkervoet","n_SubPersonID":1009797,"c_SubPerson":"Luciano Slagveer","c_SubPersonShort":"Slagveer","c_ActionMinute":"78'"}]