﻿[{"n_CompetitionID":2,"n_CompetitionLevel":1,"c_Competition":"Eredivisie","c_CompetitionShort":"Ere","n_CompetitionNatioGeoID":2201,"c_CompetitionNatio":"Nederland","c_CompetitionNatioShort":"NED","n_EditionID":21399,"c_Season":"2014\/2015","n_MatchID":1880894,"d_Date":"\/Date(1416742200000+0100)\/","d_DateLocal":"\/Date(1416742200000+0100)\/","d_DateUTC":"\/Date(1416738600000+0100)\/","b_DateUnknown":false,"b_TimeUnknown":false,"b_RescheduledToBeResumed":false,"n_RoundNr":13,"n_PhaseID":109277,"n_PhaseLevel":1,"c_Phase":"Regulier","c_PhaseShort":null,"n_HomeTeamID":6,"c_HomeTeam":"FC Groningen","c_HomeTeamShort":"GRO","n_HomeTeamNatioGeoID":2201,"c_HomeTeamNatio":"Nederland","c_HomeTeamNatioShort":"NED","n_AwayTeamID":11,"c_AwayTeam":"PSV","c_AwayTeamShort":"PSV","n_AwayTeamNatioGeoID":2201,"c_AwayTeamNatio":"Nederland","c_AwayTeamNatioShort":"NED","n_StadiumGeoID":37094,"c_Stadium":"Euroborg","n_CityGeoID":4569,"c_City":"Groningen","n_CountryGeoID":2201,"c_Country":"Nederland","c_CountryShort":"NED","c_Score":"1-1 (0-0) ","c_ScoreSuffix":null,"c_HomeTactics":"4-4-2","c_AwayTactics":"4-3-3","n_HomeGoals":1,"n_AwayGoals":1,"n_HomeGoalsHalftime":0,"n_AwayGoalsHalftime":0,"n_HomeGoals90mins":null,"n_AwayGoals90mins":null,"n_HomeGoals105mins":null,"n_AwayGoals105mins":null,"n_HomeGoalsShootout":null,"n_AwayGoalsShootout":null,"n_PeriodSort":11,"d_MatchStartTime":"\/Date(1416742359330+0100)\/","d_MatchEndTime":"\/Date(1416748981217+0100)\/","d_CurrentPeriodStartTime":null,"n_CurrentPeriodTimeNotPlayed":null,"n_CurrentPeriodTimePlayed":null,"n_MatchStatusCode":128,"c_MatchStatus":"Einde wedstrijd","c_MatchStatusShort":"EW","b_Started":true,"b_Live":false,"b_Finished":true,"b_Awarded":false,"b_Delayed":false,"b_Postponed":false,"b_Suspended":false,"b_Abandoned":false,"n_RefereeID":629144,"c_Referee":"Serdar Gözübüyük","n_RefereeNatioGeoID":2201,"c_RefereeNatio":"Nederland","c_RefereeNatioShort":"NED","n_Spectators":20690,"n_KnockoutPhaseID":null,"n_Leg":null,"c_ScoreFirstLeg":null,"n_WinnerOnAggregateTeamID":null,"b_DataEntryLiveScore":true,"b_DataEntryLiveGoal":true,"b_DataEntryLiveLineup":true,"b_LineupProvisional":false,"b_LineupOfficial":true,"b_TacticsPositions":true,"n_WeatherConditionType":3}]