﻿[{"n_ActionID":12683709,"n_ActionCode":2048,"n_ActionCode2":0,"n_ActionCode3":0,"n_ActionSet":3,"n_ActionSort":1,"c_Action":"Yellow","c_ActionShort":"Y","n_PeriodSort":2,"c_Period":"First half","c_PeriodShort":"1H","n_ActionTime":1477000,"n_HomeGoals":1,"n_AwayGoals":0,"n_HomeOrAway":-1,"n_TeamID":15,"c_Team":"FC Twente","c_TeamShort":"TWE","n_PersonID":662989,"c_Person":"Andreas Bjelland","c_PersonSort":"Bjelland, Andreas","c_PersonShort":"Bjelland","n_PersonNatioGeoID":2220,"c_PersonNatio":"Denmark","c_PersonNatioShort":"DEN","n_TeamNatioGeoID":2201,"c_TeamNatio":"Netherlands","c_TeamNatioShort":"NED","n_ActionReasonID":49,"c_ActionReason":"Tackle","c_ActionInfo":null,"n_SubPersonID":null,"c_SubPerson":null,"c_SubPersonShort":null,"c_ActionMinute":"25'"},{"n_ActionID":12683845,"n_ActionCode":2048,"n_ActionCode2":0,"n_ActionCode3":0,"n_ActionSet":3,"n_ActionSort":2,"c_Action":"Yellow","c_ActionShort":"Y","n_PeriodSort":2,"c_Period":"First half","c_PeriodShort":"1H","n_ActionTime":2115000,"n_HomeGoals":1,"n_AwayGoals":0,"n_HomeOrAway":-1,"n_TeamID":15,"c_Team":"FC Twente","c_TeamShort":"TWE","n_PersonID":745474,"c_Person":"Cuco Martina","c_PersonSort":"Martina, Cuco","c_PersonShort":"Martina","n_PersonNatioGeoID":4330,"c_PersonNatio":"Curaçao","c_PersonNatioShort":"CUR","n_TeamNatioGeoID":2201,"c_TeamNatio":"Netherlands","c_TeamNatioShort":"NED","n_ActionReasonID":49,"c_ActionReason":"Tackle","c_ActionInfo":null,"n_SubPersonID":null,"c_SubPerson":null,"c_SubPersonShort":null,"c_ActionMinute":"36'"},{"n_ActionID":12683889,"n_ActionCode":2048,"n_ActionCode2":0,"n_ActionCode3":0,"n_ActionSet":3,"n_ActionSort":3,"c_Action":"Yellow","c_ActionShort":"Y","n_PeriodSort":2,"c_Period":"First half","c_PeriodShort":"1H","n_ActionTime":2263000,"n_HomeGoals":1,"n_AwayGoals":0,"n_HomeOrAway":1,"n_TeamID":11,"c_Team":"PSV","c_TeamShort":"PSV","n_PersonID":868287,"c_Person":"Adam Maher","c_PersonSort":"Maher, Adam","c_PersonShort":"Maher","n_PersonNatioGeoID":2201,"c_PersonNatio":"Netherlands","c_PersonNatioShort":"NED","n_TeamNatioGeoID":2201,"c_TeamNatio":"Netherlands","c_TeamNatioShort":"NED","n_ActionReasonID":52,"c_ActionReason":"Rough play","c_ActionInfo":null,"n_SubPersonID":null,"c_SubPerson":null,"c_SubPersonShort":null,"c_ActionMinute":"38'"},{"n_ActionID":12684712,"n_ActionCode":2048,"n_ActionCode2":0,"n_ActionCode3":0,"n_ActionSet":3,"n_ActionSort":4,"c_Action":"Yellow","c_ActionShort":"Y","n_PeriodSort":4,"c_Period":"Second half","c_PeriodShort":"2H","n_ActionTime":4413000,"n_HomeGoals":2,"n_AwayGoals":0,"n_HomeOrAway":-1,"n_TeamID":15,"c_Team":"FC Twente","c_TeamShort":"TWE","n_PersonID":1079667,"c_Person":"Hakim Ziyech","c_PersonSort":"Ziyech, Hakim","c_PersonShort":"Ziyech","n_PersonNatioGeoID":2201,"c_PersonNatio":"Netherlands","c_PersonNatioShort":"NED","n_TeamNatioGeoID":2201,"c_TeamNatio":"Netherlands","c_TeamNatioShort":"NED","n_ActionReasonID":53,"c_ActionReason":"Holding","c_ActionInfo":null,"n_SubPersonID":null,"c_SubPerson":null,"c_SubPersonShort":null,"c_ActionMinute":"74'"}]