﻿[{"n_ActionID":12408631,"n_ActionCode":0,"n_ActionCode2":1024,"n_ActionCode3":0,"n_ActionSet":16,"n_ActionSort":1,"c_Action":"Aftrap","c_ActionShort":"Begin","n_PeriodSort":2,"c_Period":"Eerste helft","c_PeriodShort":"1H","n_ActionTime":0,"n_HomeGoals":0,"n_AwayGoals":0,"n_HomeOrAway":0,"n_TeamID":0,"c_Team":"","c_TeamShort":"","n_PersonID":0,"c_Person":"","c_PersonSort":"","c_PersonShort":"","n_PersonNatioGeoID":0,"c_PersonNatio":null,"c_PersonNatioShort":null,"n_TeamNatioGeoID":null,"c_TeamNatio":null,"c_TeamNatioShort":null,"n_ActionReasonID":0,"c_ActionReason":null,"c_ActionInfo":null,"n_SubPersonID":null,"c_SubPerson":"","c_SubPersonShort":"","c_ActionMinute":"0'"},{"n_ActionID":12408430,"n_ActionCode":16384,"n_ActionCode2":0,"n_ActionCode3":0,"n_ActionSet":5,"n_ActionSort":2,"c_Action":"Wissel","c_ActionShort":"Wis","n_PeriodSort":2,"c_Period":"Eerste helft","c_PeriodShort":"1H","n_ActionTime":1440000,"n_HomeGoals":null,"n_AwayGoals":null,"n_HomeOrAway":-1,"n_TeamID":4218,"c_Team":"Panathinaikos","c_TeamShort":"PAN","n_PersonID":857257,"c_Person":"Abdul Ajagun","c_PersonSort":"Ajagun, Abdul","c_PersonShort":"Ajagun","n_PersonNatioGeoID":4364,"c_PersonNatio":"Nigeria","c_PersonNatioShort":"NGR","n_TeamNatioGeoID":2774,"c_TeamNatio":"Griekenland","c_TeamNatioShort":"GRI","n_ActionReasonID":0,"c_ActionReason":null,"c_ActionInfo":null,"n_SubPersonID":1202148,"c_SubPerson":"Athanasios Dinas","c_SubPersonShort":"Dinas","c_ActionMinute":"24'"},{"n_ActionID":12408682,"n_ActionCode":4,"n_ActionCode2":0,"n_ActionCode3":0,"n_ActionSet":1,"n_ActionSort":3,"c_Action":"Doelpunt","c_ActionShort":"D","n_PeriodSort":2,"c_Period":"Eerste helft","c_PeriodShort":"1H","n_ActionTime":2580000,"n_HomeGoals":1,"n_AwayGoals":0,"n_HomeOrAway":1,"n_TeamID":11,"c_Team":"PSV","c_TeamShort":"PSV","n_PersonID":970679,"c_Person":"Memphis Depay","c_PersonSort":"Depay, Memphis","c_PersonShort":"Depay","n_PersonNatioGeoID":2201,"c_PersonNatio":"Nederland","c_PersonNatioShort":"NED","n_TeamNatioGeoID":2201,"c_TeamNatio":"Nederland","c_TeamNatioShort":"NED","n_ActionReasonID":0,"c_ActionReason":null,"c_ActionInfo":null,"n_SubPersonID":null,"c_SubPerson":"","c_SubPersonShort":"","c_ActionMinute":"43'"},{"n_ActionID":12408684,"n_ActionCode":2048,"n_ActionCode2":0,"n_ActionCode3":0,"n_ActionSet":3,"n_ActionSort":4,"c_Action":"Geel","c_ActionShort":"G","n_PeriodSort":2,"c_Period":"Eerste helft","c_PeriodShort":"1H","n_ActionTime":2640000,"n_HomeGoals":1,"n_AwayGoals":0,"n_HomeOrAway":1,"n_TeamID":11,"c_Team":"PSV","c_TeamShort":"PSV","n_PersonID":970679,"c_Person":"Memphis Depay","c_PersonSort":"Depay, Memphis","c_PersonShort":"Depay","n_PersonNatioGeoID":2201,"c_PersonNatio":"Nederland","c_PersonNatioShort":"NED","n_TeamNatioGeoID":2201,"c_TeamNatio":"Nederland","c_TeamNatioShort":"NED","n_ActionReasonID":0,"c_ActionReason":null,"c_ActionInfo":null,"n_SubPersonID":null,"c_SubPerson":"","c_SubPersonShort":"","c_ActionMinute":"44'"},{"n_ActionID":12408700,"n_ActionCode":0,"n_ActionCode2":2048,"n_ActionCode3":0,"n_ActionSet":16,"n_ActionSort":5,"c_Action":"Einde periode","c_ActionShort":"Einde","n_PeriodSort":2,"c_Period":"Eerste helft","c_PeriodShort":"1H","n_ActionTime":2830000,"n_HomeGoals":1,"n_AwayGoals":0,"n_HomeOrAway":0,"n_TeamID":0,"c_Team":"","c_TeamShort":"","n_PersonID":0,"c_Person":"","c_PersonSort":"","c_PersonShort":"","n_PersonNatioGeoID":0,"c_PersonNatio":null,"c_PersonNatioShort":null,"n_TeamNatioGeoID":null,"c_TeamNatio":null,"c_TeamNatioShort":null,"n_ActionReasonID":0,"c_ActionReason":null,"c_ActionInfo":null,"n_SubPersonID":null,"c_SubPerson":"","c_SubPersonShort":"","c_ActionMinute":"45'+3'"},{"n_ActionID":12408712,"n_ActionCode":0,"n_ActionCode2":1024,"n_ActionCode3":0,"n_ActionSet":16,"n_ActionSort":6,"c_Action":"Aftrap","c_ActionShort":"Begin","n_PeriodSort":4,"c_Period":"Tweede helft","c_PeriodShort":"2H","n_ActionTime":2700000,"n_HomeGoals":1,"n_AwayGoals":0,"n_HomeOrAway":0,"n_TeamID":0,"c_Team":"","c_TeamShort":"","n_PersonID":0,"c_Person":"","c_PersonSort":"","c_PersonShort":"","n_PersonNatioGeoID":0,"c_PersonNatio":null,"c_PersonNatioShort":null,"n_TeamNatioGeoID":null,"c_TeamNatio":null,"c_TeamNatioShort":null,"n_ActionReasonID":0,"c_ActionReason":null,"c_ActionInfo":null,"n_SubPersonID":null,"c_SubPerson":"","c_SubPersonShort":"","c_ActionMinute":"45'"},{"n_ActionID":12408719,"n_ActionCode":2048,"n_ActionCode2":0,"n_ActionCode3":0,"n_ActionSet":3,"n_ActionSort":7,"c_Action":"Geel","c_ActionShort":"G","n_PeriodSort":4,"c_Period":"Tweede helft","c_PeriodShort":"2H","n_ActionTime":3060000,"n_HomeGoals":1,"n_AwayGoals":0,"n_HomeOrAway":-1,"n_TeamID":4218,"c_Team":"Panathinaikos","c_TeamShort":"PAN","n_PersonID":1090640,"c_Person":"Ouasim Bouy","c_PersonSort":"Bouy, Ouasim","c_PersonShort":"Bouy","n_PersonNatioGeoID":2201,"c_PersonNatio":"Nederland","c_PersonNatioShort":"NED","n_TeamNatioGeoID":2774,"c_TeamNatio":"Griekenland","c_TeamNatioShort":"GRI","n_ActionReasonID":0,"c_ActionReason":null,"c_ActionInfo":null,"n_SubPersonID":null,"c_SubPerson":"","c_SubPersonShort":"","c_ActionMinute":"51'"},{"n_ActionID":12408432,"n_ActionCode":16384,"n_ActionCode2":0,"n_ActionCode3":0,"n_ActionSet":5,"n_ActionSort":8,"c_Action":"Wissel","c_ActionShort":"Wis","n_PeriodSort":4,"c_Period":"Tweede helft","c_PeriodShort":"2H","n_ActionTime":3600000,"n_HomeGoals":null,"n_AwayGoals":null,"n_HomeOrAway":-1,"n_TeamID":4218,"c_Team":"Panathinaikos","c_TeamShort":"PAN","n_PersonID":745897,"c_Person":"Nikos Karelis","c_PersonSort":"Karelis, Nikos","c_PersonShort":"Karelis","n_PersonNatioGeoID":2774,"c_PersonNatio":"Griekenland","c_PersonNatioShort":"GRI","n_TeamNatioGeoID":2774,"c_TeamNatio":"Griekenland","c_TeamNatioShort":"GRI","n_ActionReasonID":0,"c_ActionReason":null,"c_ActionInfo":null,"n_SubPersonID":557417,"c_SubPerson":"Danijel Pranjic","c_SubPersonShort":"Pranjic","c_ActionMinute":"60'"},{"n_ActionID":12408349,"n_ActionCode":16384,"n_ActionCode2":0,"n_ActionCode3":0,"n_ActionSet":5,"n_ActionSort":9,"c_Action":"Wissel","c_ActionShort":"Wis","n_PeriodSort":4,"c_Period":"Tweede helft","c_PeriodShort":"2H","n_ActionTime":4020000,"n_HomeGoals":null,"n_AwayGoals":null,"n_HomeOrAway":1,"n_TeamID":11,"c_Team":"PSV","c_TeamShort":"PSV","n_PersonID":877830,"c_Person":"Florian Jozefzoon","c_PersonSort":"Jozefzoon, Florian","c_PersonShort":"Jozefzoon","n_PersonNatioGeoID":2201,"c_PersonNatio":"Nederland","c_PersonNatioShort":"NED","n_TeamNatioGeoID":2201,"c_TeamNatio":"Nederland","c_TeamNatioShort":"NED","n_ActionReasonID":0,"c_ActionReason":null,"c_ActionInfo":null,"n_SubPersonID":970679,"c_SubPerson":"Memphis Depay","c_SubPersonShort":"Depay","c_ActionMinute":"67'"},{"n_ActionID":12408741,"n_ActionCode":2048,"n_ActionCode2":0,"n_ActionCode3":0,"n_ActionSet":3,"n_ActionSort":10,"c_Action":"Geel","c_ActionShort":"G","n_PeriodSort":4,"c_Period":"Tweede helft","c_PeriodShort":"2H","n_ActionTime":4200000,"n_HomeGoals":1,"n_AwayGoals":0,"n_HomeOrAway":1,"n_TeamID":11,"c_Team":"PSV","c_TeamShort":"PSV","n_PersonID":802770,"c_Person":"Jeffrey Bruma","c_PersonSort":"Bruma, Jeffrey","c_PersonShort":"Bruma","n_PersonNatioGeoID":2201,"c_PersonNatio":"Nederland","c_PersonNatioShort":"NED","n_TeamNatioGeoID":2201,"c_TeamNatio":"Nederland","c_TeamNatioShort":"NED","n_ActionReasonID":0,"c_ActionReason":null,"c_ActionInfo":null,"n_SubPersonID":null,"c_SubPerson":"","c_SubPersonShort":"","c_ActionMinute":"70'"},{"n_ActionID":12408354,"n_ActionCode":16384,"n_ActionCode2":0,"n_ActionCode3":0,"n_ActionSet":5,"n_ActionSort":11,"c_Action":"Wissel","c_ActionShort":"Wis","n_PeriodSort":4,"c_Period":"Tweede helft","c_PeriodShort":"2H","n_ActionTime":4500000,"n_HomeGoals":null,"n_AwayGoals":null,"n_HomeOrAway":1,"n_TeamID":11,"c_Team":"PSV","c_TeamShort":"PSV","n_PersonID":801376,"c_Person":"Marcel Ritzmaier","c_PersonSort":"Ritzmaier, Marcel","c_PersonShort":"Ritzmaier","n_PersonNatioGeoID":2219,"c_PersonNatio":"Oostenrijk","c_PersonNatioShort":"OOS","n_TeamNatioGeoID":2201,"c_TeamNatio":"Nederland","c_TeamNatioShort":"NED","n_ActionReasonID":0,"c_ActionReason":null,"c_ActionInfo":null,"n_SubPersonID":753369,"c_SubPerson":"Luciano Narsingh","c_SubPersonShort":"Narsingh","c_ActionMinute":"75'"},{"n_ActionID":12408434,"n_ActionCode":16384,"n_ActionCode2":0,"n_ActionCode3":0,"n_ActionSet":5,"n_ActionSort":12,"c_Action":"Wissel","c_ActionShort":"Wis","n_PeriodSort":4,"c_Period":"Tweede helft","c_PeriodShort":"2H","n_ActionTime":4500000,"n_HomeGoals":null,"n_AwayGoals":null,"n_HomeOrAway":-1,"n_TeamID":4218,"c_Team":"Panathinaikos","c_TeamShort":"PAN","n_PersonID":118820,"c_Person":"Mladen Petric","c_PersonSort":"Petric, Mladen","c_PersonShort":"Petric","n_PersonNatioGeoID":4354,"c_PersonNatio":"Kroatië","c_PersonNatioShort":"KRO","n_TeamNatioGeoID":2774,"c_TeamNatio":"Griekenland","c_TeamNatioShort":"GRI","n_ActionReasonID":0,"c_ActionReason":null,"c_ActionInfo":null,"n_SubPersonID":961795,"c_SubPerson":"Viktor Klonaridis","c_SubPersonShort":"Klonaridis","c_ActionMinute":"75'"},{"n_ActionID":12408769,"n_ActionCode":4,"n_ActionCode2":0,"n_ActionCode3":0,"n_ActionSet":1,"n_ActionSort":13,"c_Action":"Doelpunt","c_ActionShort":"D","n_PeriodSort":4,"c_Period":"Tweede helft","c_PeriodShort":"2H","n_ActionTime":5220000,"n_HomeGoals":1,"n_AwayGoals":1,"n_HomeOrAway":-1,"n_TeamID":4218,"c_Team":"Panathinaikos","c_TeamShort":"PAN","n_PersonID":745897,"c_Person":"Nikos Karelis","c_PersonSort":"Karelis, Nikos","c_PersonShort":"Karelis","n_PersonNatioGeoID":2774,"c_PersonNatio":"Griekenland","c_PersonNatioShort":"GRI","n_TeamNatioGeoID":2774,"c_TeamNatio":"Griekenland","c_TeamNatioShort":"GRI","n_ActionReasonID":0,"c_ActionReason":null,"c_ActionInfo":null,"n_SubPersonID":null,"c_SubPerson":"","c_SubPersonShort":"","c_ActionMinute":"87'"},{"n_ActionID":12408772,"n_ActionCode":4096,"n_ActionCode2":0,"n_ActionCode3":0,"n_ActionSet":3,"n_ActionSort":14,"c_Action":"Rood (2x geel)","c_ActionShort":"R2G","n_PeriodSort":4,"c_Period":"Tweede helft","c_PeriodShort":"2H","n_ActionTime":5340000,"n_HomeGoals":1,"n_AwayGoals":1,"n_HomeOrAway":1,"n_TeamID":11,"c_Team":"PSV","c_TeamShort":"PSV","n_PersonID":802770,"c_Person":"Jeffrey Bruma","c_PersonSort":"Bruma, Jeffrey","c_PersonShort":"Bruma","n_PersonNatioGeoID":2201,"c_PersonNatio":"Nederland","c_PersonNatioShort":"NED","n_TeamNatioGeoID":2201,"c_TeamNatio":"Nederland","c_TeamNatioShort":"NED","n_ActionReasonID":0,"c_ActionReason":null,"c_ActionInfo":null,"n_SubPersonID":null,"c_SubPerson":"","c_SubPersonShort":"","c_ActionMinute":"89'"},{"n_ActionID":12408346,"n_ActionCode":16384,"n_ActionCode2":0,"n_ActionCode3":0,"n_ActionSet":5,"n_ActionSort":15,"c_Action":"Wissel","c_ActionShort":"Wis","n_PeriodSort":4,"c_Period":"Tweede helft","c_PeriodShort":"2H","n_ActionTime":5400000,"n_HomeGoals":null,"n_AwayGoals":null,"n_HomeOrAway":1,"n_TeamID":11,"c_Team":"PSV","c_TeamShort":"PSV","n_PersonID":850175,"c_Person":"Nicolas Isimat Mirin","c_PersonSort":"Isimat Mirin, Nicolas","c_PersonShort":"Isimat Mirin","n_PersonNatioGeoID":2202,"c_PersonNatio":"Frankrijk","c_PersonNatioShort":"FRA","n_TeamNatioGeoID":2201,"c_TeamNatio":"Nederland","c_TeamNatioShort":"NED","n_ActionReasonID":0,"c_ActionReason":null,"c_ActionInfo":null,"n_SubPersonID":1115087,"c_SubPerson":"Jorrit Hendrix","c_SubPersonShort":"Hendrix","c_ActionMinute":"90'"},{"n_ActionID":12408781,"n_ActionCode":2048,"n_ActionCode2":0,"n_ActionCode3":0,"n_ActionSet":3,"n_ActionSort":16,"c_Action":"Geel","c_ActionShort":"G","n_PeriodSort":4,"c_Period":"Tweede helft","c_PeriodShort":"2H","n_ActionTime":5520000,"n_HomeGoals":1,"n_AwayGoals":1,"n_HomeOrAway":-1,"n_TeamID":4218,"c_Team":"Panathinaikos","c_TeamShort":"PAN","n_PersonID":857257,"c_Person":"Abdul Ajagun","c_PersonSort":"Ajagun, Abdul","c_PersonShort":"Ajagun","n_PersonNatioGeoID":4364,"c_PersonNatio":"Nigeria","c_PersonNatioShort":"NGR","n_TeamNatioGeoID":2774,"c_TeamNatio":"Griekenland","c_TeamNatioShort":"GRI","n_ActionReasonID":0,"c_ActionReason":null,"c_ActionInfo":null,"n_SubPersonID":null,"c_SubPerson":"","c_SubPersonShort":"","c_ActionMinute":"90'+2'"},{"n_ActionID":12408786,"n_ActionCode":0,"n_ActionCode2":2048,"n_ActionCode3":0,"n_ActionSet":16,"n_ActionSort":17,"c_Action":"Einde periode","c_ActionShort":"Einde","n_PeriodSort":4,"c_Period":"Tweede helft","c_PeriodShort":"2H","n_ActionTime":5587000,"n_HomeGoals":1,"n_AwayGoals":1,"n_HomeOrAway":0,"n_TeamID":0,"c_Team":"","c_TeamShort":"","n_PersonID":0,"c_Person":"","c_PersonSort":"","c_PersonShort":"","n_PersonNatioGeoID":0,"c_PersonNatio":null,"c_PersonNatioShort":null,"n_TeamNatioGeoID":null,"c_TeamNatio":null,"c_TeamNatioShort":null,"n_ActionReasonID":0,"c_ActionReason":null,"c_ActionInfo":null,"n_SubPersonID":null,"c_SubPerson":"","c_SubPersonShort":"","c_ActionMinute":"90'+4'"}]